标准关系编号,头标准实体编号,头实体标准名,头实体类型,关系类型,尾标准实体编号,尾实体标准名,尾实体类型,证据句,来源文档,来源页码,置信度,出现次数,抽取方法,复核状态,原始关系编号
SR0001,SE0440,ACADO,项目/机构,包括,SE0478,总体设计,专业概念,ACADO 总体设计平台是基于matlab 二次开发而来，包括参数拟定、分析综,D4_单-双折叠翼变体飞行器总体设计研究_郭廷宇,34,0.83,1,规则抽取+标准实体映射+重复三元组去重,已规范化,R0353
SR0002,SE0040,Z型折叠翼,变形方式,包括,SE0041,伸缩翼,变形方式,的对象包括Z 型折叠翼 ，充气式伸缩翼 ，桁架伸缩翼 ，硬壳式伸缩翼,D4_单-双折叠翼变体飞行器总体设计研究_郭廷宇,47,0.86,1,规则抽取+标准实体映射+重复三元组去重,已规范化,R0180
SR0003,SE0115,上机翼,结构部件,包括,SE0116,下机翼,结构部件,数包括：上翼的弦长和翼型、下翼的弦长和翼型、上翼相对于下翼的安装角、,D4_单-双折叠翼变体飞行器总体设计研究_郭廷宇,53,0.86,2,规则抽取+标准实体映射+重复三元组去重,已规范化,R0187；R0223
SR0004,SE0115,上机翼,结构部件,包括,SE0093,双翼,气动布局,1.4m，重新组成了167 组上翼弦长大于下翼弦长的双翼，进一步开展了数值,D4_单-双折叠翼变体飞行器总体设计研究_郭廷宇,63,0.86,1,规则抽取+标准实体映射+重复三元组去重,已规范化,R0114
SR0005,SE0115,上机翼,结构部件,包括,SE0171,翼型,结构部件,数包括：上翼的弦长和翼型、下翼的弦长和翼型、上翼相对于下翼的安装角、,D4_单-双折叠翼变体飞行器总体设计研究_郭廷宇,53,0.86,1,规则抽取+标准实体映射+重复三元组去重,已规范化,R0186
SR0006,SE0116,下机翼,结构部件,包括,SE0093,双翼,气动布局,1.4m，重新组成了167 组上翼弦长大于下翼弦长的双翼，进一步开展了数值,D4_单-双折叠翼变体飞行器总体设计研究_郭廷宇,63,0.86,1,规则抽取+标准实体映射+重复三元组去重,已规范化,R0113
SR0007,SE0116,下机翼,结构部件,包括,SE0163,活动机翼,结构部件,3.1 所示。其机翼分为两部分：固定机翼(内、下机翼)和活动机翼(外、上机,D4_单-双折叠翼变体飞行器总体设计研究_郭廷宇,42,0.86,1,规则抽取+标准实体映射+重复三元组去重,已规范化,R0110
SR0008,SE0359,亚声速,任务场景,包括,SE0327,诱导阻力,性能指标,对于亚声速飞行器来说，零升阻力和诱导阻力是飞机总阻力的两个主要组成,D4_单-双折叠翼变体飞行器总体设计研究_郭廷宇,19,0.86,1,规则抽取+标准实体映射+重复三元组去重,已规范化,R0249
SR0009,SE0359,亚声速,任务场景,包括,SE0337,阻力,性能指标,对于亚声速飞行器来说，零升阻力和诱导阻力是飞机总阻力的两个主要组成,D4_单-双折叠翼变体飞行器总体设计研究_郭廷宇,19,0.83,1,规则抽取+标准实体映射+重复三元组去重,已规范化,R0477
SR0010,SE0359,亚声速,任务场景,包括,SE0340,零升阻力,性能指标,对于亚声速飞行器来说，零升阻力和诱导阻力是飞机总阻力的两个主要组成,D4_单-双折叠翼变体飞行器总体设计研究_郭廷宇,19,0.86,1,规则抽取+标准实体映射+重复三元组去重,已规范化,R0248
SR0011,SE0409,六面体网格,研究方法,包括,SE0428,背景网格,研究方法,CFD 计算中使用的网格为结构化的六面体网格，包括背景网格和嵌套网,D4_单-双折叠翼变体飞行器总体设计研究_郭廷宇,81,0.86,1,规则抽取+标准实体映射+重复三元组去重,已规范化,R0265
SR0012,SE0386,关键技术难点,设计问题,包括,SE0475,多学科耦合设计,专业概念,估、气动布局方案优化、多学科耦合设计等方面的关键技术难点，重点对变体飞行器动态气动力计算方法和气动优化设,D6_变体飞行器变形方式及气动布局设计关键技术研究进展,1,0.92,1,规则抽取+标准实体映射+重复三元组去重,高置信通过,R0034
SR0013,SE0386,关键技术难点,设计问题,包括,SE0279,时变空气动力学效应,性能指标,系对变构飞行器气动布局设计的关键技术难点进行,D1_空天变构飞行技术研究现状与未来发展研判_刘思佳,1,0.92,1,规则抽取+标准实体映射+重复三元组去重,高置信通过,R0033
SR0014,SE0122,前缘,结构部件,包括,SE0127,后缘,结构部件,的变形，包括前缘变弯度、可变后缘、变厚度等变,D6_变体飞行器变形方式及气动布局设计关键技术研究进展,9,0.83,1,规则抽取+标准实体映射+重复三元组去重,已规范化,R0560
SR0015,SE0254,升力,性能指标,包括,SE0337,阻力,性能指标,化特性开展研究，研究内容包括变体过程中升力、阻力的变化情况，变体过程中,D4_单-双折叠翼变体飞行器总体设计研究_郭廷宇,52,0.83,1,规则抽取+标准实体映射+重复三元组去重,已规范化,R0419
SR0016,SE0256,升阻比,性能指标,包括,SE0093,双翼,气动布局,活动机翼组成大展弦比单翼布局，此时飞机具有较好的巡航升阻比。在从双翼构,D4_单-双折叠翼变体飞行器总体设计研究_郭廷宇,42,0.83,1,规则抽取+标准实体映射+重复三元组去重,已规范化,R0394
SR0017,SE0046,单-双折叠翼,变形方式,包括,SE0188,变体机构,机构/执行系统,单-双折叠翼变体所带来的代价可以分为三个部分：变体机构等增加了飞,D4_单-双折叠翼变体飞行器总体设计研究_郭廷宇,133,0.86,1,规则抽取+标准实体映射+重复三元组去重,已规范化,R0291
SR0018,SE0046,单-双折叠翼,变形方式,包括,SE0051,变体过程,变形方式,图 5.3 将单-双折叠翼变体过程中的自由度分为三部分分别控制,D4_单-双折叠翼变体飞行器总体设计研究_郭廷宇,100,0.86,1,规则抽取+标准实体映射+重复三元组去重,已规范化,R0303
SR0019,SE0046,单-双折叠翼,变形方式,包括,SE0165,结构增重,结构部件,单-双折叠翼变体的直接结构增重可以分为四部分，其一是连杆和铰链的,D4_单-双折叠翼变体飞行器总体设计研究_郭廷宇,133,0.86,1,规则抽取+标准实体映射+重复三元组去重,已规范化,R0292
SR0020,SE0012,单-双折叠翼变体飞行器,飞行器对象,包括,SE0124,副翼,结构部件,到完整的单-双折叠翼变体飞行器模型比较复杂，包含副翼、连杆等较多结,D4_单-双折叠翼变体飞行器总体设计研究_郭廷宇,80,0.86,1,规则抽取+标准实体映射+重复三元组去重,已规范化,R0264
SR0021,SE0012,单-双折叠翼变体飞行器,飞行器对象,包括,SE0129,固定机翼,结构部件,在单-双折叠翼变体飞行器中，每侧的固定机翼与活动机翼之间的连杆并不局,D4_单-双折叠翼变体飞行器总体设计研究_郭廷宇,45,0.92,1,规则抽取+标准实体映射+重复三元组去重,高置信通过,R0038
SR0022,SE0012,单-双折叠翼变体飞行器,飞行器对象,包括,SE0163,活动机翼,结构部件,在单-双折叠翼变体飞行器中，每侧的固定机翼与活动机翼之间的连杆并不局,D4_单-双折叠翼变体飞行器总体设计研究_郭廷宇,45,0.92,1,规则抽取+标准实体映射+重复三元组去重,高置信通过,R0039
SR0023,SE0125,单块式机翼,结构部件,包括,SE0135,多腹板式机翼,结构部件,固定翼飞机的机翼结构一般包括梁式机翼、单块式机翼、多腹板式机翼等,D4_单-双折叠翼变体飞行器总体设计研究_郭廷宇,117,0.86,1,规则抽取+标准实体映射+重复三元组去重,已规范化,R0283
SR0024,SE0088,单翼,气动布局,包括,SE0256,升阻比,性能指标,活动机翼组成大展弦比单翼布局，此时飞机具有较好的巡航升阻比。在从双翼构,D4_单-双折叠翼变体飞行器总体设计研究_郭廷宇,42,0.83,1,规则抽取+标准实体映射+重复三元组去重,已规范化,R0396
SR0025,SE0088,单翼,气动布局,包括,SE0093,双翼,气动布局,活动机翼组成大展弦比单翼布局，此时飞机具有较好的巡航升阻比。在从双翼构,D4_单-双折叠翼变体飞行器总体设计研究_郭廷宇,42,0.86,1,规则抽取+标准实体映射+重复三元组去重,已规范化,R0153
SR0026,SE0093,双翼,气动布局,包括,SE0254,升力,性能指标,图 4.38 包含连杆构型双翼与不含连杆构型双翼的升力和阻力比较,D4_单-双折叠翼变体飞行器总体设计研究_郭廷宇,79,0.83,1,规则抽取+标准实体映射+重复三元组去重,已规范化,R0518
SR0027,SE0093,双翼,气动布局,包括,SE0321,翼展,专业概念,状态下，固定机翼与活动机翼组成双翼式布局，此时飞机具有较小的翼展、对起,D4_单-双折叠翼变体飞行器总体设计研究_郭廷宇,42,0.83,1,规则抽取+标准实体映射+重复三元组去重,已规范化,R0391
SR0028,SE0093,双翼,气动布局,包括,SE0337,阻力,性能指标,图 4.38 包含连杆构型双翼与不含连杆构型双翼的升力和阻力比较,D4_单-双折叠翼变体飞行器总体设计研究_郭廷宇,79,0.83,1,规则抽取+标准实体映射+重复三元组去重,已规范化,R0519
SR0029,SE0094,双翼布局,气动布局,包括,SE0299,气动性能,性能指标,翼布局的空气动力学特性研究，研究内容包括双翼布局的二维弦向气动特性和三,D4_单-双折叠翼变体飞行器总体设计研究_郭廷宇,52,0.83,1,规则抽取+标准实体映射+重复三元组去重,已规范化,R0412
SR0030,SE0095,双翼构型,气动布局,包括,SE0115,上机翼,结构部件,另一方面，当飞机处于双翼构型时，上机翼、下机翼和连杆组成了稳定的类似,D4_单-双折叠翼变体飞行器总体设计研究_郭廷宇,121,0.86,1,规则抽取+标准实体映射+重复三元组去重,已规范化,R0224
SR0031,SE0095,双翼构型,气动布局,包括,SE0116,下机翼,结构部件,另一方面，当飞机处于双翼构型时，上机翼、下机翼和连杆组成了稳定的类似,D4_单-双折叠翼变体飞行器总体设计研究_郭廷宇,121,0.86,1,规则抽取+标准实体映射+重复三元组去重,已规范化,R0225
SR0032,SE0095,双翼构型,气动布局,包括,SE0254,升力,性能指标,从计算结果可看出，包含连杆的双翼构型，其升力相较于不包含连杆的构,D4_单-双折叠翼变体飞行器总体设计研究_郭廷宇,80,0.83,1,规则抽取+标准实体映射+重复三元组去重,已规范化,R0520
SR0033,SE0049,变体技术,变形方式,包括,SE0063,多维度柔性变形,变形方式,展弦比飞行器也存在着对起降跑道要求高、抗风能力差的缺陷。变展长变体技术,D4_单-双折叠翼变体飞行器总体设计研究_郭廷宇,5,0.92,1,规则抽取+标准实体映射+重复三元组去重,高置信通过,R0004
SR0034,SE0049,变体技术,变形方式,包括,SE0080,简单机械变形,变形方式,展弦比飞行器也存在着对起降跑道要求高、抗风能力差的缺陷。变展长变体技术,D4_单-双折叠翼变体飞行器总体设计研究_郭廷宇,5,0.92,1,规则抽取+标准实体映射+重复三元组去重,高置信通过,R0003
SR0035,SE0188,变体机构,机构/执行系统,包括,SE0012,单-双折叠翼变体飞行器,飞行器对象,变体机构和包含变体机构的飞机结构设计，是单-双折叠翼变体飞行器设,D4_单-双折叠翼变体飞行器总体设计研究_郭廷宇,105,0.86,1,规则抽取+标准实体映射+重复三元组去重,已规范化,R0277
SR0036,SE0188,变体机构,机构/执行系统,包括,SE0304,气动设计,性能指标,包含变体机构的飞机结构设计，也同样与飞机的总体方案设计、气动设计、飞,D4_单-双折叠翼变体飞行器总体设计研究_郭廷宇,105,0.86,1,规则抽取+标准实体映射+重复三元组去重,已规范化,R0217
SR0037,SE0188,变体机构,机构/执行系统,包括,SE0168,结构设计,结构部件,变体机构和包含变体机构的飞机结构设计，是单-双折叠翼变体飞行器设,D4_单-双折叠翼变体飞行器总体设计研究_郭廷宇,105,0.83,1,规则抽取+标准实体映射+重复三元组去重,已规范化,R0522
SR0038,SE0051,变体过程,变形方式,包括,SE0254,升力,性能指标,化特性开展研究，研究内容包括变体过程中升力、阻力的变化情况，变体过程中,D4_单-双折叠翼变体飞行器总体设计研究_郭廷宇,52,0.83,1,规则抽取+标准实体映射+重复三元组去重,已规范化,R0420
SR0039,SE0051,变体过程,变形方式,包括,SE0337,阻力,性能指标,化特性开展研究，研究内容包括变体过程中升力、阻力的变化情况，变体过程中,D4_单-双折叠翼变体飞行器总体设计研究_郭廷宇,52,0.83,1,规则抽取+标准实体映射+重复三元组去重,已规范化,R0421
SR0040,SE0054,变后掠翼,变形方式,包括,SE0258,后掠角,性能指标,变形，包括变展长、变后掠角、变上反角等多种形,D6_变体飞行器变形方式及气动布局设计关键技术研究进展,9,0.83,1,规则抽取+标准实体映射+重复三元组去重,已规范化,R0561
SR0041,SE0054,变后掠翼,变形方式,包括,SE0067,折叠翼,变形方式,性能之间的设计矛盾。现有的变展长变体方式包括变后掠、折叠翼尖、柔性桁,D4_单-双折叠翼变体飞行器总体设计研究_郭廷宇,19,0.86,1,规则抽取+标准实体映射+重复三元组去重,已规范化,R0174
SR0042,SE0055,变展长技术,变形方式,包括,SE0054,变后掠翼,变形方式,性能之间的设计矛盾。现有的变展长变体方式包括变后掠、折叠翼尖、柔性桁,D4_单-双折叠翼变体飞行器总体设计研究_郭廷宇,19,0.86,2,规则抽取+标准实体映射+重复三元组去重,已规范化,R0175；R0317
SR0043,SE0055,变展长技术,变形方式,包括,SE0056,变弦长,专业概念,后掠、变展长、变弦长，翼面外变形包括变扭转、展,D1_空天变构飞行技术研究现状与未来发展研判_刘思佳,3,0.86,1,规则抽取+标准实体映射+重复三元组去重,已规范化,R0312
SR0044,SE0055,变展长技术,变形方式,包括,SE0258,后掠角,性能指标,变形，包括变展长、变后掠角、变上反角等多种形,D6_变体飞行器变形方式及气动布局设计关键技术研究进展,9,0.83,1,规则抽取+标准实体映射+重复三元组去重,已规范化,R0562
SR0045,SE0055,变展长技术,变形方式,包括,SE0067,折叠翼,变形方式,性能之间的设计矛盾。现有的变展长变体方式包括变后掠、折叠翼尖、柔性桁,D4_单-双折叠翼变体飞行器总体设计研究_郭廷宇,19,0.86,1,规则抽取+标准实体映射+重复三元组去重,已规范化,R0176
SR0046,SE0058,变形方式,变形方式,包括,SE0185,动力装置变体,机构/执行系统,伸缩翼 多用于低速飞行器，变形方式简单易实现,D1_空天变构飞行技术研究现状与未来发展研判_刘思佳,2,0.92,1,规则抽取+标准实体映射+重复三元组去重,高置信通过,R0007
SR0047,SE0058,变形方式,变形方式,包括,SE0065,头部变体,变形方式,发展分为简单机械变形、多维度柔性变形2 个阶段。其次，按照变体部位和变形方式详细介绍了头部变体、机翼变体、动,D6_变体飞行器变形方式及气动布局设计关键技术研究进展,1,0.92,1,规则抽取+标准实体映射+重复三元组去重,高置信通过,R0005
SR0048,SE0058,变形方式,变形方式,包括,SE0072,机翼变体,变形方式,发展分为简单机械变形、多维度柔性变形2 个阶段。其次，按照变体部位和变形方式详细介绍了头部变体、机翼变体、动,D6_变体飞行器变形方式及气动布局设计关键技术研究进展,1,0.92,1,规则抽取+标准实体映射+重复三元组去重,高置信通过,R0006
SR0049,SE0058,变形方式,变形方式,包括,SE0081,组合变体,变形方式,伸缩翼 多用于低速飞行器，变形方式简单易实现,D1_空天变构飞行技术研究现状与未来发展研判_刘思佳,2,0.92,1,规则抽取+标准实体映射+重复三元组去重,高置信通过,R0008
SR0050,SE0016,变构飞行器,飞行器对象,包括,SE0129,固定机翼,结构部件,翼变体飞行器全机已经不再适用，为此，在研究中，将飞机拆分为固定机翼及,D4_单-双折叠翼变体飞行器总体设计研究_郭廷宇,84,0.86,1,规则抽取+标准实体映射+重复三元组去重,已规范化,R0214
SR0051,SE0129,固定机翼,结构部件,包括,SE0116,下机翼,结构部件,3.1 所示。其机翼分为两部分：固定机翼(内、下机翼)和活动机翼(外、上机,D4_单-双折叠翼变体飞行器总体设计研究_郭廷宇,42,0.86,1,规则抽取+标准实体映射+重复三元组去重,已规范化,R0111
SR0052,SE0129,固定机翼,结构部件,包括,SE0119,充气机翼,结构部件,案 ，如图 1.14 所示，这种飞机分为内侧的固定机翼和外侧的充气机翼两部,D4_单-双折叠翼变体飞行器总体设计研究_郭廷宇,27,0.86,1,规则抽取+标准实体映射+重复三元组去重,已规范化,R0109
SR0053,SE0129,固定机翼,结构部件,包括,SE0046,单-双折叠翼,变形方式,固定机翼和活动机翼的间断位置：单-双折叠翼变体的机翼分为固定机翼,D4_单-双折叠翼变体飞行器总体设计研究_郭廷宇,128,0.86,1,规则抽取+标准实体映射+重复三元组去重,已规范化,R0289
SR0054,SE0129,固定机翼,结构部件,包括,SE0163,活动机翼,结构部件,3.1 所示。其机翼分为两部分：固定机翼(内、下机翼)和活动机翼(外、上机,D4_单-双折叠翼变体飞行器总体设计研究_郭廷宇,42,0.86,1,规则抽取+标准实体映射+重复三元组去重,已规范化,R0112
SR0055,SE0130,固定机翼与活动机翼,结构部件,包括,SE0093,双翼,气动布局,状态下，固定机翼与活动机翼组成双翼式布局，此时飞机具有较小的翼展、对起,D4_单-双折叠翼变体飞行器总体设计研究_郭廷宇,42,0.86,1,规则抽取+标准实体映射+重复三元组去重,已规范化,R0151
SR0056,SE0130,固定机翼与活动机翼,结构部件,包括,SE0094,双翼布局,气动布局,图 3.4 固定机翼与活动机翼之间的连杆为两个或多个时的情况 .................. 28,D4_单-双折叠翼变体飞行器总体设计研究_郭廷宇,12,0.92,1,规则抽取+标准实体映射+重复三元组去重,高置信通过,R0040
SR0057,SE0130,固定机翼与活动机翼,结构部件,包括,SE0321,翼展,专业概念,状态下，固定机翼与活动机翼组成双翼式布局，此时飞机具有较小的翼展、对起,D4_单-双折叠翼变体飞行器总体设计研究_郭廷宇,42,0.83,1,规则抽取+标准实体映射+重复三元组去重,已规范化,R0392
SR0058,SE0472,固定翼,专业概念,包括,SE0343,飞行包线,专业概念,对于常规布局的固定翼飞行器，其飞行包线主要包括速度包线，过载包,D4_单-双折叠翼变体飞行器总体设计研究_郭廷宇,121,0.86,1,规则抽取+标准实体映射+重复三元组去重,已规范化,R0306
SR0059,SE0017,固定翼飞机,飞行器对象,包括,SE0046,单-双折叠翼,变形方式,量，不同尺寸的长航时固定翼飞机，包括15 公斤级的单-双折叠翼变体原理验,D4_单-双折叠翼变体飞行器总体设计研究_郭廷宇,50,0.86,1,规则抽取+标准实体映射+重复三元组去重,已规范化,R0126
SR0060,SE0017,固定翼飞机,飞行器对象,包括,SE0125,单块式机翼,结构部件,固定翼飞机的机翼结构一般包括梁式机翼、单块式机翼、多腹板式机翼等,D4_单-双折叠翼变体飞行器总体设计研究_郭廷宇,117,0.86,1,规则抽取+标准实体映射+重复三元组去重,已规范化,R0286
SR0061,SE0017,固定翼飞机,飞行器对象,包括,SE0135,多腹板式机翼,结构部件,固定翼飞机的机翼结构一般包括梁式机翼、单块式机翼、多腹板式机翼等,D4_单-双折叠翼变体飞行器总体设计研究_郭廷宇,117,0.86,1,规则抽取+标准实体映射+重复三元组去重,已规范化,R0287
SR0062,SE0017,固定翼飞机,飞行器对象,包括,SE0159,梁式机翼,结构部件,固定翼飞机的机翼结构一般包括梁式机翼、单块式机翼、多腹板式机翼等,D4_单-双折叠翼变体飞行器总体设计研究_郭廷宇,117,0.86,1,规则抽取+标准实体映射+重复三元组去重,已规范化,R0285
SR0063,SE0063,多维度柔性变形,变形方式,包括,SE0058,变形方式,变形方式,发展分为简单机械变形、多维度柔性变形2 个阶段。其次，按照变体部位和变形方式详细介绍了头部变体、机翼变体、动,D6_变体飞行器变形方式及气动布局设计关键技术研究进展,1,0.86,1,规则抽取+标准实体映射+重复三元组去重,已规范化,R0095
SR0064,SE0063,多维度柔性变形,变形方式,包括,SE0065,头部变体,变形方式,发展分为简单机械变形、多维度柔性变形2 个阶段。其次，按照变体部位和变形方式详细介绍了头部变体、机翼变体、动,D6_变体飞行器变形方式及气动布局设计关键技术研究进展,1,0.86,1,规则抽取+标准实体映射+重复三元组去重,已规范化,R0097
SR0065,SE0063,多维度柔性变形,变形方式,包括,SE0072,机翼变体,变形方式,发展分为简单机械变形、多维度柔性变形2 个阶段。其次，按照变体部位和变形方式详细介绍了头部变体、机翼变体、动,D6_变体飞行器变形方式及气动布局设计关键技术研究进展,1,0.86,1,规则抽取+标准实体映射+重复三元组去重,已规范化,R0098
SR0066,SE0065,头部变体,变形方式,包括,SE0072,机翼变体,变形方式,发展分为简单机械变形、多维度柔性变形2 个阶段。其次，按照变体部位和变形方式详细介绍了头部变体、机翼变体、动,D6_变体飞行器变形方式及气动布局设计关键技术研究进展,1,0.86,1,规则抽取+标准实体映射+重复三元组去重,已规范化,R0093
SR0067,SE0266,展弦比,性能指标,包括,SE0256,升阻比,性能指标,活动机翼组成大展弦比单翼布局，此时飞机具有较好的巡航升阻比。在从双翼构,D4_单-双折叠翼变体飞行器总体设计研究_郭廷宇,42,0.83,1,规则抽取+标准实体映射+重复三元组去重,已规范化,R0397
SR0068,SE0266,展弦比,性能指标,包括,SE0088,单翼,气动布局,活动机翼组成大展弦比单翼布局，此时飞机具有较好的巡航升阻比。在从双翼构,D4_单-双折叠翼变体飞行器总体设计研究_郭廷宇,42,0.83,1,规则抽取+标准实体映射+重复三元组去重,已规范化,R0393
SR0069,SE0266,展弦比,性能指标,包括,SE0093,双翼,气动布局,活动机翼组成大展弦比单翼布局，此时飞机具有较好的巡航升阻比。在从双翼构,D4_单-双折叠翼变体飞行器总体设计研究_郭廷宇,42,0.83,1,规则抽取+标准实体映射+重复三元组去重,已规范化,R0398
SR0070,SE0099,常规布局,气动布局,包括,SE0472,固定翼,专业概念,对于常规布局的固定翼飞行器，其飞行包线主要包括速度包线，过载包,D4_单-双折叠翼变体飞行器总体设计研究_郭廷宇,121,0.86,1,规则抽取+标准实体映射+重复三元组去重,已规范化,R0305
SR0071,SE0099,常规布局,气动布局,包括,SE0343,飞行包线,专业概念,对于常规布局的固定翼飞行器，其飞行包线主要包括速度包线，过载包,D4_单-双折叠翼变体飞行器总体设计研究_郭廷宇,121,0.86,1,规则抽取+标准实体映射+重复三元组去重,已规范化,R0307
SR0072,SE0273,摩擦阻力,性能指标,包括,SE0327,诱导阻力,性能指标,零升阻力的主要组成部分是摩擦阻力，减阻比较困难，而诱导阻力则反比于飞机,D4_单-双折叠翼变体飞行器总体设计研究_郭廷宇,20,0.86,1,规则抽取+标准实体映射+重复三元组去重,已规范化,R0140
SR0073,SE0273,摩擦阻力,性能指标,包括,SE0337,阻力,性能指标,于不包含连杆的构型有较大幅度提升，这主要是由于连杆的摩擦阻力和连杆引,D4_单-双折叠翼变体飞行器总体设计研究_郭廷宇,80,0.83,1,规则抽取+标准实体映射+重复三元组去重,已规范化,R0450
SR0074,SE0151,机械结构,结构部件,包括,SE0054,变后掠翼,变形方式,机型，借助于机械结构驱动，设计方案包括变后掠,D1_空天变构飞行技术研究现状与未来发展研判_刘思佳,2,0.86,1,规则抽取+标准实体映射+重复三元组去重,已规范化,R0314
SR0075,SE0072,机翼变体,变形方式,包括,SE0041,伸缩翼,变形方式,弹应用伸缩机翼、可变后掠机翼、折叠机翼变体方,D6_变体飞行器变形方式及气动布局设计关键技术研究进展,10,0.92,1,规则抽取+标准实体映射+重复三元组去重,高置信通过,R0010
SR0076,SE0072,机翼变体,变形方式,包括,SE0067,折叠翼,变形方式,弹应用伸缩机翼、可变后掠机翼、折叠机翼变体方,D6_变体飞行器变形方式及气动布局设计关键技术研究进展,10,0.92,1,规则抽取+标准实体映射+重复三元组去重,高置信通过,R0009
SR0077,SE0072,机翼变体,变形方式,包括,SE0146,斜置机翼,结构部件,5.2.1 机翼变体的2 自由度动力学分析 .................................................. 77,D4_单-双折叠翼变体飞行器总体设计研究_郭廷宇,9,0.92,1,规则抽取+标准实体映射+重复三元组去重,高置信通过,R0011
SR0078,SE0072,机翼变体,变形方式,包括,SE0083,连续变弯度机翼,变形方式,翼、连续变弯度机翼等机翼变体方案的研究进展，总结其在不同布局构型上的应用，并分析了各自的气动、操稳特性。之,D6_变体飞行器变形方式及气动布局设计关键技术研究进展,1,0.92,1,规则抽取+标准实体映射+重复三元组去重,高置信通过,R0012
SR0079,SE0159,梁式机翼,结构部件,包括,SE0125,单块式机翼,结构部件,固定翼飞机的机翼结构一般包括梁式机翼、单块式机翼、多腹板式机翼等,D4_单-双折叠翼变体飞行器总体设计研究_郭廷宇,117,0.86,1,规则抽取+标准实体映射+重复三元组去重,已规范化,R0282
SR0080,SE0159,梁式机翼,结构部件,包括,SE0135,多腹板式机翼,结构部件,固定翼飞机的机翼结构一般包括梁式机翼、单块式机翼、多腹板式机翼等,D4_单-双折叠翼变体飞行器总体设计研究_郭廷宇,117,0.86,1,规则抽取+标准实体映射+重复三元组去重,已规范化,R0284
SR0081,SE0159,梁式机翼,结构部件,包括,SE0172,翼根,结构部件,多种 。梁式机翼根据机翼梁的数量，可以分为单梁式机翼、双梁式机,D4_单-双折叠翼变体飞行器总体设计研究_郭廷宇,117,0.86,1,规则抽取+标准实体映射+重复三元组去重,已规范化,R0304
SR0082,SE0159,梁式机翼,结构部件,包括,SE0176,蒙皮,结构部件,翼和多梁式机翼，其主要结构包括蒙皮、翼肋、翼梁(包括缘条和腹板)、纵,D4_单-双折叠翼变体飞行器总体设计研究_郭廷宇,117,0.83,1,规则抽取+标准实体映射+重复三元组去重,已规范化,R0458
SR0083,SE0291,气动力,性能指标,包括,SE0094,双翼布局,气动布局,翼布局的空气动力学特性研究，研究内容包括双翼布局的二维弦向气动特性和三,D4_单-双折叠翼变体飞行器总体设计研究_郭廷宇,52,0.83,1,规则抽取+标准实体映射+重复三元组去重,已规范化,R0413
SR0084,SE0291,气动力,性能指标,包括,SE0299,气动性能,性能指标,翼布局的空气动力学特性研究，研究内容包括双翼布局的二维弦向气动特性和三,D4_单-双折叠翼变体飞行器总体设计研究_郭廷宇,52,0.83,1,规则抽取+标准实体映射+重复三元组去重,已规范化,R0414
SR0085,SE0107,气动布局设计,气动布局,包括,SE0295,气动外形,性能指标,气动布局设计包括气动外形的设计、飞行器布,D1_空天变构飞行技术研究现状与未来发展研判_刘思佳,1,0.86,1,规则抽取+标准实体映射+重复三元组去重,已规范化,R0331
SR0086,SE0299,气动性能,性能指标,包括,SE0094,双翼布局,气动布局,翼布局的空气动力学特性研究，研究内容包括双翼布局的二维弦向气动特性和三,D4_单-双折叠翼变体飞行器总体设计研究_郭廷宇,52,0.86,1,规则抽取+标准实体映射+重复三元组去重,已规范化,R0160
SR0087,SE0299,气动性能,性能指标,包括,SE0291,气动力,性能指标,翼布局的空气动力学特性研究，研究内容包括双翼布局的二维弦向气动特性和三,D4_单-双折叠翼变体飞行器总体设计研究_郭廷宇,52,0.83,1,规则抽取+标准实体映射+重复三元组去重,已规范化,R0411
SR0088,SE0163,活动机翼,结构部件,包括,SE0256,升阻比,性能指标,活动机翼组成大展弦比单翼布局，此时飞机具有较好的巡航升阻比。在从双翼构,D4_单-双折叠翼变体飞行器总体设计研究_郭廷宇,42,0.83,1,规则抽取+标准实体映射+重复三元组去重,已规范化,R0399
SR0089,SE0163,活动机翼,结构部件,包括,SE0046,单-双折叠翼,变形方式,固定机翼和活动机翼的间断位置：单-双折叠翼变体的机翼分为固定机翼,D4_单-双折叠翼变体飞行器总体设计研究_郭廷宇,128,0.86,1,规则抽取+标准实体映射+重复三元组去重,已规范化,R0288
SR0090,SE0163,活动机翼,结构部件,包括,SE0088,单翼,气动布局,活动机翼组成大展弦比单翼布局，此时飞机具有较好的巡航升阻比。在从双翼构,D4_单-双折叠翼变体飞行器总体设计研究_郭廷宇,42,0.86,1,规则抽取+标准实体映射+重复三元组去重,已规范化,R0152
SR0091,SE0163,活动机翼,结构部件,包括,SE0093,双翼,气动布局,活动机翼组成大展弦比单翼布局，此时飞机具有较好的巡航升阻比。在从双翼构,D4_单-双折叠翼变体飞行器总体设计研究_郭廷宇,42,0.86,1,规则抽取+标准实体映射+重复三元组去重,已规范化,R0154
SR0092,SE0163,活动机翼,结构部件,包括,SE0266,展弦比,性能指标,活动机翼组成大展弦比单翼布局，此时飞机具有较好的巡航升阻比。在从双翼构,D4_单-双折叠翼变体飞行器总体设计研究_郭廷宇,42,0.83,1,规则抽取+标准实体映射+重复三元组去重,已规范化,R0395
SR0093,SE0306,流动分离,专业概念,包括,SE0327,诱导阻力,性能指标,起的局部流动分离导致的，同时，含连杆构型的诱导阻力系数相较于不包含连,D4_单-双折叠翼变体飞行器总体设计研究_郭廷宇,80,0.86,1,规则抽取+标准实体映射+重复三元组去重,已规范化,R0211
SR0094,SE0306,流动分离,专业概念,包括,SE0337,阻力,性能指标,起的局部流动分离导致的，同时，含连杆构型的诱导阻力系数相较于不包含连,D4_单-双折叠翼变体飞行器总体设计研究_郭廷宇,80,0.83,1,规则抽取+标准实体映射+重复三元组去重,已规范化,R0453
SR0095,SE0306,流动分离,专业概念,包括,SE0338,阻力系数,性能指标,起的局部流动分离导致的，同时，含连杆构型的诱导阻力系数相较于不包含连,D4_单-双折叠翼变体飞行器总体设计研究_郭廷宇,80,0.86,1,规则抽取+标准实体映射+重复三元组去重,已规范化,R0212
SR0096,SE0225,环境自适应特性,控制方法,包括,SE0075,柔性变形,变形方式,环境自适应特性。飞行器的柔性变形主要包括,D6_变体飞行器变形方式及气动布局设计关键技术研究进展,6,0.86,1,规则抽取+标准实体映射+重复三元组去重,已规范化,R0333
SR0097,SE0080,简单机械变形,变形方式,包括,SE0058,变形方式,变形方式,发展分为简单机械变形、多维度柔性变形2 个阶段。其次，按照变体部位和变形方式详细介绍了头部变体、机翼变体、动,D6_变体飞行器变形方式及气动布局设计关键技术研究进展,1,0.86,1,规则抽取+标准实体映射+重复三元组去重,已规范化,R0096
SR0098,SE0080,简单机械变形,变形方式,包括,SE0063,多维度柔性变形,变形方式,发展分为简单机械变形、多维度柔性变形2 个阶段。其次，按照变体部位和变形方式详细介绍了头部变体、机翼变体、动,D6_变体飞行器变形方式及气动布局设计关键技术研究进展,1,0.86,1,规则抽取+标准实体映射+重复三元组去重,已规范化,R0094
SR0099,SE0080,简单机械变形,变形方式,包括,SE0065,头部变体,变形方式,发展分为简单机械变形、多维度柔性变形2 个阶段。其次，按照变体部位和变形方式详细介绍了头部变体、机翼变体、动,D6_变体飞行器变形方式及气动布局设计关键技术研究进展,1,0.86,1,规则抽取+标准实体映射+重复三元组去重,已规范化,R0099
SR0100,SE0080,简单机械变形,变形方式,包括,SE0072,机翼变体,变形方式,发展分为简单机械变形、多维度柔性变形2 个阶段。其次，按照变体部位和变形方式详细介绍了头部变体、机翼变体、动,D6_变体飞行器变形方式及气动布局设计关键技术研究进展,1,0.86,1,规则抽取+标准实体映射+重复三元组去重,已规范化,R0100
SR0101,SE0167,结构强度,结构部件,包括,SE0093,双翼,气动布局,和支柱，使机翼组成桁架式结构，增加结构强度。双翼机在二十世纪三十年代,D4_单-双折叠翼变体飞行器总体设计研究_郭廷宇,52,0.86,1,规则抽取+标准实体映射+重复三元组去重,已规范化,R0183
SR0102,SE0168,结构设计,结构部件,包括,SE0012,单-双折叠翼变体飞行器,飞行器对象,变体机构和包含变体机构的飞机结构设计，是单-双折叠翼变体飞行器设,D4_单-双折叠翼变体飞行器总体设计研究_郭廷宇,105,0.83,1,规则抽取+标准实体映射+重复三元组去重,已规范化,R0521
SR0103,SE0168,结构设计,结构部件,包括,SE0304,气动设计,性能指标,包含变体机构的飞机结构设计，也同样与飞机的总体方案设计、气动设计、飞,D4_单-双折叠翼变体飞行器总体设计研究_郭廷宇,105,0.83,1,规则抽取+标准实体映射+重复三元组去重,已规范化,R0456
SR0104,SE0171,翼型,结构部件,包括,SE0115,上机翼,结构部件,替换为弦长1m 的无弯度的NACA0012 翼型，重新组成了167 组上机翼弯度,D4_单-双折叠翼变体飞行器总体设计研究_郭廷宇,66,0.86,1,规则抽取+标准实体映射+重复三元组去重,已规范化,R0102
SR0105,SE0171,翼型,结构部件,包括,SE0116,下机翼,结构部件,数包括：上翼的弦长和翼型、下翼的弦长和翼型、上翼相对于下翼的安装角、,D4_单-双折叠翼变体飞行器总体设计研究_郭廷宇,53,0.86,1,规则抽取+标准实体映射+重复三元组去重,已规范化,R0185
SR0106,SE0171,翼型,结构部件,包括,SE0254,升力,性能指标,对于一个二维翼型而言，其升力曲线包括三个主要参数：升力线斜率、零,D4_单-双折叠翼变体飞行器总体设计研究_郭廷宇,55,0.83,1,规则抽取+标准实体映射+重复三元组去重,已规范化,R0510
SR0107,SE0172,翼根,结构部件,包括,SE0176,蒙皮,结构部件,腹板，并通过腹板传递到机翼根部。蒙皮和腹板组成的闭合式结构主要承受扭,D4_单-双折叠翼变体飞行器总体设计研究_郭廷宇,118,0.83,1,规则抽取+标准实体映射+重复三元组去重,已规范化,R0459
SR0108,SE0175,翼面积,结构部件,包括,SE0171,翼型,结构部件,翼面积和形状等，中等尺度变构包括变翼型弯度、,D1_空天变构飞行技术研究现状与未来发展研判_刘思佳,3,0.83,1,规则抽取+标准实体映射+重复三元组去重,已规范化,R0556
SR0109,SE0428,背景网格,研究方法,包括,SE0129,固定机翼,结构部件,格两部分，其中背景网格包括机身、固定机翼、对称面和流场网格，网格量约,D4_单-双折叠翼变体飞行器总体设计研究_郭廷宇,81,0.86,1,规则抽取+标准实体映射+重复三元组去重,已规范化,R0213
SR0110,SE0327,诱导阻力,性能指标,包括,SE0337,阻力,性能指标,起的局部流动分离导致的，同时，含连杆构型的诱导阻力系数相较于不包含连,D4_单-双折叠翼变体飞行器总体设计研究_郭廷宇,80,0.83,1,规则抽取+标准实体映射+重复三元组去重,已规范化,R0452
SR0111,SE0327,诱导阻力,性能指标,包括,SE0338,阻力系数,性能指标,起的局部流动分离导致的，同时，含连杆构型的诱导阻力系数相较于不包含连,D4_单-双折叠翼变体飞行器总体设计研究_郭廷宇,80,0.86,1,规则抽取+标准实体映射+重复三元组去重,已规范化,R0210
SR0112,SE0337,阻力,性能指标,包括,SE0273,摩擦阻力,性能指标,零升阻力的主要组成部分是摩擦阻力，减阻比较困难，而诱导阻力则反比于飞机,D4_单-双折叠翼变体飞行器总体设计研究_郭廷宇,20,0.83,1,规则抽取+标准实体映射+重复三元组去重,已规范化,R0376
SR0113,SE0337,阻力,性能指标,包括,SE0327,诱导阻力,性能指标,对于亚声速飞行器来说，零升阻力和诱导阻力是飞机总阻力的两个主要组成,D4_单-双折叠翼变体飞行器总体设计研究_郭廷宇,19,0.83,1,规则抽取+标准实体映射+重复三元组去重,已规范化,R0476
SR0114,SE0338,阻力系数,性能指标,包括,SE0337,阻力,性能指标,起的局部流动分离导致的，同时，含连杆构型的诱导阻力系数相较于不包含连,D4_单-双折叠翼变体飞行器总体设计研究_郭廷宇,80,0.83,1,规则抽取+标准实体映射+重复三元组去重,已规范化,R0451
SR0115,SE0340,零升阻力,性能指标,包括,SE0273,摩擦阻力,性能指标,零升阻力的主要组成部分是摩擦阻力，减阻比较困难，而诱导阻力则反比于飞机,D4_单-双折叠翼变体飞行器总体设计研究_郭廷宇,20,0.86,1,规则抽取+标准实体映射+重复三元组去重,已规范化,R0139
SR0116,SE0340,零升阻力,性能指标,包括,SE0327,诱导阻力,性能指标,对于亚声速飞行器来说，零升阻力和诱导阻力是飞机总阻力的两个主要组成,D4_单-双折叠翼变体飞行器总体设计研究_郭廷宇,19,0.86,1,规则抽取+标准实体映射+重复三元组去重,已规范化,R0247
SR0117,SE0340,零升阻力,性能指标,包括,SE0337,阻力,性能指标,对于亚声速飞行器来说，零升阻力和诱导阻力是飞机总阻力的两个主要组成,D4_单-双折叠翼变体飞行器总体设计研究_郭廷宇,19,0.83,1,规则抽取+标准实体映射+重复三元组去重,已规范化,R0475
SR0118,SE0350,马赫数,性能指标,包括,SE0278,攻角,性能指标,4.41 所示。计算中来流马赫数为0.2，雷诺数为400 万，来流攻角包括2 度和,D4_单-双折叠翼变体飞行器总体设计研究_郭廷宇,81,0.83,1,规则抽取+标准实体映射+重复三元组去重,已规范化,R0351
SR0119,SE0186,压电作动器,机构/执行系统,实现,SE0083,连续变弯度机翼,变形方式,航 空 学 报 629595-5 装置(Adaptive Trailing Edge Device， ATED)可以 实现后缘的智能变弯度，有效降低了飞行油耗 ［15］。 项目过程中开展了多次风洞试验，充分验证了前 缘、后缘、翼梢变形的可行性。 2014 年，NASA 组织开展了自适应柔性后缘 (Adaptive Compliant Trailing Edg…,D6_变体飞行器变形方式及气动布局设计关键技术研究进展,5,0.92,1,规则抽取+标准实体映射+重复三元组去重,高置信通过,R0025
SR0120,SE0098,展开构型,气动布局,实现,SE0352,高升阻比特性,性能指标,在大攻角下实现稳定飞行。展开构型在低马赫数下呈现出高升阻比特性，利于低空滑翔。在跨域飞行中，通过变构技术将两,D3_跨域变构飞行器变形方案设计及气动特性分析_安英韬,1,0.92,1,规则抽取+标准实体映射+重复三元组去重,高置信通过,R0063
SR0121,SE0102,折叠构型,气动布局,实现,SE0353,高空减速性能,性能指标,力的空天飞行器设计方案。通过计算流体力学(CFD)方法，对折叠构型和展开构型的空天飞行器在不同高度、不同马赫数、,D3_跨域变构飞行器变形方案设计及气动特性分析_安英韬,1,0.92,1,规则抽取+标准实体映射+重复三元组去重,高置信通过,R0062
SR0122,SE0163,活动机翼,结构部件,实现,SE0089,单翼构型,气动布局,图 6.7 活动机翼处于单翼构型时连杆扭转引起的变形 ................................ 92,D4_单-双折叠翼变体飞行器总体设计研究_郭廷宇,15,0.92,1,规则抽取+标准实体映射+重复三元组去重,高置信通过,R0041
SR0123,SE0078,滑动蒙皮,变形方式,实现,SE0258,后掠角,性能指标,刘欣煜等 以一种滑动蒙皮变后掠翼飞行器为研究,D1_空天变构飞行技术研究现状与未来发展研判_刘思佳,2,0.92,1,规则抽取+标准实体映射+重复三元组去重,高置信通过,R0016
SR0124,SE0078,滑动蒙皮,变形方式,实现,SE0175,翼面积,结构部件,采用滑动蒙皮技术，可以实现机翼翼面积、展长、,D6_变体飞行器变形方式及气动布局设计关键技术研究进展,4,0.92,1,规则抽取+标准实体映射+重复三元组去重,高置信通过,R0015
SR0125,SE0440,ACADO,项目/机构,应用于,SE0474,多学科总体设计,专业概念,在本章中，基于课题组自主研发的ACADO 多学科总体设计平台，综合分析,D4_单-双折叠翼变体飞行器总体设计研究_郭廷宇,34,0.92,1,规则抽取+标准实体映射+重复三元组去重,高置信通过,R0050
SR0126,SE0401,CFD方法,研究方法,应用于,SE0299,气动性能,性能指标,力的空天飞行器设计方案。通过计算流体力学(CFD)方法，对折叠构型和展开构型的空天飞行器在不同高度、不同马赫数、,D3_跨域变构飞行器变形方案设计及气动特性分析_安英韬,1,0.92,1,规则抽取+标准实体映射+重复三元组去重,高置信通过,R0064
SR0127,SE0402,RANS方程,研究方法,应用于,SE0422,气动仿真,研究方法,"斯(Reynolds-averaged Navier Stokes, RANS)方程。",D3_跨域变构飞行器变形方案设计及气动特性分析_安英韬,3,0.92,1,规则抽取+标准实体映射+重复三元组去重,高置信通过,R0065
SR0128,SE0202,主动流动控制,控制方法,应用于,SE0486,非稳态流动,专业概念,宽域高超声速变构飞行器高效主动流动控制方,D6_变体飞行器变形方式及气动布局设计关键技术研究进展,30,0.92,1,规则抽取+标准实体映射+重复三元组去重,高置信通过,R0078
SR0129,SE0041,伸缩翼,变形方式,应用于,SE0058,变形方式,变形方式,伸缩翼 多用于低速飞行器，变形方式简单易实现,D1_空天变构飞行技术研究现状与未来发展研判_刘思佳,2,0.86,1,规则抽取+标准实体映射+重复三元组去重,已规范化,R0313
SR0130,SE0041,伸缩翼,变形方式,应用于,SE0067,折叠翼,变形方式,可应用于伸缩机翼、滑动蒙皮机翼和折叠机翼的,D6_变体飞行器变形方式及气动布局设计关键技术研究进展,35,0.86,1,规则抽取+标准实体映射+重复三元组去重,已规范化,R0327
SR0131,SE0041,伸缩翼,变形方式,应用于,SE0078,滑动蒙皮,变形方式,可应用于伸缩机翼、滑动蒙皮机翼和折叠机翼的,D6_变体飞行器变形方式及气动布局设计关键技术研究进展,35,0.86,1,规则抽取+标准实体映射+重复三元组去重,已规范化,R0325
SR0132,SE0248,俯仰力矩系数,性能指标,应用于,SE0319,纵向静稳定性,性能指标,下，折叠构型的俯仰力矩系数随攻角的变化曲线。,D3_跨域变构飞行器变形方案设计及气动特性分析_安英韬,4,0.92,1,规则抽取+标准实体映射+重复三元组去重,高置信通过,R0069
SR0133,SE0043,偏转弹头,变形方式,应用于,SE0212,姿态控制,控制方法,式，如自适应偏转弹头、可变进气道、倾转机翼技,D6_变体飞行器变形方式及气动布局设计关键技术研究进展,2,0.92,1,规则抽取+标准实体映射+重复三元组去重,高置信通过,R0072
SR0134,SE0469,公转角,专业概念,应用于,SE0088,单翼,气动布局,个金属转轴分别固连有一个角度传感器，用于测量自转和公转角度，在单翼模,D4_单-双折叠翼变体飞行器总体设计研究_郭廷宇,143,0.86,1,规则抽取+标准实体映射+重复三元组去重,已规范化,R0246
SR0135,SE0124,副翼,结构部件,应用于,SE0137,大展弦比机翼,结构部件,于机翼自身的副翼，更适用于大尺寸的大展弦比机翼。综合来看，在相近的变展,D4_单-双折叠翼变体飞行器总体设计研究_郭廷宇,48,0.86,1,规则抽取+标准实体映射+重复三元组去重,已规范化,R0158
SR0136,SE0124,副翼,结构部件,应用于,SE0266,展弦比,性能指标,于机翼自身的副翼，更适用于大尺寸的大展弦比机翼。综合来看，在相近的变展,D4_单-双折叠翼变体飞行器总体设计研究_郭廷宇,48,0.83,1,规则抽取+标准实体映射+重复三元组去重,已规范化,R0405
SR0137,SE0410,动态气动力计算方法,研究方法,应用于,SE0279,时变空气动力学效应,性能指标,估、气动布局方案优化、多学科耦合设计等方面的关键技术难点，重点对变体飞行器动态气动力计算方法和气动优化设,D6_变体飞行器变形方式及气动布局设计关键技术研究进展,1,0.92,1,规则抽取+标准实体映射+重复三元组去重,高置信通过,R0035
SR0138,SE0207,协同射流控制,控制方法,应用于,SE0041,伸缩翼,变形方式,协同射流控制方案在伸缩机翼上的应用，获得了,D6_变体飞行器变形方式及气动布局设计关键技术研究进展,30,0.92,1,规则抽取+标准实体映射+重复三元组去重,高置信通过,R0079
SR0139,SE0046,单-双折叠翼,变形方式,应用于,SE0471,原理验证机,专业概念,单-双折叠翼变体原理验证机设计需求为：在满足一般大展弦比长航飞行,D4_单-双折叠翼变体飞行器总体设计研究_郭廷宇,140,0.86,1,规则抽取+标准实体映射+重复三元组去重,已规范化,R0294
SR0140,SE0046,单-双折叠翼,变形方式,应用于,SE0018,大展弦比长航时飞行器,飞行器对象,1)翼展和展弦比：单-双折叠翼变体主要应用于大展弦比长航时飞行器，,D4_单-双折叠翼变体飞行器总体设计研究_郭廷宇,140,0.86,1,规则抽取+标准实体映射+重复三元组去重,已规范化,R0266
SR0141,SE0046,单-双折叠翼,变形方式,应用于,SE0266,展弦比,性能指标,外，单-双折叠翼变体也还可应用于大展弦比太阳能飞机等其他类型的飞行,D4_单-双折叠翼变体飞行器总体设计研究_郭廷宇,138,0.83,1,规则抽取+标准实体映射+重复三元组去重,已规范化,R0496
SR0142,SE0047,单-双折叠翼变体技术,变形方式,应用于,SE0266,展弦比,性能指标,用多学科方法，分析了单-双折叠翼变体技术应用于大展弦比飞行器的收益代,D4_单-双折叠翼变体飞行器总体设计研究_郭廷宇,120,0.83,1,规则抽取+标准实体映射+重复三元组去重,已规范化,R0465
SR0143,SE0012,单-双折叠翼变体飞行器,飞行器对象,应用于,SE0470,几何外形设计,专业概念,在满足设计约束的基础上，单-双折叠翼变体飞机的几何外形设计还需要进一,D4_单-双折叠翼变体飞行器总体设计研究_郭廷宇,124,0.86,1,规则抽取+标准实体映射+重复三元组去重,已规范化,R0231
SR0144,SE0012,单-双折叠翼变体飞行器,飞行器对象,应用于,SE0476,平面形状设计,专业概念,展了适用于单-双折叠翼变体飞行器的飞机总体参数拟定方法和平面形状设计方,D4_单-双折叠翼变体飞行器总体设计研究_郭廷宇,5,0.86,1,规则抽取+标准实体映射+重复三元组去重,已规范化,R0137
SR0145,SE0012,单-双折叠翼变体飞行器,飞行器对象,应用于,SE0477,总体参数拟定,专业概念,展了适用于单-双折叠翼变体飞行器的飞机总体参数拟定方法和平面形状设计方,D4_单-双折叠翼变体飞行器总体设计研究_郭廷宇,5,0.86,1,规则抽取+标准实体映射+重复三元组去重,已规范化,R0136
SR0146,SE0471,原理验证机,专业概念,应用于,SE0266,展弦比,性能指标,单-双折叠翼变体原理验证机设计需求为：在满足一般大展弦比长航飞行,D4_单-双折叠翼变体飞行器总体设计研究_郭廷宇,140,0.83,1,规则抽取+标准实体映射+重复三元组去重,已规范化,R0541
SR0147,SE0093,双翼,气动布局,应用于,SE0167,结构强度,结构部件,和双翼模式下飞机的结构强度均满足起飞、着陆和2.5 g 以上过载飞行的要,D4_单-双折叠翼变体飞行器总体设计研究_郭廷宇,143,0.86,1,规则抽取+标准实体映射+重复三元组去重,已规范化,R0134
SR0148,SE0094,双翼布局,气动布局,应用于,SE0478,总体设计,专业概念,维展向气动特性，并根据研究结果总结提炼出适用于双翼布局飞行器总体设计的,D4_单-双折叠翼变体飞行器总体设计研究_郭廷宇,52,0.83,1,规则抽取+标准实体映射+重复三元组去重,已规范化,R0416
SR0149,SE0095,双翼构型,气动布局,应用于,SE0163,活动机翼,结构部件,装了一段厚翼型形状的翼台，该翼台用于在双翼构型下固定活动机翼。机身尾,D4_单-双折叠翼变体飞行器总体设计研究_郭廷宇,142,0.86,1,规则抽取+标准实体映射+重复三元组去重,已规范化,R0243
SR0150,SE0013,双翼飞机,飞行器对象,应用于,SE0088,单翼,气动布局,当下已经不能满足指导双翼飞机设计的需求。此后，由于双翼机已经被单翼机,D4_单-双折叠翼变体飞行器总体设计研究_郭廷宇,53,0.86,1,规则抽取+标准实体映射+重复三元组去重,已规范化,R0184
SR0151,SE0208,发汗冷却,控制方法,应用于,SE0158,柔性蒙皮,结构部件,究了一种可以实现发汗冷却的柔性蒙皮结构。,D6_变体飞行器变形方式及气动布局设计关键技术研究进展,30,0.92,1,规则抽取+标准实体映射+重复三元组去重,高置信通过,R0080
SR0152,SE0049,变体技术,变形方式,应用于,SE0364,大空域,任务场景,计技术的研究进展和现状进行了综述和分析。最后，展望了变体技术未来研究方向和发展前景，面向宽速域和大空域飞,D6_变体飞行器变形方式及气动布局设计关键技术研究进展,1,0.83,1,规则抽取+标准实体映射+重复三元组去重,已规范化,R0350
SR0153,SE0049,变体技术,变形方式,应用于,SE0365,宽速域,任务场景,计技术的研究进展和现状进行了综述和分析。最后，展望了变体技术未来研究方向和发展前景，面向宽速域和大空域飞,D6_变体飞行器变形方式及气动布局设计关键技术研究进展,1,0.83,1,规则抽取+标准实体映射+重复三元组去重,已规范化,R0349
SR0154,SE0050,变体方案,变形方式,应用于,SE0049,变体技术,变形方式,变体方案并不适用于大展弦比的大型长航时飞机。为此，提高变体技术的性能收,D4_单-双折叠翼变体飞行器总体设计研究_郭廷宇,31,0.83,1,规则抽取+标准实体映射+重复三元组去重,已规范化,R0384
SR0155,SE0050,变体方案,变形方式,应用于,SE0266,展弦比,性能指标,变体方案并不适用于大展弦比的大型长航时飞机。为此，提高变体技术的性能收,D4_单-双折叠翼变体飞行器总体设计研究_郭廷宇,31,0.83,1,规则抽取+标准实体映射+重复三元组去重,已规范化,R0382
SR0156,SE0188,变体机构,机构/执行系统,应用于,SE0167,结构强度,结构部件,综上，在变体过程中，连杆和变体机构的结构强度和刚度应满足以下三项,D4_单-双折叠翼变体飞行器总体设计研究_郭廷宇,111,0.86,1,规则抽取+标准实体映射+重复三元组去重,已规范化,R0279
SR0157,SE0051,变体过程,变形方式,应用于,SE0188,变体机构,机构/执行系统,综上，在变体过程中，连杆和变体机构的结构强度和刚度应满足以下三项,D4_单-双折叠翼变体飞行器总体设计研究_郭廷宇,111,0.86,1,规则抽取+标准实体映射+重复三元组去重,已规范化,R0280
SR0158,SE0051,变体过程,变形方式,应用于,SE0167,结构强度,结构部件,综上，在变体过程中，连杆和变体机构的结构强度和刚度应满足以下三项,D4_单-双折叠翼变体飞行器总体设计研究_郭廷宇,111,0.86,1,规则抽取+标准实体映射+重复三元组去重,已规范化,R0281
SR0159,SE0054,变后掠翼,变形方式,应用于,SE0258,后掠角,性能指标,变后掠 随速度变化后掠角，适用于兼顾低速和高速性能的宽域飞行,D1_空天变构飞行技术研究现状与未来发展研判_刘思佳,2,0.83,1,规则抽取+标准实体映射+重复三元组去重,已规范化,R0550
SR0160,SE0054,变后掠翼,变形方式,应用于,SE0355,高速性能,性能指标,变后掠 随速度变化后掠角，适用于兼顾低速和高速性能的宽域飞行,D1_空天变构飞行技术研究现状与未来发展研判_刘思佳,2,0.86,1,规则抽取+标准实体映射+重复三元组去重,已规范化,R0309
SR0161,SE0016,变构飞行器,飞行器对象,应用于,SE0359,亚声速,任务场景,这一时期的变体飞行器，其变体的目标主要是为了满足飞机在亚声速和超声,D4_单-双折叠翼变体飞行器总体设计研究_郭廷宇,25,0.86,1,规则抽取+标准实体映射+重复三元组去重,已规范化,R0250
SR0162,SE0016,变构飞行器,飞行器对象,应用于,SE0051,变体过程,变形方式,翼变体飞行器变体过程中最重要的结构。连杆的强度需满足变体过程中受力的,D4_单-双折叠翼变体飞行器总体设计研究_郭廷宇,112,0.86,1,规则抽取+标准实体映射+重复三元组去重,已规范化,R0218
SR0163,SE0016,变构飞行器,飞行器对象,应用于,SE0055,变展长技术,变形方式,大展弦比变展长变体飞行器的设计规律，得出了变展长变体技术应用于大展弦比,D4_单-双折叠翼变体飞行器总体设计研究_郭廷宇,34,0.86,1,规则抽取+标准实体映射+重复三元组去重,已规范化,R0149
SR0164,SE0016,变构飞行器,飞行器对象,应用于,SE0259,多任务飞行性能,性能指标,三类划分方式对变体飞行器结构技术进行分类，三,D1_空天变构飞行技术研究现状与未来发展研判_刘思佳,3,0.92,1,规则抽取+标准实体映射+重复三元组去重,高置信通过,R0002
SR0165,SE0016,变构飞行器,飞行器对象,应用于,SE0291,气动力,性能指标,适用于变体飞行器的动态非线性气动力建模方,D6_变体飞行器变形方式及气动布局设计关键技术研究进展,31,0.83,1,规则抽取+标准实体映射+重复三元组去重,已规范化,R0575
SR0166,SE0016,变构飞行器,飞行器对象,应用于,SE0105,气动布局,气动布局,方法已不再完全适用于变体飞行器的气动布局,D6_变体飞行器变形方式及气动布局设计关键技术研究进展,30,0.83,1,规则抽取+标准实体映射+重复三元组去重,已规范化,R0574
SR0167,SE0016,变构飞行器,飞行器对象,应用于,SE0107,气动布局设计,气动布局,法已无法满足变体飞行器气动布局设计的需要。,D6_变体飞行器变形方式及气动布局设计关键技术研究进展,36,0.86,1,规则抽取+标准实体映射+重复三元组去重,已规范化,R0330
SR0168,SE0016,变构飞行器,飞行器对象,应用于,SE0224,热防护,控制方法,力环境，可以应用于高速变体飞行器的热防护。,D6_变体飞行器变形方式及气动布局设计关键技术研究进展,30,0.86,1,规则抽取+标准实体映射+重复三元组去重,已规范化,R0323
SR0169,SE0016,变构飞行器,飞行器对象,应用于,SE0482,设计规律,专业概念,大展弦比变展长变体飞行器的设计规律，得出了变展长变体技术应用于大展弦比,D4_单-双折叠翼变体飞行器总体设计研究_郭廷宇,34,0.86,1,规则抽取+标准实体映射+重复三元组去重,已规范化,R0145
SR0170,SE0016,变构飞行器,飞行器对象,应用于,SE0035,飞行器气动布局,飞行器对象,法已无法满足变体飞行器气动布局设计的需要。,D6_变体飞行器变形方式及气动布局设计关键技术研究进展,36,0.86,1,规则抽取+标准实体映射+重复三元组去重,已规范化,R0328
SR0171,SE0258,后掠角,性能指标,应用于,SE0355,高速性能,性能指标,变后掠 随速度变化后掠角，适用于兼顾低速和高速性能的宽域飞行,D1_空天变构飞行技术研究现状与未来发展研判_刘思佳,2,0.83,1,规则抽取+标准实体映射+重复三元组去重,已规范化,R0551
SR0172,SE0129,固定机翼,结构部件,应用于,SE0163,活动机翼,结构部件,式适用于机翼形状与RQ-4A 相同，固定机翼和活动机翼翼展相等时的情形。,D4_单-双折叠翼变体飞行器总体设计研究_郭廷宇,134,0.86,1,规则抽取+标准实体映射+重复三元组去重,已规范化,R0133
SR0173,SE0129,固定机翼,结构部件,应用于,SE0321,翼展,专业概念,式适用于机翼形状与RQ-4A 相同，固定机翼和活动机翼翼展相等时的情形。,D4_单-双折叠翼变体飞行器总体设计研究_郭廷宇,134,0.83,1,规则抽取+标准实体映射+重复三元组去重,已规范化,R0373
SR0174,SE0064,大展弦比变展长变体,变形方式,应用于,SE0055,变展长技术,变形方式,大展弦比变展长变体飞行器的设计规律，得出了变展长变体技术应用于大展弦比,D4_单-双折叠翼变体飞行器总体设计研究_郭廷宇,34,0.86,1,规则抽取+标准实体映射+重复三元组去重,已规范化,R0150
SR0175,SE0064,大展弦比变展长变体,变形方式,应用于,SE0016,变构飞行器,飞行器对象,大展弦比变展长变体飞行器的设计规律，得出了变展长变体技术应用于大展弦比,D4_单-双折叠翼变体飞行器总体设计研究_郭廷宇,34,0.86,1,规则抽取+标准实体映射+重复三元组去重,已规范化,R0146
SR0176,SE0064,大展弦比变展长变体,变形方式,应用于,SE0266,展弦比,性能指标,大展弦比变展长变体飞行器的设计规律，得出了变展长变体技术应用于大展弦比,D4_单-双折叠翼变体飞行器总体设计研究_郭廷宇,34,0.83,1,规则抽取+标准实体映射+重复三元组去重,已规范化,R0387
SR0177,SE0064,大展弦比变展长变体,变形方式,应用于,SE0482,设计规律,专业概念,大展弦比变展长变体飞行器的设计规律，得出了变展长变体技术应用于大展弦比,D4_单-双折叠翼变体飞行器总体设计研究_郭廷宇,34,0.86,1,规则抽取+标准实体映射+重复三元组去重,已规范化,R0148
SR0178,SE0137,大展弦比机翼,结构部件,应用于,SE0266,展弦比,性能指标,于机翼自身的副翼，更适用于大尺寸的大展弦比机翼。综合来看，在相近的变展,D4_单-双折叠翼变体飞行器总体设计研究_郭廷宇,48,0.83,1,规则抽取+标准实体映射+重复三元组去重,已规范化,R0404
SR0179,SE0261,大展弦比长航时,性能指标,应用于,SE0266,展弦比,性能指标,增加和容积侵占方面难以满足这一设计需求，为此，对于大展弦比长航时飞行,D4_单-双折叠翼变体飞行器总体设计研究_郭廷宇,41,0.83,1,规则抽取+标准实体映射+重复三元组去重,已规范化,R0440
SR0180,SE0065,头部变体,变形方式,应用于,SE0049,变体技术,变形方式,其中，头部变体技术主要用于实现飞行器的快速,D6_变体飞行器变形方式及气动布局设计关键技术研究进展,36,0.83,1,规则抽取+标准实体映射+重复三元组去重,已规范化,R0571
SR0181,SE0387,容积侵占,设计问题,应用于,SE0261,大展弦比长航时,性能指标,增加和容积侵占方面难以满足这一设计需求，为此，对于大展弦比长航时飞行,D4_单-双折叠翼变体飞行器总体设计研究_郭廷宇,41,0.86,1,规则抽取+标准实体映射+重复三元组去重,已规范化,R0177
SR0182,SE0387,容积侵占,设计问题,应用于,SE0266,展弦比,性能指标,增加和容积侵占方面难以满足这一设计需求，为此，对于大展弦比长航时飞行,D4_单-双折叠翼变体飞行器总体设计研究_郭廷宇,41,0.83,1,规则抽取+标准实体映射+重复三元组去重,已规范化,R0441
SR0183,SE0365,宽速域,任务场景,应用于,SE0364,大空域,任务场景,计技术的研究进展和现状进行了综述和分析。最后，展望了变体技术未来研究方向和发展前景，面向宽速域和大空域飞,D6_变体飞行器变形方式及气动布局设计关键技术研究进展,1,0.86,1,规则抽取+标准实体映射+重复三元组去重,已规范化,R0101
SR0184,SE0365,宽速域,任务场景,应用于,SE0299,气动性能,性能指标,构型飞行器无法满足更宽速域内的气动性能需,D6_变体飞行器变形方式及气动布局设计关键技术研究进展,29,0.86,1,规则抽取+标准实体映射+重复三元组去重,已规范化,R0335
SR0185,SE0098,展开构型,气动布局,应用于,SE0242,低空低马赫数滑翔,性能指标,力的空天飞行器设计方案。通过计算流体力学(CFD)方法，对折叠构型和展开构型的空天飞行器在不同高度、不同马赫数、,D3_跨域变构飞行器变形方案设计及气动特性分析_安英韬,1,0.92,1,规则抽取+标准实体映射+重复三元组去重,高置信通过,R0061
SR0186,SE0098,展开构型,气动布局,应用于,SE0378,超声速,任务场景,离无动力滑翔能力，因此展开构型主要用于超声速,D3_跨域变构飞行器变形方案设计及气动特性分析_安英韬,4,0.86,1,规则抽取+标准实体映射+重复三元组去重,已规范化,R0315
SR0187,SE0266,展弦比,性能指标,应用于,SE0046,单-双折叠翼,变形方式,1)翼展和展弦比：单-双折叠翼变体主要应用于大展弦比长航时飞行器，,D4_单-双折叠翼变体飞行器总体设计研究_郭廷宇,140,0.83,1,规则抽取+标准实体映射+重复三元组去重,已规范化,R0498
SR0188,SE0266,展弦比,性能指标,应用于,SE0049,变体技术,变形方式,变体方案并不适用于大展弦比的大型长航时飞机。为此，提高变体技术的性能收,D4_单-双折叠翼变体飞行器总体设计研究_郭廷宇,31,0.83,1,规则抽取+标准实体映射+重复三元组去重,已规范化,R0383
SR0189,SE0266,展弦比,性能指标,应用于,SE0055,变展长技术,变形方式,大展弦比变展长变体飞行器的设计规律，得出了变展长变体技术应用于大展弦比,D4_单-双折叠翼变体飞行器总体设计研究_郭廷宇,34,0.83,1,规则抽取+标准实体映射+重复三元组去重,已规范化,R0390
SR0190,SE0266,展弦比,性能指标,应用于,SE0016,变构飞行器,飞行器对象,大展弦比变展长变体飞行器的设计规律，得出了变展长变体技术应用于大展弦比,D4_单-双折叠翼变体飞行器总体设计研究_郭廷宇,34,0.83,1,规则抽取+标准实体映射+重复三元组去重,已规范化,R0388
SR0191,SE0266,展弦比,性能指标,应用于,SE0018,大展弦比长航时飞行器,飞行器对象,1)翼展和展弦比：单-双折叠翼变体主要应用于大展弦比长航时飞行器，,D4_单-双折叠翼变体飞行器总体设计研究_郭廷宇,140,0.83,1,规则抽取+标准实体映射+重复三元组去重,已规范化,R0500
SR0192,SE0266,展弦比,性能指标,应用于,SE0163,活动机翼,结构部件,展弦比平直机翼，更适用于梁式的机翼结构；同时，为了收纳活动机翼和固定,D4_单-双折叠翼变体飞行器总体设计研究_郭廷宇,118,0.83,1,规则抽取+标准实体映射+重复三元组去重,已规范化,R0463
SR0193,SE0266,展弦比,性能指标,应用于,SE0482,设计规律,专业概念,大展弦比变展长变体飞行器的设计规律，得出了变展长变体技术应用于大展弦比,D4_单-双折叠翼变体飞行器总体设计研究_郭廷宇,34,0.83,1,规则抽取+标准实体映射+重复三元组去重,已规范化,R0389
SR0194,SE0139,展弦比平直机翼,结构部件,应用于,SE0266,展弦比,性能指标,展弦比平直机翼，更适用于梁式的机翼结构；同时，为了收纳活动机翼和固定,D4_单-双折叠翼变体飞行器总体设计研究_郭廷宇,118,0.83,1,规则抽取+标准实体映射+重复三元组去重,已规范化,R0462
SR0195,SE0139,展弦比平直机翼,结构部件,应用于,SE0163,活动机翼,结构部件,展弦比平直机翼，更适用于梁式的机翼结构；同时，为了收纳活动机翼和固定,D4_单-双折叠翼变体飞行器总体设计研究_郭廷宇,118,0.86,1,规则抽取+标准实体映射+重复三元组去重,已规范化,R0221
SR0196,SE0144,形状记忆合金,结构部件,应用于,SE0148,智能机翼,结构部件,能材料与结构的应用进一步加强，以形状记忆合金,D1_空天变构飞行技术研究现状与未来发展研判_刘思佳,2,0.92,1,规则抽取+标准实体映射+重复三元组去重,高置信通过,R0024
SR0197,SE0477,总体参数拟定,专业概念,应用于,SE0476,平面形状设计,专业概念,展了适用于单-双折叠翼变体飞行器的飞机总体参数拟定方法和平面形状设计方,D4_单-双折叠翼变体飞行器总体设计研究_郭廷宇,5,0.86,1,规则抽取+标准实体映射+重复三元组去重,已规范化,R0135
SR0198,SE0102,折叠构型,气动布局,应用于,SE0354,高空大攻角减速,性能指标,力的空天飞行器设计方案。通过计算流体力学(CFD)方法，对折叠构型和展开构型的空天飞行器在不同高度、不同马赫数、,D3_跨域变构飞行器变形方案设计及气动特性分析_安英韬,1,0.92,1,规则抽取+标准实体映射+重复三元组去重,高置信通过,R0060
SR0199,SE0278,攻角,性能指标,应用于,SE0262,大攻角,性能指标,攻角飞行还是大攻角飞行𝐶௟ఉሺௗ௬௡ሻ均为负，即满足航,D3_跨域变构飞行器变形方案设计及气动特性分析_安英韬,6,0.83,1,规则抽取+标准实体映射+重复三元组去重,已规范化,R0555
SR0200,SE0287,横向气动导数,性能指标,应用于,SE0289,横向静稳定性,性能指标,折叠构型在高超声速状态下的横向气动导数，如图,D3_跨域变构飞行器变形方案设计及气动特性分析_安英韬,5,0.92,1,规则抽取+标准实体映射+重复三元组去重,高置信通过,R0070
SR0201,SE0423,气动优化设计技术,研究方法,应用于,SE0106,气动布局方案优化,气动布局,此外，基于人工智能的气动优化设计技术的,D6_变体飞行器变形方式及气动布局设计关键技术研究进展,35,0.92,1,规则抽取+标准实体映射+重复三元组去重,高置信通过,R0036
SR0202,SE0291,气动力,性能指标,应用于,SE0254,升力,性能指标,3)飞机的几何外形应满足气动力驱动变体对于飞机升力分布和舵效的要,D4_单-双折叠翼变体飞行器总体设计研究_郭廷宇,124,0.83,1,规则抽取+标准实体映射+重复三元组去重,已规范化,R0529
SR0203,SE0195,气动力驱动变体,机构/执行系统,应用于,SE0254,升力,性能指标,3)飞机的几何外形应满足气动力驱动变体对于飞机升力分布和舵效的要,D4_单-双折叠翼变体飞行器总体设计研究_郭廷宇,124,0.83,1,规则抽取+标准实体映射+重复三元组去重,已规范化,R0528
SR0204,SE0195,气动力驱动变体,机构/执行系统,应用于,SE0291,气动力,性能指标,3)飞机的几何外形应满足气动力驱动变体对于飞机升力分布和舵效的要,D4_单-双折叠翼变体飞行器总体设计研究_郭廷宇,124,0.83,1,规则抽取+标准实体映射+重复三元组去重,已规范化,R0527
SR0205,SE0105,气动布局,气动布局,应用于,SE0218,控制方案,控制方法,气动布局设计是飞行器结构、控制方案设计,D6_变体飞行器变形方式及气动布局设计关键技术研究进展,30,0.92,1,规则抽取+标准实体映射+重复三元组去重,高置信通过,R0031
SR0206,SE0105,气动布局,气动布局,应用于,SE0168,结构设计,结构部件,估技术是指导气动布局设计、结构设计、控制系,D6_变体飞行器变形方式及气动布局设计关键技术研究进展,31,0.92,1,规则抽取+标准实体映射+重复三元组去重,高置信通过,R0030
SR0207,SE0299,气动性能,性能指标,应用于,SE0094,双翼布局,气动布局,维展向气动特性，并根据研究结果总结提炼出适用于双翼布局飞行器总体设计的,D4_单-双折叠翼变体飞行器总体设计研究_郭廷宇,52,0.83,1,规则抽取+标准实体映射+重复三元组去重,已规范化,R0417
SR0208,SE0299,气动性能,性能指标,应用于,SE0478,总体设计,专业概念,维展向气动特性，并根据研究结果总结提炼出适用于双翼布局飞行器总体设计的,D4_单-双折叠翼变体飞行器总体设计研究_郭廷宇,52,0.83,1,规则抽取+标准实体映射+重复三元组去重,已规范化,R0418
SR0209,SE0163,活动机翼,结构部件,应用于,SE0093,双翼,气动布局,活动机翼的内侧端面向前偏转变形；在双翼状态，,D4_单-双折叠翼变体飞行器总体设计研究_郭廷宇,116,0.86,1,规则抽取+标准实体映射+重复三元组去重,已规范化,R0316
SR0210,SE0163,活动机翼,结构部件,应用于,SE0321,翼展,专业概念,式适用于机翼形状与RQ-4A 相同，固定机翼和活动机翼翼展相等时的情形。,D4_单-双折叠翼变体飞行器总体设计研究_郭廷宇,134,0.83,1,规则抽取+标准实体映射+重复三元组去重,已规范化,R0372
SR0211,SE0078,滑动蒙皮,变形方式,应用于,SE0067,折叠翼,变形方式,可应用于伸缩机翼、滑动蒙皮机翼和折叠机翼的,D6_变体飞行器变形方式及气动布局设计关键技术研究进展,35,0.86,1,规则抽取+标准实体映射+重复三元组去重,已规范化,R0326
SR0212,SE0371,爬升,任务场景,应用于,SE0376,起降阶段,专业概念,持一定的爬升率；在起降阶段，飞机的推重比应满足起降距离的要求。在飞行,D4_单-双折叠翼变体飞行器总体设计研究_郭廷宇,123,0.86,1,规则抽取+标准实体映射+重复三元组去重,已规范化,R0228
SR0213,SE0226,等离子体激励,专业概念,应用于,SE0202,主动流动控制,控制方法,［124］、迎风凹腔、等离子体激励等传统,D6_变体飞行器变形方式及气动布局设计关键技术研究进展,30,0.92,1,规则抽取+标准实体映射+重复三元组去重,高置信通过,R0081
SR0214,SE0317,纵向压心系数,性能指标,应用于,SE0318,纵向稳定性,性能指标,的亚声速条件下纵向压心系数随攻角的变化曲线。,D3_跨域变构飞行器变形方案设计及气动特性分析_安英韬,5,0.92,1,规则抽取+标准实体映射+重复三元组去重,高置信通过,R0068
SR0215,SE0167,结构强度,结构部件,应用于,SE0055,变展长技术,变形方式,形尺度较小，其结构强度也无法满足大型飞行器的需求。综合来看，这些变展长,D4_单-双折叠翼变体飞行器总体设计研究_郭廷宇,31,0.86,1,规则抽取+标准实体映射+重复三元组去重,已规范化,R0142
SR0216,SE0171,翼型,结构部件,应用于,SE0095,双翼构型,气动布局,装了一段厚翼型形状的翼台，该翼台用于在双翼构型下固定活动机翼。机身尾,D4_单-双折叠翼变体飞行器总体设计研究_郭廷宇,142,0.86,1,规则抽取+标准实体映射+重复三元组去重,已规范化,R0244
SR0217,SE0171,翼型,结构部件,应用于,SE0163,活动机翼,结构部件,装了一段厚翼型形状的翼台，该翼台用于在双翼构型下固定活动机翼。机身尾,D4_单-双折叠翼变体飞行器总体设计研究_郭廷宇,142,0.86,1,规则抽取+标准实体映射+重复三元组去重,已规范化,R0245
SR0218,SE0321,翼展,专业概念,应用于,SE0046,单-双折叠翼,变形方式,1)翼展和展弦比：单-双折叠翼变体主要应用于大展弦比长航时飞行器，,D4_单-双折叠翼变体飞行器总体设计研究_郭廷宇,140,0.83,1,规则抽取+标准实体映射+重复三元组去重,已规范化,R0499
SR0219,SE0321,翼展,专业概念,应用于,SE0018,大展弦比长航时飞行器,飞行器对象,1)翼展和展弦比：单-双折叠翼变体主要应用于大展弦比长航时飞行器，,D4_单-双折叠翼变体飞行器总体设计研究_郭廷宇,140,0.83,1,规则抽取+标准实体映射+重复三元组去重,已规范化,R0501
SR0220,SE0321,翼展,专业概念,应用于,SE0266,展弦比,性能指标,1)翼展和展弦比：单-双折叠翼变体主要应用于大展弦比长航时飞行器，,D4_单-双折叠翼变体飞行器总体设计研究_郭廷宇,140,0.83,1,规则抽取+标准实体映射+重复三元组去重,已规范化,R0497
SR0221,SE0323,航向气动导数,性能指标,应用于,SE0325,航向静稳定性,性能指标,况，因此，不能简单从航向气动导数来判定飞行器,D3_跨域变构飞行器变形方案设计及气动特性分析_安英韬,5,0.92,1,规则抽取+标准实体映射+重复三元组去重,高置信通过,R0071
SR0222,SE0481,荷兰滚模态判据,专业概念,应用于,SE0325,航向静稳定性,性能指标,向稳定性的荷兰滚模态判据。可以看出，无论是小,D3_跨域变构飞行器变形方案设计及气动特性分析_安英韬,6,0.92,1,规则抽取+标准实体映射+重复三元组去重,高置信通过,R0067
SR0223,SE0398,设计约束,设计问题,应用于,SE0470,几何外形设计,专业概念,在满足设计约束的基础上，单-双折叠翼变体飞机的几何外形设计还需要进一,D4_单-双折叠翼变体飞行器总体设计研究_郭廷宇,124,0.86,1,规则抽取+标准实体映射+重复三元组去重,已规范化,R0232
SR0224,SE0398,设计约束,设计问题,应用于,SE0046,单-双折叠翼,变形方式,器设计中，推重比应同时满足上述三项设计约束。对于单-双折叠翼变体飞行,D4_单-双折叠翼变体飞行器总体设计研究_郭廷宇,123,0.86,1,规则抽取+标准实体映射+重复三元组去重,已规范化,R0229
SR0225,SE0398,设计约束,设计问题,应用于,SE0012,单-双折叠翼变体飞行器,飞行器对象,在满足设计约束的基础上，单-双折叠翼变体飞机的几何外形设计还需要进一,D4_单-双折叠翼变体飞行器总体设计研究_郭廷宇,124,0.86,1,规则抽取+标准实体映射+重复三元组去重,已规范化,R0230
SR0226,SE0482,设计规律,专业概念,应用于,SE0055,变展长技术,变形方式,大展弦比变展长变体飞行器的设计规律，得出了变展长变体技术应用于大展弦比,D4_单-双折叠翼变体飞行器总体设计研究_郭廷宇,34,0.86,1,规则抽取+标准实体映射+重复三元组去重,已规范化,R0147
SR0227,SE0035,飞行器气动布局,飞行器对象,应用于,SE0107,气动布局设计,气动布局,法已无法满足变体飞行器气动布局设计的需要。,D6_变体飞行器变形方式及气动布局设计关键技术研究进展,36,0.86,1,规则抽取+标准实体映射+重复三元组去重,已规范化,R0329
SR0228,SE0240,鸭翼舵面控制,控制方法,应用于,SE0022,导弹,飞行器对象,较大的操纵力矩。此外，与鸭翼舵面控制导弹相,D6_变体飞行器变形方式及气动布局设计关键技术研究进展,6,0.92,1,规则抽取+标准实体映射+重复三元组去重,高置信通过,R0074
SR0229,SE0440,ACADO,项目/机构,影响,SE0124,副翼,结构部件,20000 N·m。经ACADO 计算，此时固定机翼副翼可产生的最大滚转控制力矩,D4_单-双折叠翼变体飞行器总体设计研究_郭廷宇,103,0.86,1,规则抽取+标准实体映射+重复三元组去重,已规范化,R0584
SR0230,SE0440,ACADO,项目/机构,影响,SE0046,单-双折叠翼,变形方式,开展分析，ACADO 具有模块化的结构，可以将单-双折叠翼变体带来的各项,D4_单-双折叠翼变体飞行器总体设计研究_郭廷宇,133,0.86,1,规则抽取+标准实体映射+重复三元组去重,已规范化,R0621
SR0231,SE0440,ACADO,项目/机构,影响,SE0129,固定机翼,结构部件,20000 N·m。经ACADO 计算，此时固定机翼副翼可产生的最大滚转控制力矩,D4_单-双折叠翼变体飞行器总体设计研究_郭廷宇,103,0.86,1,规则抽取+标准实体映射+重复三元组去重,已规范化,R0582
SR0232,SE0440,ACADO,项目/机构,影响,SE0223,滚转控制,控制方法,20000 N·m。经ACADO 计算，此时固定机翼副翼可产生的最大滚转控制力矩,D4_单-双折叠翼变体飞行器总体设计研究_郭廷宇,103,0.86,1,规则抽取+标准实体映射+重复三元组去重,已规范化,R0585
SR0233,SE0086,上下机翼,气动布局,影响,SE0093,双翼,气动布局,1)上下机翼的位置关系对双翼气动性能的影响,D4_单-双折叠翼变体飞行器总体设计研究_郭廷宇,55,0.86,1,规则抽取+标准实体映射+重复三元组去重,已规范化,R0891
SR0234,SE0086,上下机翼,气动布局,影响,SE0299,气动性能,性能指标,1)上下机翼的位置关系对双翼气动性能的影响,D4_单-双折叠翼变体飞行器总体设计研究_郭廷宇,55,0.86,1,规则抽取+标准实体映射+重复三元组去重,已规范化,R0892
SR0235,SE0086,上下机翼,气动布局,影响,SE0322,翼展比,性能指标,4)上下机翼的翼展比对于双翼升力阻力特性的影响,D4_单-双折叠翼变体飞行器总体设计研究_郭廷宇,75,0.86,1,规则抽取+标准实体映射+重复三元组去重,已规范化,R0860
SR0236,SE0115,上机翼,结构部件,影响,SE0116,下机翼,结构部件,过重叠网格的移动改变上机翼相对于下机翼的位置相对位置x 和y ，其中上机,D4_单-双折叠翼变体飞行器总体设计研究_郭廷宇,56,0.86,1,规则抽取+标准实体映射+重复三元组去重,已规范化,R0618
SR0237,SE0115,上机翼,结构部件,影响,SE0093,双翼,气动布局,为了研究上机翼上反对于双翼升力阻力特性的影响，在保持翼根处上下翼间,D4_单-双折叠翼变体飞行器总体设计研究_郭廷宇,77,0.86,2,规则抽取+标准实体映射+重复三元组去重,已规范化,R0804；R0923
SR0238,SE0115,上机翼,结构部件,影响,SE0129,固定机翼,结构部件,构型翼展固定的情况下，间断位置决定了活动机翼(上翼)和固定机翼(下,D4_单-双折叠翼变体飞行器总体设计研究_郭廷宇,128,0.86,1,规则抽取+标准实体映射+重复三元组去重,已规范化,R0811
SR0239,SE0115,上机翼,结构部件,影响,SE0299,气动性能,性能指标,比、翼展比、上机翼上反等设计参数对于双翼气动性能的影响，并得出了双翼,D4_单-双折叠翼变体飞行器总体设计研究_郭廷宇,93,0.86,1,规则抽取+标准实体映射+重复三元组去重,已规范化,R0731
SR0240,SE0087,二维双翼,气动布局,影响,SE0299,气动性能,性能指标,于二维双翼气动性能的影响，并结合双翼的流场结构，总结了多条双翼气动设,D4_单-双折叠翼变体飞行器总体设计研究_郭廷宇,93,0.86,1,规则抽取+标准实体映射+重复三元组去重,已规范化,R0729
SR0241,SE0385,产品化推进,专业概念,影响,SE0395,综合指标,专业概念,提出现阶段变构飞行的高成本特征是其无法顺利向产品化推进的重要限制之一；采取费效比等综合指标方式对变构飞行的代,D1_空天变构飞行技术研究现状与未来发展研判_刘思佳,1,0.86,1,规则抽取+标准实体映射+重复三元组去重,已规范化,R0578
SR0242,SE0385,产品化推进,专业概念,影响,SE0399,费效比,设计问题,提出现阶段变构飞行的高成本特征是其无法顺利向产品化推进的重要限制之一；采取费效比等综合指标方式对变构飞行的代,D1_空天变构飞行技术研究现状与未来发展研判_刘思佳,1,0.86,1,规则抽取+标准实体映射+重复三元组去重,已规范化,R0577
SR0243,SE0041,伸缩翼,变形方式,影响,SE0169,结构重量,结构部件,图 1.20 王礼佳等人研发的多级伸缩式的伸缩机翼 ..................................... 11,D4_单-双折叠翼变体飞行器总体设计研究_郭廷宇,11,0.92,1,规则抽取+标准实体映射+重复三元组去重,高置信通过,R0019
SR0244,SE0041,伸缩翼,变形方式,影响,SE0321,翼展,专业概念,对伸缩机翼导弹的研究表明改变机翼翼展可以,D6_变体飞行器变形方式及气动布局设计关键技术研究进展,20,0.92,1,规则抽取+标准实体映射+重复三元组去重,高置信通过,R0017
SR0245,SE0247,俯仰力矩,性能指标,影响,SE0124,副翼,结构部件,翼偏转所产生的额外俯仰力矩。当副翼偏转时，机翼的升力大小和升力中心位,D4_单-双折叠翼变体飞行器总体设计研究_郭廷宇,90,0.83,1,规则抽取+标准实体映射+重复三元组去重,已规范化,R1156
SR0246,SE0247,俯仰力矩,性能指标,影响,SE0254,升力,性能指标,翼偏转所产生的额外俯仰力矩。当副翼偏转时，机翼的升力大小和升力中心位,D4_单-双折叠翼变体飞行器总体设计研究_郭廷宇,90,0.83,1,规则抽取+标准实体映射+重复三元组去重,已规范化,R1157
SR0247,SE0247,俯仰力矩,性能指标,影响,SE0278,攻角,性能指标,起的俯仰力矩变化远大于机翼攻角改变所引起的俯仰力矩变化，活动机翼和连杆,D4_单-双折叠翼变体飞行器总体设计研究_郭廷宇,94,0.83,1,规则抽取+标准实体映射+重复三元组去重,已规范化,R1070
SR0248,SE0247,俯仰力矩,性能指标,影响,SE0163,活动机翼,结构部件,转对于机翼俯仰力矩的影响。据此，若连杆与活动机翼的连接处位于45%弦,D4_单-双折叠翼变体飞行器总体设计研究_郭廷宇,92,0.83,1,规则抽取+标准实体映射+重复三元组去重,已规范化,R1163
SR0249,SE0124,副翼,结构部件,影响,SE0247,俯仰力矩,性能指标,化远小于因副翼偏转所产生的俯仰力矩变化，因此在设计中应更多考虑副翼偏,D4_单-双折叠翼变体飞行器总体设计研究_郭廷宇,92,0.83,1,规则抽取+标准实体映射+重复三元组去重,已规范化,R1162
SR0250,SE0124,副翼,结构部件,影响,SE0254,升力,性能指标,(a)变体前，活动机翼的副翼上偏，使机翼升力与重力刚好抵消，从而解开机翼固定,D4_单-双折叠翼变体飞行器总体设计研究_郭廷宇,44,0.83,1,规则抽取+标准实体映射+重复三元组去重,已规范化,R0952
SR0251,SE0124,副翼,结构部件,影响,SE0291,气动力,性能指标,在双翼构型下的气动特性、变体过程中的气动特性以及气动力驱动变体的副翼特,D4_单-双折叠翼变体飞行器总体设计研究_郭廷宇,5,0.92,1,规则抽取+标准实体映射+重复三元组去重,高置信通过,R0045
SR0252,SE0124,副翼,结构部件,影响,SE0163,活动机翼,结构部件,变化和副翼偏转角度变化而产生的俯仰力矩，则连杆与活动机翼的连接点可以,D4_单-双折叠翼变体飞行器总体设计研究_郭廷宇,92,0.86,1,规则抽取+标准实体映射+重复三元组去重,已规范化,R0728
SR0253,SE0124,副翼,结构部件,影响,SE0310,滚转力矩,性能指标,(d)当两个副翼差动时，产生滚转力矩，控制机翼自转,D4_单-双折叠翼变体飞行器总体设计研究_郭廷宇,45,0.86,1,规则抽取+标准实体映射+重复三元组去重,已规范化,R0859
SR0254,SE0124,副翼,结构部件,影响,SE0223,滚转控制,控制方法,20000 N·m。经ACADO 计算，此时固定机翼副翼可产生的最大滚转控制力矩,D4_单-双折叠翼变体飞行器总体设计研究_郭廷宇,103,0.86,1,规则抽取+标准实体映射+重复三元组去重,已规范化,R0581
SR0255,SE0254,升力,性能指标,影响,SE0093,双翼,气动布局,气动特性的影响非常小。除最大升力系数有所区别外，不同梢根比的双翼升力,D4_单-双折叠翼变体飞行器总体设计研究_郭廷宇,74,0.83,1,规则抽取+标准实体映射+重复三元组去重,已规范化,R1126
SR0256,SE0254,升力,性能指标,影响,SE0051,变体过程,变形方式,均产生升力，且二者的升力之和等于飞机的重力。在变体过程中，全机的升力,D4_单-双折叠翼变体飞行器总体设计研究_郭廷宇,89,0.83,1,规则抽取+标准实体映射+重复三元组去重,已规范化,R1149
SR0257,SE0254,升力,性能指标,影响,SE0286,梢根比,性能指标,气动特性的影响非常小。除最大升力系数有所区别外，不同梢根比的双翼升力,D4_单-双折叠翼变体飞行器总体设计研究_郭廷宇,74,0.83,1,规则抽取+标准实体映射+重复三元组去重,已规范化,R1124
SR0258,SE0254,升力,性能指标,影响,SE0163,活动机翼,结构部件,和升力中心的位置也发生改变，此时活动机翼的升力和重力在活动机翼和连杆,D4_单-双折叠翼变体飞行器总体设计研究_郭廷宇,106,0.83,1,规则抽取+标准实体映射+重复三元组去重,已规范化,R1178
SR0259,SE0046,单-双折叠翼,变形方式,影响,SE0470,几何外形设计,专业概念,单-双折叠翼变体给飞机几何外形设计主要带来了两方面的影响，一是改,D4_单-双折叠翼变体飞行器总体设计研究_郭廷宇,125,0.86,1,规则抽取+标准实体映射+重复三元组去重,已规范化,R0834
SR0260,SE0046,单-双折叠翼,变形方式,影响,SE0051,变体过程,变形方式,图 6.2 单-双折叠翼变体过程中升力和重力的产生的扭矩,D4_单-双折叠翼变体飞行器总体设计研究_郭廷宇,106,0.86,1,规则抽取+标准实体映射+重复三元组去重,已规范化,R0847
SR0261,SE0046,单-双折叠翼,变形方式,影响,SE0266,展弦比,性能指标,机总体设计方法带来了新的挑战。一方面，单-双折叠翼变体解决了大展弦比,D4_单-双折叠翼变体飞行器总体设计研究_郭廷宇,120,0.83,1,规则抽取+标准实体映射+重复三元组去重,已规范化,R1192
SR0262,SE0046,单-双折叠翼,变形方式,影响,SE0073,机翼扭转,变形方式,翼尖负扭转的设计，单-双折叠翼变体基本不改变原有的机翼扭转角的设计规,D4_单-双折叠翼变体飞行器总体设计研究_郭廷宇,126,0.86,1,规则抽取+标准实体映射+重复三元组去重,已规范化,R0766
SR0263,SE0046,单-双折叠翼,变形方式,影响,SE0291,气动力,性能指标,果，以及飞机平面外形设计参数对单-双折叠翼变体的影响和气动力驱动变体,D4_单-双折叠翼变体飞行器总体设计研究_郭廷宇,33,0.83,1,规则抽取+标准实体映射+重复三元组去重,已规范化,R1077
SR0264,SE0046,单-双折叠翼,变形方式,影响,SE0195,气动力驱动变体,机构/执行系统,果，以及飞机平面外形设计参数对单-双折叠翼变体的影响和气动力驱动变体,D4_单-双折叠翼变体飞行器总体设计研究_郭廷宇,33,0.86,2,规则抽取+标准实体映射+重复三元组去重,已规范化,R0677；R0748
SR0265,SE0046,单-双折叠翼,变形方式,影响,SE0396,设计准则,专业概念,果表明，单-双折叠翼变体基本不改变大展弦比飞行器原有的设计准则和设计,D4_单-双折叠翼变体飞行器总体设计研究_郭廷宇,139,0.86,1,规则抽取+标准实体映射+重复三元组去重,已规范化,R0782
SR0266,SE0012,单-双折叠翼变体飞行器,飞行器对象,影响,SE0470,几何外形设计,专业概念,定的影响；其后，开展了单-双折叠翼变体飞行器的几何外形设计方法研究，,D4_单-双折叠翼变体飞行器总体设计研究_郭廷宇,120,0.86,1,规则抽取+标准实体映射+重复三元组去重,已规范化,R0749
SR0267,SE0012,单-双折叠翼变体飞行器,飞行器对象,影响,SE0124,副翼,结构部件,小。但对于单-双折叠翼变体飞行器来说，活动机翼的副翼偏转所产生的俯仰,D4_单-双折叠翼变体飞行器总体设计研究_郭廷宇,90,0.86,1,规则抽取+标准实体映射+重复三元组去重,已规范化,R0727
SR0268,SE0012,单-双折叠翼变体飞行器,飞行器对象,影响,SE0095,双翼构型,气动布局,行稳定性的影响也越小(单-双折叠翼变体飞机在双翼构型下活动机翼的气动,D4_单-双折叠翼变体飞行器总体设计研究_郭廷宇,126,0.86,1,规则抽取+标准实体映射+重复三元组去重,已规范化,R0763
SR0269,SE0012,单-双折叠翼变体飞行器,飞行器对象,影响,SE0163,活动机翼,结构部件,小。但对于单-双折叠翼变体飞行器来说，活动机翼的副翼偏转所产生的俯仰,D4_单-双折叠翼变体飞行器总体设计研究_郭廷宇,90,0.86,2,规则抽取+标准实体映射+重复三元组去重,已规范化,R0726；R0764
SR0270,SE0089,单翼构型,气动布局,影响,SE0095,双翼构型,气动布局,数。在阻力方面，排除连杆对于阻力的影响，相较于单翼构型，双翼构型的零,D4_单-双折叠翼变体飞行器总体设计研究_郭廷宇,78,0.86,1,规则抽取+标准实体映射+重复三元组去重,已规范化,R0717
SR0271,SE0093,双翼,气动布局,影响,SE0296,气动干扰,性能指标,前一直在飞机中占据主导地位。但由于双翼之间的气动干扰和支柱等结构带来,D4_单-双折叠翼变体飞行器总体设计研究_郭廷宇,52,0.83,1,规则抽取+标准实体映射+重复三元组去重,已规范化,R1093
SR0272,SE0093,双翼,气动布局,影响,SE0299,气动性能,性能指标,结果可以看出，在一定范围内，翼展比的变化对于双翼气动特性的影响同样非,D4_单-双折叠翼变体飞行器总体设计研究_郭廷宇,75,0.83,2,规则抽取+标准实体映射+重复三元组去重,已规范化,R0890；R1134
SR0273,SE0093,双翼,气动布局,影响,SE0327,诱导阻力,性能指标,翼升力分布本身较差，梢根比的变化对于双翼展向流动和诱导阻力的影响较,D4_单-双折叠翼变体飞行器总体设计研究_郭廷宇,126,0.86,1,规则抽取+标准实体映射+重复三元组去重,已规范化,R0809
SR0274,SE0095,双翼构型,气动布局,影响,SE0256,升阻比,性能指标,束产生影响。在起降时飞机为双翼构型，阻力系数较高，起降升阻比相较于常,D4_单-双折叠翼变体飞行器总体设计研究_郭廷宇,123,0.83,1,规则抽取+标准实体映射+重复三元组去重,已规范化,R1208
SR0275,SE0095,双翼构型,气动布局,影响,SE0299,气动性能,性能指标,小，梢根比的变化对于双翼构型下飞机的气动性能影响不大。,D4_单-双折叠翼变体飞行器总体设计研究_郭廷宇,126,0.86,1,规则抽取+标准实体映射+重复三元组去重,已规范化,R0852
SR0276,SE0095,双翼构型,气动布局,影响,SE0163,活动机翼,结构部件,行稳定性的影响也越小(单-双折叠翼变体飞机在双翼构型下活动机翼的气动,D4_单-双折叠翼变体飞行器总体设计研究_郭廷宇,126,0.86,1,规则抽取+标准实体映射+重复三元组去重,已规范化,R0762
SR0277,SE0095,双翼构型,气动布局,影响,SE0172,翼根,结构部件,机翼之间的间距会受到机身高度的限制。若在双翼构型下，保持翼根处上下机,D4_单-双折叠翼变体飞行器总体设计研究_郭廷宇,76,0.86,1,规则抽取+标准实体映射+重复三元组去重,已规范化,R0712
SR0278,SE0095,双翼构型,气动布局,影响,SE0337,阻力,性能指标,束产生影响。在起降时飞机为双翼构型，阻力系数较高，起降升阻比相较于常,D4_单-双折叠翼变体飞行器总体设计研究_郭廷宇,123,0.83,1,规则抽取+标准实体映射+重复三元组去重,已规范化,R1205
SR0279,SE0095,双翼构型,气动布局,影响,SE0338,阻力系数,性能指标,束产生影响。在起降时飞机为双翼构型，阻力系数较高，起降升阻比相较于常,D4_单-双折叠翼变体飞行器总体设计研究_郭廷宇,123,0.86,1,规则抽取+标准实体映射+重复三元组去重,已规范化,R0752
SR0280,SE0188,变体机构,机构/执行系统,影响,SE0051,变体过程,变形方式,等过大，影响变体机构和机翼结构的安全；此外，考虑到变体过程中可能会损,D4_单-双折叠翼变体飞行器总体设计研究_郭廷宇,121,0.86,1,规则抽取+标准实体映射+重复三元组去重,已规范化,R0751
SR0281,SE0188,变体机构,机构/执行系统,影响,SE0334,重量代价,性能指标,机翼原有的机翼结构方案的影响、变体机构的尺寸和重量代价等。变体机构和,D4_单-双折叠翼变体飞行器总体设计研究_郭廷宇,105,0.86,1,规则抽取+标准实体映射+重复三元组去重,已规范化,R0737
SR0282,SE0051,变体过程,变形方式,影响,SE0124,副翼,结构部件,功与否；另一方面，变体过程中副翼的偏转也会带来额外的力和力矩，这些力,D4_单-双折叠翼变体飞行器总体设计研究_郭廷宇,88,0.86,1,规则抽取+标准实体映射+重复三元组去重,已规范化,R0722
SR0283,SE0051,变体过程,变形方式,影响,SE0255,升力系数,性能指标,图 4.52 变体过程中非定常效应引起的升力系数变化,D4_单-双折叠翼变体飞行器总体设计研究_郭廷宇,87,0.86,1,规则抽取+标准实体映射+重复三元组去重,已规范化,R0856
SR0284,SE0051,变体过程,变形方式,影响,SE0095,双翼构型,气动布局,变体过程中活动机翼产生的尾流对于尾翼的影响。在双翼构型下，活动机翼和,D4_单-双折叠翼变体飞行器总体设计研究_郭廷宇,125,0.86,1,规则抽取+标准实体映射+重复三元组去重,已规范化,R0761
SR0285,SE0051,变体过程,变形方式,影响,SE0138,尾翼,结构部件,变体过程中活动机翼产生的尾流对于尾翼的影响。在双翼构型下，活动机翼和,D4_单-双折叠翼变体飞行器总体设计研究_郭廷宇,125,0.83,1,规则抽取+标准实体映射+重复三元组去重,已规范化,R1220
SR0286,SE0051,变体过程,变形方式,影响,SE0218,控制方案,控制方法,在双翼构型下的气动特性、变体过程中的气动特性以及气动力驱动变体的副翼特,D4_单-双折叠翼变体飞行器总体设计研究_郭廷宇,5,0.92,1,规则抽取+标准实体映射+重复三元组去重,高置信通过,R0049
SR0287,SE0051,变体过程,变形方式,影响,SE0291,气动力,性能指标,应，以及变体过程中气动力变化对飞机气动稳定性的影响；最后，对气动力驱,D4_单-双折叠翼变体飞行器总体设计研究_郭廷宇,32,0.83,1,规则抽取+标准实体映射+重复三元组去重,已规范化,R1075
SR0288,SE0051,变体过程,变形方式,影响,SE0299,气动性能,性能指标,在双翼构型下的气动特性、变体过程中的气动特性以及气动力驱动变体的副翼特,D4_单-双折叠翼变体飞行器总体设计研究_郭廷宇,5,0.92,1,规则抽取+标准实体映射+重复三元组去重,高置信通过,R0047
SR0289,SE0051,变体过程,变形方式,影响,SE0163,活动机翼,结构部件,在变体过程中，两侧活动机翼不对称时，不对称的阻力将会产生偏航力,D4_单-双折叠翼变体飞行器总体设计研究_郭廷宇,101,0.86,1,规则抽取+标准实体映射+重复三元组去重,已规范化,R0838
SR0290,SE0051,变体过程,变形方式,影响,SE0310,滚转力矩,性能指标,在变体过程中，当两侧机翼连杆的拉力不对称时，会产生滚转力矩，如图,D4_单-双折叠翼变体飞行器总体设计研究_郭廷宇,101,0.86,1,规则抽取+标准实体映射+重复三元组去重,已规范化,R0832
SR0291,SE0051,变体过程,变形方式,影响,SE0400,非定常效应,专业概念,4.3.3 变体过程中的非定常效应 ............................................................ 68,D4_单-双折叠翼变体飞行器总体设计研究_郭廷宇,9,0.92,1,规则抽取+标准实体映射+重复三元组去重,高置信通过,R0048
SR0292,SE0051,变体过程,变形方式,影响,SE0238,飞行控制,控制方法,尖涡流，这可能会对变体过程中的飞行控制产生不利干扰，在制定变体控制方,D4_单-双折叠翼变体飞行器总体设计研究_郭廷宇,88,0.83,1,规则抽取+标准实体映射+重复三元组去重,已规范化,R1148
SR0293,SE0054,变后掠翼,变形方式,影响,SE0061,变构方式,变形方式,针对改变后掠角的变构方式，对风洞试验过程中表,D1_空天变构飞行技术研究现状与未来发展研判_刘思佳,2,0.86,1,规则抽取+标准实体映射+重复三元组去重,已规范化,R0865
SR0294,SE0054,变后掠翼,变形方式,影响,SE0290,气动中心,性能指标,但是由于变后掠时气动中心的变化会产生低头,D6_变体飞行器变形方式及气动布局设计关键技术研究进展,9,0.86,1,规则抽取+标准实体映射+重复三元组去重,已规范化,R0927
SR0295,SE0054,变后掠翼,变形方式,影响,SE0436,风洞试验,研究方法,针对改变后掠角的变构方式，对风洞试验过程中表,D1_空天变构飞行技术研究现状与未来发展研判_刘思佳,2,0.86,1,规则抽取+标准实体映射+重复三元组去重,已规范化,R0867
SR0296,SE0061,变构方式,变形方式,影响,SE0436,风洞试验,研究方法,针对改变后掠角的变构方式，对风洞试验过程中表,D1_空天变构飞行技术研究现状与未来发展研判_刘思佳,2,0.86,1,规则抽取+标准实体映射+重复三元组去重,已规范化,R0866
SR0297,SE0016,变构飞行器,飞行器对象,影响,SE0046,单-双折叠翼,变形方式,变体飞行器的期望设计参数对比。可以看出，单-双折叠翼变体所带来的新设,D4_单-双折叠翼变体飞行器总体设计研究_郭廷宇,127,0.86,1,规则抽取+标准实体映射+重复三元组去重,已规范化,R0770
SR0298,SE0016,变构飞行器,飞行器对象,影响,SE0188,变体机构,机构/执行系统,-双折叠翼变体飞行器来说，其变体机构主要位于机翼，不影响机身油箱的安,D4_单-双折叠翼变体飞行器总体设计研究_郭廷宇,127,0.86,1,规则抽取+标准实体映射+重复三元组去重,已规范化,R0768
SR0299,SE0129,固定机翼,结构部件,影响,SE0124,副翼,结构部件,20000 N·m。经ACADO 计算，此时固定机翼副翼可产生的最大滚转控制力矩,D4_单-双折叠翼变体飞行器总体设计研究_郭廷宇,103,0.86,1,规则抽取+标准实体映射+重复三元组去重,已规范化,R0580
SR0300,SE0129,固定机翼,结构部件,影响,SE0223,滚转控制,控制方法,20000 N·m。经ACADO 计算，此时固定机翼副翼可产生的最大滚转控制力矩,D4_单-双折叠翼变体飞行器总体设计研究_郭廷宇,103,0.86,1,规则抽取+标准实体映射+重复三元组去重,已规范化,R0583
SR0301,SE0137,大展弦比机翼,结构部件,影响,SE0169,结构重量,结构部件,大展弦比机翼可以极大地降低飞机的诱导阻力，提高飞机的升阻比，但随着,D4_单-双折叠翼变体飞行器总体设计研究_郭廷宇,20,0.92,1,规则抽取+标准实体映射+重复三元组去重,高置信通过,R0055
SR0302,SE0018,大展弦比长航时飞行器,飞行器对象,影响,SE0359,亚声速,任务场景,后掠角：大展弦比长航时飞行器一般巡航在无激波产生的亚声速，没有,D4_单-双折叠翼变体飞行器总体设计研究_郭廷宇,126,0.86,1,规则抽取+标准实体映射+重复三元组去重,已规范化,R0840
SR0303,SE0138,尾翼,结构部件,影响,SE0095,双翼构型,气动布局,变体过程中活动机翼产生的尾流对于尾翼的影响。在双翼构型下，活动机翼和,D4_单-双折叠翼变体飞行器总体设计研究_郭廷宇,125,0.83,1,规则抽取+标准实体映射+重复三元组去重,已规范化,R1218
SR0304,SE0266,展弦比,性能指标,影响,SE0256,升阻比,性能指标,说，增大机翼的展弦比，是降低诱导阻力，提高巡航升阻比的最有效手段。但大,D4_单-双折叠翼变体飞行器总体设计研究_郭廷宇,5,0.92,1,规则抽取+标准实体映射+重复三元组去重,高置信通过,R0053
SR0305,SE0266,展弦比,性能指标,影响,SE0055,变展长技术,变形方式,场地和气象条件限制等约束，为飞行器选择最优的翼展和展弦比。将变展长变体,D4_单-双折叠翼变体飞行器总体设计研究_郭廷宇,34,0.83,1,规则抽取+标准实体映射+重复三元组去重,已规范化,R1028
SR0306,SE0266,展弦比,性能指标,影响,SE0167,结构强度,结构部件,展弦比在35 左右，但由于结构强度、起降翼展等方面的限制，实际的展弦比在,D4_单-双折叠翼变体飞行器总体设计研究_郭廷宇,37,0.83,1,规则抽取+标准实体映射+重复三元组去重,已规范化,R0969
SR0307,SE0266,展弦比,性能指标,影响,SE0321,翼展,专业概念,展弦比在35 左右，但由于结构强度、起降翼展等方面的限制，实际的展弦比在,D4_单-双折叠翼变体飞行器总体设计研究_郭廷宇,37,0.83,1,规则抽取+标准实体映射+重复三元组去重,已规范化,R0971
SR0308,SE0266,展弦比,性能指标,影响,SE0396,设计准则,专业概念,果表明，单-双折叠翼变体基本不改变大展弦比飞行器原有的设计准则和设计,D4_单-双折叠翼变体飞行器总体设计研究_郭廷宇,139,0.83,1,规则抽取+标准实体映射+重复三元组去重,已规范化,R1240
SR0309,SE0266,展弦比,性能指标,影响,SE0327,诱导阻力,性能指标,说，增大机翼的展弦比，是降低诱导阻力，提高巡航升阻比的最有效手段。但大,D4_单-双折叠翼变体飞行器总体设计研究_郭廷宇,5,0.92,1,规则抽取+标准实体映射+重复三元组去重,高置信通过,R0052
SR0310,SE0266,展弦比,性能指标,影响,SE0329,起降翼展,专业概念,展弦比在35 左右，但由于结构强度、起降翼展等方面的限制，实际的展弦比在,D4_单-双折叠翼变体飞行器总体设计研究_郭廷宇,37,0.83,1,规则抽取+标准实体映射+重复三元组去重,已规范化,R0970
SR0311,SE0099,常规布局,气动布局,影响,SE0266,展弦比,性能指标,身根部的弯矩负载，使得飞机拥有较常规布局更大的展弦比，如美国“白骑士2,D4_单-双折叠翼变体飞行器总体设计研究_郭廷宇,21,0.83,1,规则抽取+标准实体映射+重复三元组去重,已规范化,R1012
SR0312,SE0478,总体设计,专业概念,影响,SE0046,单-双折叠翼,变形方式,机总体设计方法带来了新的挑战。一方面，单-双折叠翼变体解决了大展弦比,D4_单-双折叠翼变体飞行器总体设计研究_郭廷宇,120,0.83,1,规则抽取+标准实体映射+重复三元组去重,已规范化,R1193
SR0313,SE0478,总体设计,专业概念,影响,SE0266,展弦比,性能指标,机总体设计方法带来了新的挑战。一方面，单-双折叠翼变体解决了大展弦比,D4_单-双折叠翼变体飞行器总体设计研究_郭廷宇,120,0.83,1,规则抽取+标准实体映射+重复三元组去重,已规范化,R1194
SR0314,SE0067,折叠翼,变形方式,影响,SE0124,副翼,结构部件,折叠翼变体飞机为例，定量分析了副翼偏转所产生的额外力和力矩。,D4_单-双折叠翼变体飞行器总体设计研究_郭廷宇,94,0.86,1,规则抽取+标准实体映射+重复三元组去重,已规范化,R0842
SR0315,SE0067,折叠翼,变形方式,影响,SE0188,变体机构,机构/执行系统,-双折叠翼变体飞行器来说，其变体机构主要位于机翼，不影响机身油箱的安,D4_单-双折叠翼变体飞行器总体设计研究_郭廷宇,127,0.86,1,规则抽取+标准实体映射+重复三元组去重,已规范化,R0769
SR0316,SE0067,折叠翼,变形方式,影响,SE0016,变构飞行器,飞行器对象,-双折叠翼变体飞行器来说，其变体机构主要位于机翼，不影响机身油箱的安,D4_单-双折叠翼变体飞行器总体设计研究_郭廷宇,127,0.86,1,规则抽取+标准实体映射+重复三元组去重,已规范化,R0767
SR0317,SE0067,折叠翼,变形方式,影响,SE0283,机动性能,性能指标,其四是活动机翼的固定机构的增重，对此，可以参考舰载机折叠机翼的固,D4_单-双折叠翼变体飞行器总体设计研究_郭廷宇,134,0.92,1,规则抽取+标准实体映射+重复三元组去重,高置信通过,R0020
SR0318,SE0218,控制方案,控制方法,影响,SE0197,结构机构设计,机构/执行系统,控制方案，并进一步讨论了变体对于飞机稳定性的影响；在变体的结构机构设计,D4_单-双折叠翼变体飞行器总体设计研究_郭廷宇,5,0.86,1,规则抽取+标准实体映射+重复三元组去重,已规范化,R0627
SR0319,SE0278,攻角,性能指标,影响,SE0247,俯仰力矩,性能指标,用中心)处于25%左右弦长的位置。同时，因攻角变化而产生的俯仰力矩变,D4_单-双折叠翼变体飞行器总体设计研究_郭廷宇,92,0.83,1,规则抽取+标准实体映射+重复三元组去重,已规范化,R1161
SR0320,SE0278,攻角,性能指标,影响,SE0291,气动力,性能指标,可以看出，机翼的气动中心(当机翼的攻角变化时，所产生的气动力增量的作,D4_单-双折叠翼变体飞行器总体设计研究_郭廷宇,92,0.83,1,规则抽取+标准实体映射+重复三元组去重,已规范化,R1159
SR0321,SE0278,攻角,性能指标,影响,SE0163,活动机翼,结构部件,起的俯仰力矩变化远大于机翼攻角改变所引起的俯仰力矩变化，活动机翼和连杆,D4_单-双折叠翼变体飞行器总体设计研究_郭廷宇,94,0.83,1,规则抽取+标准实体映射+重复三元组去重,已规范化,R1071
SR0322,SE0278,攻角,性能指标,影响,SE0238,飞行控制,控制方法,变形又将进一步影响机翼的攻角并对飞机的飞行控制产生扰动。可以看出，连,D4_单-双折叠翼变体飞行器总体设计研究_郭廷宇,111,0.83,1,规则抽取+标准实体映射+重复三元组去重,已规范化,R1179
SR0323,SE0149,智能材料,结构部件,影响,SE0389,工程应用,设计问题,囿于智能材料本身特性限制，从工程应用的角度出,D1_空天变构飞行技术研究现状与未来发展研判_刘思佳,3,0.86,1,规则抽取+标准实体映射+重复三元组去重,已规范化,R0872
SR0324,SE0281,最大升力系数,性能指标,影响,SE0254,升力,性能指标,气动特性的影响非常小。除最大升力系数有所区别外，不同梢根比的双翼升力,D4_单-双折叠翼变体飞行器总体设计研究_郭廷宇,74,0.83,1,规则抽取+标准实体映射+重复三元组去重,已规范化,R1122
SR0325,SE0281,最大升力系数,性能指标,影响,SE0093,双翼,气动布局,气动特性的影响非常小。除最大升力系数有所区别外，不同梢根比的双翼升力,D4_单-双折叠翼变体飞行器总体设计研究_郭廷宇,74,0.86,1,规则抽取+标准实体映射+重复三元组去重,已规范化,R0711
SR0326,SE0281,最大升力系数,性能指标,影响,SE0286,梢根比,性能指标,气动特性的影响非常小。除最大升力系数有所区别外，不同梢根比的双翼升力,D4_单-双折叠翼变体飞行器总体设计研究_郭廷宇,74,0.86,1,规则抽取+标准实体映射+重复三元组去重,已规范化,R0710
SR0327,SE0072,机翼变体,变形方式,影响,SE0051,变体过程,变形方式,3)如何传递活动机翼变体过程中连杆产生的额外弯矩和扭矩。,D4_单-双折叠翼变体飞行器总体设计研究_郭廷宇,119,0.86,1,规则抽取+标准实体映射+重复三元组去重,已规范化,R0849
SR0328,SE0286,梢根比,性能指标,影响,SE0124,副翼,结构部件,除梢根比之外，机翼的扭转角也同样可以影响飞机副翼的设计，若给活动,D4_单-双折叠翼变体飞行器总体设计研究_郭廷宇,132,0.86,1,规则抽取+标准实体映射+重复三元组去重,已规范化,R0837
SR0329,SE0286,梢根比,性能指标,影响,SE0046,单-双折叠翼,变形方式,飞行器基本一致，梢根比在0.3-0.4 左右为宜，单-双折叠翼变体基本不改变原,D4_单-双折叠翼变体飞行器总体设计研究_郭廷宇,126,0.86,1,规则抽取+标准实体映射+重复三元组去重,已规范化,R0589
SR0330,SE0286,梢根比,性能指标,影响,SE0093,双翼,气动布局,特性的影响。这里进一步讨论梢根比对双翼升力和阻力特性的影响。保持,D4_单-双折叠翼变体飞行器总体设计研究_郭廷宇,74,0.86,1,规则抽取+标准实体映射+重复三元组去重,已规范化,R0827
SR0331,SE0286,梢根比,性能指标,影响,SE0095,双翼构型,气动布局,小，梢根比的变化对于双翼构型下飞机的气动性能影响不大。,D4_单-双折叠翼变体飞行器总体设计研究_郭廷宇,126,0.86,1,规则抽取+标准实体映射+重复三元组去重,已规范化,R0851
SR0332,SE0286,梢根比,性能指标,影响,SE0299,气动性能,性能指标,小，梢根比的变化对于双翼构型下飞机的气动性能影响不大。,D4_单-双折叠翼变体飞行器总体设计研究_郭廷宇,126,0.86,1,规则抽取+标准实体映射+重复三元组去重,已规范化,R0853
SR0333,SE0286,梢根比,性能指标,影响,SE0327,诱导阻力,性能指标,翼升力分布本身较差，梢根比的变化对于双翼展向流动和诱导阻力的影响较,D4_单-双折叠翼变体飞行器总体设计研究_郭廷宇,126,0.86,1,规则抽取+标准实体映射+重复三元组去重,已规范化,R0810
SR0334,SE0290,气动中心,性能指标,影响,SE0051,变体过程,变形方式,情况，机翼弦向的压力中心和气动中心的变化情况将影响到变体过程中飞机的,D4_单-双折叠翼变体飞行器总体设计研究_郭廷宇,84,0.86,1,规则抽取+标准实体映射+重复三元组去重,已规范化,R0720
SR0335,SE0290,气动中心,性能指标,影响,SE0274,操稳特性,性能指标,图 4.47 变体过程中飞机的气动中心变化情况 ............................................. 67,D4_单-双折叠翼变体飞行器总体设计研究_郭廷宇,14,0.92,1,规则抽取+标准实体映射+重复三元组去重,高置信通过,R0013
SR0336,SE0290,气动中心,性能指标,影响,SE0278,攻角,性能指标,可以看出，机翼的气动中心(当机翼的攻角变化时，所产生的气动力增量的作,D4_单-双折叠翼变体飞行器总体设计研究_郭廷宇,92,0.83,1,规则抽取+标准实体映射+重复三元组去重,已规范化,R1158
SR0337,SE0290,气动中心,性能指标,影响,SE0291,气动力,性能指标,可以看出，机翼的气动中心(当机翼的攻角变化时，所产生的气动力增量的作,D4_单-双折叠翼变体飞行器总体设计研究_郭廷宇,92,0.83,1,规则抽取+标准实体映射+重复三元组去重,已规范化,R1160
SR0338,SE0291,气动力,性能指标,影响,SE0469,公转角,专业概念,过程中活动机翼的气动力随着公转角度的变化产生非线性改变，也会对变体过,D4_单-双折叠翼变体飞行器总体设计研究_郭廷宇,98,0.83,1,规则抽取+标准实体映射+重复三元组去重,已规范化,R1175
SR0339,SE0291,气动力,性能指标,影响,SE0124,副翼,结构部件,向上或向下偏转时，空气动力在副翼铰链处产生相反的力矩，这需要副翼作动,D4_单-双折叠翼变体飞行器总体设计研究_郭廷宇,49,0.83,1,规则抽取+标准实体映射+重复三元组去重,已规范化,R1090
SR0340,SE0291,气动力,性能指标,影响,SE0278,攻角,性能指标,过程中的非定常气动力来源于活动机翼垂直方向运动引起的等效攻角变化，来,D4_单-双折叠翼变体飞行器总体设计研究_郭廷宇,94,0.83,1,规则抽取+标准实体映射+重复三元组去重,已规范化,R1172
SR0341,SE0291,气动力,性能指标,影响,SE0292,气动力矩,性能指标,的偏转来改变机翼的流场结构，进而改变机翼的气动力和气动力矩，驱动机翼,D4_单-双折叠翼变体飞行器总体设计研究_郭廷宇,49,0.83,1,规则抽取+标准实体映射+重复三元组去重,已规范化,R1088
SR0342,SE0291,气动力,性能指标,影响,SE0163,活动机翼,结构部件,过程中的非定常气动力来源于活动机翼垂直方向运动引起的等效攻角变化，来,D4_单-双折叠翼变体飞行器总体设计研究_郭廷宇,94,0.83,1,规则抽取+标准实体映射+重复三元组去重,已规范化,R1170
SR0343,SE0291,气动力,性能指标,影响,SE0171,翼型,结构部件,翼偏转产生的额外气动力和气动力矩。在NACA2412 翼型的基础上，按15%,D4_单-双折叠翼变体飞行器总体设计研究_郭廷宇,89,0.83,1,规则抽取+标准实体映射+重复三元组去重,已规范化,R0954
SR0344,SE0292,气动力矩,性能指标,影响,SE0171,翼型,结构部件,翼偏转产生的额外气动力和气动力矩。在NACA2412 翼型的基础上，按15%,D4_单-双折叠翼变体飞行器总体设计研究_郭廷宇,89,0.86,1,规则抽取+标准实体映射+重复三元组去重,已规范化,R0595
SR0345,SE0195,气动力驱动变体,机构/执行系统,影响,SE0124,副翼,结构部件,的非定常效应及其对飞机气动稳定性的影响。最后，对气动力驱动变体的副翼特,D4_单-双折叠翼变体飞行器总体设计研究_郭廷宇,52,0.86,1,规则抽取+标准实体映射+重复三元组去重,已规范化,R0651
SR0346,SE0195,气动力驱动变体,机构/执行系统,影响,SE0291,气动力,性能指标,果，以及飞机平面外形设计参数对单-双折叠翼变体的影响和气动力驱动变体,D4_单-双折叠翼变体飞行器总体设计研究_郭廷宇,33,0.83,2,规则抽取+标准实体映射+重复三元组去重,已规范化,R1076；R1195
SR0347,SE0107,气动布局设计,气动布局,影响,SE0386,关键技术难点,设计问题,系对变构飞行器气动布局设计的关键技术难点进行,D1_空天变构飞行技术研究现状与未来发展研判_刘思佳,1,0.92,1,规则抽取+标准实体映射+重复三元组去重,高置信通过,R0032
SR0348,SE0107,气动布局设计,气动布局,影响,SE0054,变后掠翼,变形方式,气动布局设计过程中，需要关注连续变后掠带来的,D6_变体飞行器变形方式及气动布局设计关键技术研究进展,12,0.86,1,规则抽取+标准实体映射+重复三元组去重,已规范化,R0886
SR0349,SE0297,气动弹性,性能指标,影响,SE0169,结构重量,结构部件,性变体、设计主动气动弹性机翼、到聚焦柔性变形,D1_空天变构飞行技术研究现状与未来发展研判_刘思佳,2,0.92,1,规则抽取+标准实体映射+重复三元组去重,高置信通过,R0028
SR0350,SE0298,气动弹性耦合,性能指标,影响,SE0219,控制难度,控制方法,并减小噪声。随 着电推进技术的日益成熟，多桨倾转机翼电驱动 飞行器将是新构型高速旋翼飞行器发展的重要 方向之一 ［92］。但是，倾转机翼飞行器面临着机 翼/旋翼气动弹性耦合特性分析 ［93］、过渡模式动 力学建模 ［94］等关键技术难题，亟需开展过渡模式 下气动弹性、气动性能、操稳特性等 ［95-96］相关 研究。 2. 3 动力,D6_变体飞行器变形方式及气动布局设计关键技术研究进展,26,0.92,1,规则抽取+标准实体映射+重复三元组去重,高置信通过,R0029
SR0351,SE0299,气动性能,性能指标,影响,SE0254,升力,性能指标,气动特性的影响非常小。除最大升力系数有所区别外，不同梢根比的双翼升力,D4_单-双折叠翼变体飞行器总体设计研究_郭廷宇,74,0.83,1,规则抽取+标准实体映射+重复三元组去重,已规范化,R1125
SR0352,SE0299,气动性能,性能指标,影响,SE0093,双翼,气动布局,气动特性的影响非常小。除最大升力系数有所区别外，不同梢根比的双翼升力,D4_单-双折叠翼变体飞行器总体设计研究_郭廷宇,74,0.83,1,规则抽取+标准实体映射+重复三元组去重,已规范化,R1128
SR0353,SE0299,气动性能,性能指标,影响,SE0281,最大升力系数,性能指标,气动特性的影响非常小。除最大升力系数有所区别外，不同梢根比的双翼升力,D4_单-双折叠翼变体飞行器总体设计研究_郭廷宇,74,0.83,1,规则抽取+标准实体映射+重复三元组去重,已规范化,R1123
SR0354,SE0299,气动性能,性能指标,影响,SE0286,梢根比,性能指标,气动特性的影响非常小。除最大升力系数有所区别外，不同梢根比的双翼升力,D4_单-双折叠翼变体飞行器总体设计研究_郭廷宇,74,0.83,1,规则抽取+标准实体映射+重复三元组去重,已规范化,R1127
SR0355,SE0163,活动机翼,结构部件,影响,SE0115,上机翼,结构部件,构型翼展固定的情况下，间断位置决定了活动机翼(上翼)和固定机翼(下,D4_单-双折叠翼变体飞行器总体设计研究_郭廷宇,128,0.86,1,规则抽取+标准实体映射+重复三元组去重,已规范化,R0812
SR0356,SE0163,活动机翼,结构部件,影响,SE0469,公转角,专业概念,过程中活动机翼的气动力随着公转角度的变化产生非线性改变，也会对变体过,D4_单-双折叠翼变体飞行器总体设计研究_郭廷宇,98,0.86,1,规则抽取+标准实体映射+重复三元组去重,已规范化,R0734
SR0357,SE0163,活动机翼,结构部件,影响,SE0124,副翼,结构部件,(a)变体前，活动机翼的副翼上偏，使机翼升力与重力刚好抵消，从而解开机翼固定,D4_单-双折叠翼变体飞行器总体设计研究_郭廷宇,44,0.86,1,规则抽取+标准实体映射+重复三元组去重,已规范化,R0594
SR0358,SE0163,活动机翼,结构部件,影响,SE0254,升力,性能指标,(a)变体前，活动机翼的副翼上偏，使机翼升力与重力刚好抵消，从而解开机翼固定,D4_单-双折叠翼变体飞行器总体设计研究_郭廷宇,44,0.83,1,规则抽取+标准实体映射+重复三元组去重,已规范化,R0953
SR0359,SE0163,活动机翼,结构部件,影响,SE0088,单翼,气动布局,在活动机翼处于单翼位置时，连杆弯曲引起的变形体现为连杆整体的向后,D4_单-双折叠翼变体飞行器总体设计研究_郭廷宇,109,0.86,1,规则抽取+标准实体映射+重复三元组去重,已规范化,R0833
SR0360,SE0163,活动机翼,结构部件,影响,SE0089,单翼构型,气动布局,图 6.7 活动机翼处于单翼构型时连杆扭转引起的变形,D4_单-双折叠翼变体飞行器总体设计研究_郭廷宇,110,0.86,1,规则抽取+标准实体映射+重复三元组去重,已规范化,R0857
SR0361,SE0163,活动机翼,结构部件,影响,SE0095,双翼构型,气动布局,变体过程中活动机翼产生的尾流对于尾翼的影响。在双翼构型下，活动机翼和,D4_单-双折叠翼变体飞行器总体设计研究_郭廷宇,125,0.86,1,规则抽取+标准实体映射+重复三元组去重,已规范化,R0760
SR0362,SE0163,活动机翼,结构部件,影响,SE0051,变体过程,变形方式,3)如何传递活动机翼变体过程中连杆产生的额外弯矩和扭矩。,D4_单-双折叠翼变体飞行器总体设计研究_郭廷宇,119,0.86,1,规则抽取+标准实体映射+重复三元组去重,已规范化,R0850
SR0363,SE0163,活动机翼,结构部件,影响,SE0129,固定机翼,结构部件,的活动机翼伸出之后可以向外展开，使得活动机翼和固定机翼之间保持连续。,D4_单-双折叠翼变体飞行器总体设计研究_郭廷宇,30,0.86,1,规则抽取+标准实体映射+重复三元组去重,已规范化,R0676
SR0364,SE0163,活动机翼,结构部件,影响,SE0138,尾翼,结构部件,变体过程中活动机翼产生的尾流对于尾翼的影响。在双翼构型下，活动机翼和,D4_单-双折叠翼变体飞行器总体设计研究_郭廷宇,125,0.83,1,规则抽取+标准实体映射+重复三元组去重,已规范化,R1219
SR0365,SE0163,活动机翼,结构部件,影响,SE0278,攻角,性能指标,过程中的非定常气动力来源于活动机翼垂直方向运动引起的等效攻角变化，来,D4_单-双折叠翼变体飞行器总体设计研究_郭廷宇,94,0.83,1,规则抽取+标准实体映射+重复三元组去重,已规范化,R1171
SR0366,SE0163,活动机翼,结构部件,影响,SE0072,机翼变体,变形方式,3)如何传递活动机翼变体过程中连杆产生的额外弯矩和扭矩。,D4_单-双折叠翼变体飞行器总体设计研究_郭廷宇,119,0.86,1,规则抽取+标准实体映射+重复三元组去重,已规范化,R0848
SR0367,SE0163,活动机翼,结构部件,影响,SE0291,气动力,性能指标,过程中活动机翼的气动力随着公转角度的变化产生非线性改变，也会对变体过,D4_单-双折叠翼变体飞行器总体设计研究_郭廷宇,98,0.83,1,规则抽取+标准实体映射+重复三元组去重,已规范化,R1174
SR0368,SE0163,活动机翼,结构部件,影响,SE0310,滚转力矩,性能指标,下偏转的同时，还会产生一定量的差动，使活动机翼产生滚转力矩，从而控制活,D4_单-双折叠翼变体飞行器总体设计研究_郭廷宇,44,0.86,1,规则抽取+标准实体映射+重复三元组去重,已规范化,R0640
SR0369,SE0163,活动机翼,结构部件,影响,SE0337,阻力,性能指标,流方向的速度分量导致其有效迎角发生变化，进而使活动机翼的升力和阻力发,D4_单-双折叠翼变体飞行器总体设计研究_郭廷宇,86,0.83,1,规则抽取+标准实体映射+重复三元组去重,已规范化,R1147
SR0370,SE0310,滚转力矩,性能指标,影响,SE0327,诱导阻力,性能指标,翼下沉产生滚转力矩。不对称的诱导阻力分布,D6_变体飞行器变形方式及气动布局设计关键技术研究进展,22,0.86,1,规则抽取+标准实体映射+重复三元组去重,已规范化,R0929
SR0371,SE0314,热流沉积,性能指标,影响,SE0302,气动特性恶化,性能指标,致变构部位热流沉积和气动特性恶化，亟需建立,D6_变体飞行器变形方式及气动布局设计关键技术研究进展,30,0.86,1,规则抽取+标准实体映射+重复三元组去重,已规范化,R0913
SR0372,SE0315,燃油效率,性能指标,影响,SE0267,巡航效率,性能指标,会对燃油效率和巡航效率产生不利影响，许多变,D6_变体飞行器变形方式及气动布局设计关键技术研究进展,34,0.86,1,规则抽取+标准实体映射+重复三元组去重,已规范化,R0916
SR0373,SE0393,空间代价,设计问题,影响,SE0326,航程,性能指标,图 2.8 在不同空间代价下，应用变体技术减少了50%起降翼展后RQ-4A 的航程随起降,D4_单-双折叠翼变体飞行器总体设计研究_郭廷宇,40,0.92,1,规则抽取+标准实体映射+重复三元组去重,高置信通过,R0057
SR0374,SE0167,结构强度,结构部件,影响,SE0321,翼展,专业概念,展弦比在35 左右，但由于结构强度、起降翼展等方面的限制，实际的展弦比在,D4_单-双折叠翼变体飞行器总体设计研究_郭廷宇,37,0.83,1,规则抽取+标准实体映射+重复三元组去重,已规范化,R0968
SR0375,SE0167,结构强度,结构部件,影响,SE0329,起降翼展,专业概念,展弦比在35 左右，但由于结构强度、起降翼展等方面的限制，实际的展弦比在,D4_单-双折叠翼变体飞行器总体设计研究_郭廷宇,37,0.86,1,规则抽取+标准实体映射+重复三元组去重,已规范化,R0609
SR0376,SE0169,结构重量,结构部件,影响,SE0326,航程,性能指标,的气动、结构重量分布、操稳特性、航程、起降距离等性能数据进行输出。,D4_单-双折叠翼变体飞行器总体设计研究_郭廷宇,35,0.92,1,规则抽取+标准实体映射+重复三元组去重,高置信通过,R0056
SR0377,SE0320,翼尖涡,专业概念,影响,SE0365,宽速域,任务场景,分离和翼尖涡的产生，在宽速域内升阻比、阻力,D6_变体飞行器变形方式及气动布局设计关键技术研究进展,10,0.86,1,规则抽取+标准实体映射+重复三元组去重,已规范化,R0904
SR0378,SE0321,翼展,专业概念,影响,SE0115,上机翼,结构部件,比、翼展比、上机翼上反等设计参数对于双翼气动性能的影响，并得出了双翼,D4_单-双折叠翼变体飞行器总体设计研究_郭廷宇,93,0.83,1,规则抽取+标准实体映射+重复三元组去重,已规范化,R1167
SR0379,SE0321,翼展,专业概念,影响,SE0046,单-双折叠翼,变形方式,数不变的情况下，将起降翼展限制为20m，并分别按单-双折叠翼变体布局、,D4_单-双折叠翼变体飞行器总体设计研究_郭廷宇,135,0.83,1,规则抽取+标准实体映射+重复三元组去重,已规范化,R1073
SR0380,SE0321,翼展,专业概念,影响,SE0055,变展长技术,变形方式,场地和气象条件限制等约束，为飞行器选择最优的翼展和展弦比。将变展长变体,D4_单-双折叠翼变体飞行器总体设计研究_郭廷宇,34,0.83,1,规则抽取+标准实体映射+重复三元组去重,已规范化,R1029
SR0381,SE0321,翼展,专业概念,影响,SE0019,大展弦比飞机,飞行器对象,在飞机的不同飞行阶段改变机翼展长，可以有效的解决大展弦比飞机起降与巡航,D4_单-双折叠翼变体飞行器总体设计研究_郭廷宇,19,0.83,1,规则抽取+标准实体映射+重复三元组去重,已规范化,R1002
SR0382,SE0321,翼展,专业概念,影响,SE0266,展弦比,性能指标,在飞机的不同飞行阶段改变机翼展长，可以有效的解决大展弦比飞机起降与巡航,D4_单-双折叠翼变体飞行器总体设计研究_郭廷宇,19,0.83,1,规则抽取+标准实体映射+重复三元组去重,已规范化,R1003
SR0383,SE0321,翼展,专业概念,影响,SE0299,气动性能,性能指标,比、翼展比、上机翼上反等设计参数对于双翼气动性能的影响，并得出了双翼,D4_单-双折叠翼变体飞行器总体设计研究_郭廷宇,93,0.83,1,规则抽取+标准实体映射+重复三元组去重,已规范化,R1168
SR0384,SE0322,翼展比,性能指标,影响,SE0115,上机翼,结构部件,比、翼展比、上机翼上反等设计参数对于双翼气动性能的影响，并得出了双翼,D4_单-双折叠翼变体飞行器总体设计研究_郭廷宇,93,0.86,1,规则抽取+标准实体映射+重复三元组去重,已规范化,R0730
SR0385,SE0322,翼展比,性能指标,影响,SE0093,双翼,气动布局,4)上下机翼的翼展比对于双翼升力阻力特性的影响,D4_单-双折叠翼变体飞行器总体设计研究_郭廷宇,75,0.86,1,规则抽取+标准实体映射+重复三元组去重,已规范化,R0861
SR0386,SE0322,翼展比,性能指标,影响,SE0299,气动性能,性能指标,比、翼展比、上机翼上反等设计参数对于双翼气动性能的影响，并得出了双翼,D4_单-双折叠翼变体飞行器总体设计研究_郭廷宇,93,0.86,2,规则抽取+标准实体映射+重复三元组去重,已规范化,R0732；R1135
SR0387,SE0172,翼根,结构部件,影响,SE0086,上下机翼,气动布局,为了研究上机翼上反对于双翼升力阻力特性的影响，在保持翼根处上下翼间,D4_单-双折叠翼变体飞行器总体设计研究_郭廷宇,77,0.86,1,规则抽取+标准实体映射+重复三元组去重,已规范化,R0803
SR0388,SE0326,航程,性能指标,影响,SE0188,变体机构,机构/执行系统,侵占也同样会影响飞机的航程，当变体机构侵占了2000L 油箱时，其航程损,D4_单-双折叠翼变体飞行器总体设计研究_郭廷宇,40,0.83,1,规则抽取+标准实体映射+重复三元组去重,已规范化,R0973
SR0389,SE0326,航程,性能指标,影响,SE0321,翼展,专业概念,时，变体RQ-4A 的航程在20000km 左右，相较于翼展同样限制为为20 米的,D4_单-双折叠翼变体飞行器总体设计研究_郭廷宇,39,0.83,1,规则抽取+标准实体映射+重复三元组去重,已规范化,R0940
SR0390,SE0399,费效比,设计问题,影响,SE0395,综合指标,专业概念,提出现阶段变构飞行的高成本特征是其无法顺利向产品化推进的重要限制之一；采取费效比等综合指标方式对变构飞行的代,D1_空天变构飞行技术研究现状与未来发展研判_刘思佳,1,0.86,1,规则抽取+标准实体映射+重复三元组去重,已规范化,R0576
SR0391,SE0329,起降翼展,专业概念,影响,SE0046,单-双折叠翼,变形方式,数不变的情况下，将起降翼展限制为20m，并分别按单-双折叠翼变体布局、,D4_单-双折叠翼变体飞行器总体设计研究_郭廷宇,135,0.86,1,规则抽取+标准实体映射+重复三元组去重,已规范化,R0675
SR0392,SE0329,起降翼展,专业概念,影响,SE0188,变体机构,机构/执行系统,可以看出，当飞机的起降翼展被限制在20 米，且忽略变体机构的增重,D4_单-双折叠翼变体飞行器总体设计研究_郭廷宇,39,0.86,1,规则抽取+标准实体映射+重复三元组去重,已规范化,R0821
SR0393,SE0329,起降翼展,专业概念,影响,SE0321,翼展,专业概念,展弦比在35 左右，但由于结构强度、起降翼展等方面的限制，实际的展弦比在,D4_单-双折叠翼变体飞行器总体设计研究_郭廷宇,37,0.83,1,规则抽取+标准实体映射+重复三元组去重,已规范化,R0967
SR0394,SE0377,起飞距离,任务场景,影响,SE0055,变展长技术,变形方式,起飞距离。机翼形状的改变主要是变展长与变,D6_变体飞行器变形方式及气动布局设计关键技术研究进展,2,0.86,1,规则抽取+标准实体映射+重复三元组去重,已规范化,R0924
SR0395,SE0433,重叠网格,研究方法,影响,SE0115,上机翼,结构部件,过重叠网格的移动改变上机翼相对于下机翼的位置相对位置x 和y ，其中上机,D4_单-双折叠翼变体飞行器总体设计研究_郭廷宇,56,0.86,1,规则抽取+标准实体映射+重复三元组去重,已规范化,R0619
SR0396,SE0433,重叠网格,研究方法,影响,SE0116,下机翼,结构部件,过重叠网格的移动改变上机翼相对于下机翼的位置相对位置x 和y ，其中上机,D4_单-双折叠翼变体飞行器总体设计研究_郭廷宇,56,0.86,1,规则抽取+标准实体映射+重复三元组去重,已规范化,R0620
SR0397,SE0337,阻力,性能指标,影响,SE0247,俯仰力矩,性能指标,称阻力产生的扭转力矩约1150N·m，副翼偏转产生的俯仰力矩约为3200,D4_单-双折叠翼变体飞行器总体设计研究_郭廷宇,92,0.83,1,规则抽取+标准实体映射+重复三元组去重,已规范化,R0979
SR0398,SE0337,阻力,性能指标,影响,SE0124,副翼,结构部件,称阻力产生的扭转力矩约1150N·m，副翼偏转产生的俯仰力矩约为3200,D4_单-双折叠翼变体飞行器总体设计研究_郭廷宇,92,0.83,1,规则抽取+标准实体映射+重复三元组去重,已规范化,R0978
SR0399,SE0337,阻力,性能指标,影响,SE0256,升阻比,性能指标,束产生影响。在起降时飞机为双翼构型，阻力系数较高，起降升阻比相较于常,D4_单-双折叠翼变体飞行器总体设计研究_郭廷宇,123,0.83,1,规则抽取+标准实体映射+重复三元组去重,已规范化,R1207
SR0400,SE0337,阻力,性能指标,影响,SE0089,单翼构型,气动布局,数。在阻力方面，排除连杆对于阻力的影响，相较于单翼构型，双翼构型的零,D4_单-双折叠翼变体飞行器总体设计研究_郭廷宇,78,0.83,1,规则抽取+标准实体映射+重复三元组去重,已规范化,R1138
SR0401,SE0337,阻力,性能指标,影响,SE0095,双翼构型,气动布局,数。在阻力方面，排除连杆对于阻力的影响，相较于单翼构型，双翼构型的零,D4_单-双折叠翼变体飞行器总体设计研究_郭廷宇,78,0.83,1,规则抽取+标准实体映射+重复三元组去重,已规范化,R1139
SR0402,SE0338,阻力系数,性能指标,影响,SE0256,升阻比,性能指标,束产生影响。在起降时飞机为双翼构型，阻力系数较高，起降升阻比相较于常,D4_单-双折叠翼变体飞行器总体设计研究_郭廷宇,123,0.83,1,规则抽取+标准实体映射+重复三元组去重,已规范化,R1206
SR0403,SE0338,阻力系数,性能指标,影响,SE0337,阻力,性能指标,束产生影响。在起降时飞机为双翼构型，阻力系数较高，起降升阻比相较于常,D4_单-双折叠翼变体飞行器总体设计研究_郭廷宇,123,0.83,1,规则抽取+标准实体映射+重复三元组去重,已规范化,R1204
SR0404,SE0400,非定常效应,专业概念,影响,SE0124,副翼,结构部件,的非定常效应及其对飞机气动稳定性的影响。最后，对气动力驱动变体的副翼特,D4_单-双折叠翼变体飞行器总体设计研究_郭廷宇,52,0.86,1,规则抽取+标准实体映射+重复三元组去重,已规范化,R0653
SR0405,SE0400,非定常效应,专业概念,影响,SE0255,升力系数,性能指标,图 4.52 变体过程中非定常效应引起的升力系数变化,D4_单-双折叠翼变体飞行器总体设计研究_郭廷宇,87,0.86,1,规则抽取+标准实体映射+重复三元组去重,已规范化,R0855
SR0406,SE0400,非定常效应,专业概念,影响,SE0051,变体过程,变形方式,目前，非定常效应产生的流动机制、变体过程动,D6_变体飞行器变形方式及气动布局设计关键技术研究进展,31,0.86,1,规则抽取+标准实体映射+重复三元组去重,已规范化,R0915
SR0407,SE0400,非定常效应,专业概念,影响,SE0291,气动力,性能指标,的非定常效应及其对飞机气动稳定性的影响。最后，对气动力驱动变体的副翼特,D4_单-双折叠翼变体飞行器总体设计研究_郭廷宇,52,0.83,1,规则抽取+标准实体映射+重复三元组去重,已规范化,R1054
SR0408,SE0400,非定常效应,专业概念,影响,SE0195,气动力驱动变体,机构/执行系统,的非定常效应及其对飞机气动稳定性的影响。最后，对气动力驱动变体的副翼特,D4_单-双折叠翼变体飞行器总体设计研究_郭廷宇,52,0.86,1,规则抽取+标准实体映射+重复三元组去重,已规范化,R0652
SR0409,SE0341,非定常气动力,性能指标,影响,SE0278,攻角,性能指标,过程中的非定常气动力来源于活动机翼垂直方向运动引起的等效攻角变化，来,D4_单-双折叠翼变体飞行器总体设计研究_郭廷宇,94,0.83,1,规则抽取+标准实体映射+重复三元组去重,已规范化,R1173
SR0410,SE0341,非定常气动力,性能指标,影响,SE0291,气动力,性能指标,过程中的非定常气动力来源于活动机翼垂直方向运动引起的等效攻角变化，来,D4_单-双折叠翼变体飞行器总体设计研究_郭廷宇,94,0.83,1,规则抽取+标准实体映射+重复三元组去重,已规范化,R1169
SR0411,SE0341,非定常气动力,性能指标,影响,SE0163,活动机翼,结构部件,过程中的非定常气动力来源于活动机翼垂直方向运动引起的等效攻角变化，来,D4_单-双折叠翼变体飞行器总体设计研究_郭廷宇,94,0.86,1,规则抽取+标准实体映射+重复三元组去重,已规范化,R0733
SR0412,SE0200,驱动机构,机构/执行系统,影响,SE0183,作动器,机构/执行系统,动力控制变体，无需复杂的驱动机构和作动器，使得变体的机构得以大幅度简,D4_单-双折叠翼变体飞行器总体设计研究_郭廷宇,48,0.83,1,规则抽取+标准实体映射+重复三元组去重,已规范化,R1086
SR0413,SE0043,偏转弹头,变形方式,控制,SE0181,鸭翼舵面,结构部件,偏转弹头、鸭翼舵面是控制导弹机动的2 种,D6_变体飞行器变形方式及气动布局设计关键技术研究进展,6,0.86,1,规则抽取+标准实体映射+重复三元组去重,已规范化,R0925
SR0414,SE0009,偏转弹头导弹,飞行器对象,控制,SE0203,俯仰控制,控制方法,比，偏转弹头导弹具有更高的俯仰控制效率(见,D6_变体飞行器变形方式及气动布局设计关键技术研究进展,6,0.86,1,规则抽取+标准实体映射+重复三元组去重,已规范化,R0902
SR0415,SE0124,副翼,结构部件,控制,SE0254,升力,性能指标,的变体控制中，活动机翼的副翼除了需要卸载升力以外，还需要少量上偏或下,D4_单-双折叠翼变体飞行器总体设计研究_郭廷宇,89,0.83,1,规则抽取+标准实体映射+重复三元组去重,已规范化,R1150
SR0416,SE0124,副翼,结构部件,控制,SE0048,变体包线,变形方式,体的副翼设计中，需首先明确变体包线的需求，再根据变体过程中的控制方,D4_单-双折叠翼变体飞行器总体设计研究_郭廷宇,139,0.86,1,规则抽取+标准实体映射+重复三元组去重,已规范化,R0814
SR0417,SE0124,副翼,结构部件,控制,SE0051,变体过程,变形方式,明，在进行副翼设计和飞行控制算法设计时，应保证变体过程中副翼偏转处于线,D4_单-双折叠翼变体飞行器总体设计研究_郭廷宇,94,0.86,1,规则抽取+标准实体映射+重复三元组去重,已规范化,R0667
SR0418,SE0124,副翼,结构部件,控制,SE0072,机翼变体,变形方式,的副翼提供两个控制输入，每一侧的机翼变体均为双输入双输出控制系统。变体,D4_单-双折叠翼变体飞行器总体设计研究_郭廷宇,45,0.86,1,规则抽取+标准实体映射+重复三元组去重,已规范化,R0642
SR0419,SE0124,副翼,结构部件,控制,SE0163,活动机翼,结构部件,图 7.4 活动机翼副翼不同面积占比时的飞机的变体包线 ........................... 113,D4_单-双折叠翼变体飞行器总体设计研究_郭廷宇,15,0.92,1,规则抽取+标准实体映射+重复三元组去重,高置信通过,R0046
SR0420,SE0124,副翼,结构部件,控制,SE0238,飞行控制,控制方法,况。对于单-双折叠翼变体飞行器来说，当副翼舵效非线性时，飞行控制的难,D4_单-双折叠翼变体飞行器总体设计研究_郭廷宇,89,0.83,1,规则抽取+标准实体映射+重复三元组去重,已规范化,R1152
SR0421,SE0254,升力,性能指标,控制,SE0124,副翼,结构部件,升力的卸载，在此基础上，副翼还需要少量上偏或下偏用以控制活动机翼的公,D4_单-双折叠翼变体飞行器总体设计研究_郭廷宇,92,0.83,1,规则抽取+标准实体映射+重复三元组去重,已规范化,R1165
SR0422,SE0254,升力,性能指标,控制,SE0163,活动机翼,结构部件,升力的卸载，在此基础上，副翼还需要少量上偏或下偏用以控制活动机翼的公,D4_单-双折叠翼变体飞行器总体设计研究_郭廷宇,92,0.83,1,规则抽取+标准实体映射+重复三元组去重,已规范化,R1166
SR0423,SE0254,升力,性能指标,控制,SE0371,爬升,任务场景,偏转就可以完成升力控制，在此工况下完成变体后，飞机进一步爬升至巡航高度,D4_单-双折叠翼变体飞行器总体设计研究_郭廷宇,47,0.83,1,规则抽取+标准实体映射+重复三元组去重,已规范化,R1047
SR0424,SE0046,单-双折叠翼,变形方式,控制,SE0124,副翼,结构部件,以上即为单-双折叠翼变体的动力学及控制方程，其中活动机翼两侧副翼,D4_单-双折叠翼变体飞行器总体设计研究_郭廷宇,97,0.86,1,规则抽取+标准实体映射+重复三元组去重,已规范化,R0831
SR0425,SE0046,单-双折叠翼,变形方式,控制,SE0206,动力学和控制,控制方法,念的基础上，进一步开展了单-双折叠翼变体的气动特性研究、动力学和控制研,D4_单-双折叠翼变体飞行器总体设计研究_郭廷宇,5,0.86,1,规则抽取+标准实体映射+重复三元组去重,已规范化,R0623
SR0426,SE0046,单-双折叠翼,变形方式,控制,SE0291,气动力,性能指标,了单-双折叠翼变体的变体方式，气动力驱动变体的控制方式和单-双折叠翼变,D4_单-双折叠翼变体飞行器总体设计研究_郭廷宇,32,0.83,1,规则抽取+标准实体映射+重复三元组去重,已规范化,R1019
SR0427,SE0046,单-双折叠翼,变形方式,控制,SE0195,气动力驱动变体,机构/执行系统,了单-双折叠翼变体的变体方式，气动力驱动变体的控制方式和单-双折叠翼变,D4_单-双折叠翼变体飞行器总体设计研究_郭廷宇,32,0.86,1,规则抽取+标准实体映射+重复三元组去重,已规范化,R0631
SR0428,SE0046,单-双折叠翼,变形方式,控制,SE0299,气动性能,性能指标,念的基础上，进一步开展了单-双折叠翼变体的气动特性研究、动力学和控制研,D4_单-双折叠翼变体飞行器总体设计研究_郭廷宇,5,0.83,1,规则抽取+标准实体映射+重复三元组去重,已规范化,R0992
SR0429,SE0046,单-双折叠翼,变形方式,控制,SE0163,活动机翼,结构部件,以上即为单-双折叠翼变体的动力学及控制方程，其中活动机翼两侧副翼,D4_单-双折叠翼变体飞行器总体设计研究_郭廷宇,97,0.86,1,规则抽取+标准实体映射+重复三元组去重,已规范化,R0830
SR0430,SE0012,单-双折叠翼变体飞行器,飞行器对象,控制,SE0124,副翼,结构部件,况。对于单-双折叠翼变体飞行器来说，当副翼舵效非线性时，飞行控制的难,D4_单-双折叠翼变体飞行器总体设计研究_郭廷宇,89,0.86,1,规则抽取+标准实体映射+重复三元组去重,已规范化,R0724
SR0431,SE0012,单-双折叠翼变体飞行器,飞行器对象,控制,SE0206,动力学和控制,控制方法,单-双折叠翼变体飞行器气动、动力学和控制的研究结果，分析了单-双折叠翼,D4_单-双折叠翼变体飞行器总体设计研究_郭廷宇,33,0.86,1,规则抽取+标准实体映射+重复三元组去重,已规范化,R0632
SR0432,SE0012,单-双折叠翼变体飞行器,飞行器对象,控制,SE0238,飞行控制,控制方法,况。对于单-双折叠翼变体飞行器来说，当副翼舵效非线性时，飞行控制的难,D4_单-双折叠翼变体飞行器总体设计研究_郭廷宇,89,0.83,1,规则抽取+标准实体映射+重复三元组去重,已规范化,R1153
SR0433,SE0048,变体包线,变形方式,控制,SE0051,变体过程,变形方式,体的副翼设计中，需首先明确变体包线的需求，再根据变体过程中的控制方,D4_单-双折叠翼变体飞行器总体设计研究_郭廷宇,139,0.86,1,规则抽取+标准实体映射+重复三元组去重,已规范化,R0815
SR0434,SE0048,变体包线,变形方式,控制,SE0238,飞行控制,控制方法,飞机的变体包线和飞机的飞行控制策略，并进一步根据机翼的平面形状确定副,D4_单-双折叠翼变体飞行器总体设计研究_郭廷宇,133,0.83,1,规则抽取+标准实体映射+重复三元组去重,已规范化,R1232
SR0435,SE0188,变体机构,机构/执行系统,控制,SE0304,气动设计,性能指标,变体机构的设计也对飞机的平面外形设计、气动设计、飞行控制设计等提出了,D4_单-双折叠翼变体飞行器总体设计研究_郭廷宇,119,0.86,1,规则抽取+标准实体映射+重复三元组去重,已规范化,R0747
SR0436,SE0188,变体机构,机构/执行系统,控制,SE0238,飞行控制,控制方法,变体机构的设计也对飞机的平面外形设计、气动设计、飞行控制设计等提出了,D4_单-双折叠翼变体飞行器总体设计研究_郭廷宇,119,0.83,1,规则抽取+标准实体映射+重复三元组去重,已规范化,R1191
SR0437,SE0051,变体过程,变形方式,控制,SE0286,梢根比,性能指标,对于飞机变体过程中的结构和控制来说，在相同的机翼面积下，梢根比越,D4_单-双折叠翼变体飞行器总体设计研究_郭廷宇,126,0.86,1,规则抽取+标准实体映射+重复三元组去重,已规范化,R0835
SR0438,SE0051,变体过程,变形方式,控制,SE0305,气动载荷,性能指标,避免变体过程中气动载荷的剧烈变化；飞机的各个操纵舵面均应具有充足的舵,D4_单-双折叠翼变体飞行器总体设计研究_郭廷宇,124,0.86,1,规则抽取+标准实体映射+重复三元组去重,已规范化,R0754
SR0439,SE0129,固定机翼,结构部件,控制,SE0124,副翼,结构部件,力和扰动力矩是否在飞机固定机翼副翼、方向舵和升降舵的控制范围内。若在,D4_单-双折叠翼变体飞行器总体设计研究_郭廷宇,100,0.86,1,规则抽取+标准实体映射+重复三元组去重,已规范化,R0735
SR0440,SE0129,固定机翼,结构部件,控制,SE0254,升力,性能指标,连杆的受力。2)在飞行控制方面，可以使固定机翼的副翼适当下偏进行升力,D4_单-双折叠翼变体飞行器总体设计研究_郭廷宇,117,0.83,1,规则抽取+标准实体映射+重复三元组去重,已规范化,R1181
SR0441,SE0021,宽域高超声速变构飞行器,飞行器对象,控制,SE0202,主动流动控制,控制方法,宽域高超声速变构飞行器高效主动流动控制方,D6_变体飞行器变形方式及气动布局设计关键技术研究进展,30,0.86,1,规则抽取+标准实体映射+重复三元组去重,已规范化,R0931
SR0442,SE0275,操纵力矩,性能指标,控制,SE0240,鸭翼舵面控制,控制方法,较大的操纵力矩。此外，与鸭翼舵面控制导弹相,D6_变体飞行器变形方式及气动布局设计关键技术研究进展,6,0.86,1,规则抽取+标准实体映射+重复三元组去重,已规范化,R0901
SR0443,SE0104,无尾布局,气动布局,控制,SE0237,铰接控制面,控制方法,取代无尾布局前缘和后缘的铰接控制面，并在无,D6_变体飞行器变形方式及气动布局设计关键技术研究进展,3,0.86,1,规则抽取+标准实体映射+重复三元组去重,已规范化,R0899
SR0444,SE0150,智能结构,结构部件,控制,SE0220,智能控制,控制方法,能材料、智能结构、智能控制手段的发展，可以根,D6_变体飞行器变形方式及气动布局设计关键技术研究进展,8,0.86,1,规则抽取+标准实体映射+重复三元组去重,已规范化,R0885
SR0445,SE0195,气动力驱动变体,机构/执行系统,控制,SE0291,气动力,性能指标,了单-双折叠翼变体的变体方式，气动力驱动变体的控制方式和单-双折叠翼变,D4_单-双折叠翼变体飞行器总体设计研究_郭廷宇,32,0.83,1,规则抽取+标准实体映射+重复三元组去重,已规范化,R1018
SR0446,SE0299,气动性能,性能指标,控制,SE0206,动力学和控制,控制方法,念的基础上，进一步开展了单-双折叠翼变体的气动特性研究、动力学和控制研,D4_单-双折叠翼变体飞行器总体设计研究_郭廷宇,5,0.83,1,规则抽取+标准实体映射+重复三元组去重,已规范化,R0991
SR0447,SE0299,气动性能,性能指标,控制,SE0046,单-双折叠翼,变形方式,体飞行器的气动特性研究，单-双折叠翼变体的动力学与控制研究，单-双折叠,D4_单-双折叠翼变体飞行器总体设计研究_郭廷宇,32,0.83,1,规则抽取+标准实体映射+重复三元组去重,已规范化,R1017
SR0448,SE0163,活动机翼,结构部件,控制,SE0469,公转角,专业概念,机翼公转的控制力矩。对此，可以使活动机翼在变体中保持一定的公转角速,D4_单-双折叠翼变体飞行器总体设计研究_郭廷宇,98,0.86,1,规则抽取+标准实体映射+重复三元组去重,已规范化,R0808
SR0449,SE0163,活动机翼,结构部件,控制,SE0124,副翼,结构部件,的变体控制中，活动机翼的副翼除了需要卸载升力以外，还需要少量上偏或下,D4_单-双折叠翼变体飞行器总体设计研究_郭廷宇,89,0.86,1,规则抽取+标准实体映射+重复三元组去重,已规范化,R0723
SR0450,SE0163,活动机翼,结构部件,控制,SE0254,升力,性能指标,的变体控制中，活动机翼的副翼除了需要卸载升力以外，还需要少量上偏或下,D4_单-双折叠翼变体飞行器总体设计研究_郭廷宇,89,0.83,1,规则抽取+标准实体映射+重复三元组去重,已规范化,R1151
SR0451,SE0318,纵向稳定性,性能指标,控制,SE0328,质心位置,专业概念,纵向稳定性以及相应的配平能力与质心位置密,D3_跨域变构飞行器变形方案设计及气动特性分析_安英韬,4,0.86,1,规则抽取+标准实体映射+重复三元组去重,已规范化,R0922
SR0452,SE0318,纵向稳定性,性能指标,控制,SE0236,配平能力,控制方法,纵向稳定性以及相应的配平能力与质心位置密,D3_跨域变构飞行器变形方案设计及气动特性分析_安英韬,4,0.86,1,规则抽取+标准实体映射+重复三元组去重,已规范化,R0921
SR0453,SE0398,设计约束,设计问题,控制,SE0396,设计准则,专业概念,动、结构、控制等多个学科之间的耦合作用，明确了其设计约束和设计准则，发,D4_单-双折叠翼变体飞行器总体设计研究_郭廷宇,5,0.86,1,规则抽取+标准实体映射+重复三元组去重,已规范化,R0628
SR0454,SE0236,配平能力,控制方法,控制,SE0328,质心位置,专业概念,纵向稳定性以及相应的配平能力与质心位置密,D3_跨域变构飞行器变形方案设计及气动特性分析_安英韬,4,0.86,1,规则抽取+标准实体映射+重复三元组去重,已规范化,R0920
SR0455,SE0486,非稳态流动,专业概念,控制,SE0382,高超声速,任务场景,和非稳态流动的控制效果，对于宽域高超声速飞,D6_变体飞行器变形方式及气动布局设计关键技术研究进展,30,0.86,1,规则抽取+标准实体映射+重复三元组去重,已规范化,R0914
SR0456,SE0238,飞行控制,控制方法,控制,SE0124,副翼,结构部件,连杆的受力。2)在飞行控制方面，可以使固定机翼的副翼适当下偏进行升力,D4_单-双折叠翼变体飞行器总体设计研究_郭廷宇,117,0.83,1,规则抽取+标准实体映射+重复三元组去重,已规范化,R1182
SR0457,SE0238,飞行控制,控制方法,控制,SE0254,升力,性能指标,连杆的受力。2)在飞行控制方面，可以使固定机翼的副翼适当下偏进行升力,D4_单-双折叠翼变体飞行器总体设计研究_郭廷宇,117,0.83,1,规则抽取+标准实体映射+重复三元组去重,已规范化,R1183
SR0458,SE0238,飞行控制,控制方法,控制,SE0051,变体过程,变形方式,明，在进行副翼设计和飞行控制算法设计时，应保证变体过程中副翼偏转处于线,D4_单-双折叠翼变体飞行器总体设计研究_郭廷宇,94,0.83,1,规则抽取+标准实体映射+重复三元组去重,已规范化,R1069
SR0459,SE0238,飞行控制,控制方法,控制,SE0129,固定机翼,结构部件,连杆的受力。2)在飞行控制方面，可以使固定机翼的副翼适当下偏进行升力,D4_单-双折叠翼变体飞行器总体设计研究_郭廷宇,117,0.83,1,规则抽取+标准实体映射+重复三元组去重,已规范化,R1180
SR0460,SE0238,飞行控制,控制方法,控制,SE0163,活动机翼,结构部件,考虑到飞行控制的需求，连杆与活动机翼的连接点应尽量布置在活动机翼的升,D4_单-双折叠翼变体飞行器总体设计研究_郭廷宇,129,0.83,1,规则抽取+标准实体映射+重复三元组去重,已规范化,R1227
SR0461,SE0240,鸭翼舵面控制,控制方法,控制,SE0043,偏转弹头,变形方式,［29］所示，相较于鸭翼舵面控制，偏转弹头控,D6_变体飞行器变形方式及气动布局设计关键技术研究进展,6,0.86,1,规则抽取+标准实体映射+重复三元组去重,已规范化,R0884
SR0462,SE0086,上下机翼,气动布局,改善,SE0115,上机翼,结构部件,升力系数随上下翼间距的增加而减少。当上机翼位于下机翼前方时，该升力系,D4_单-双折叠翼变体飞行器总体设计研究_郭廷宇,70,0.86,1,规则抽取+标准实体映射+重复三元组去重,已规范化,R0700
SR0463,SE0086,上下机翼,气动布局,改善,SE0116,下机翼,结构部件,升力系数随上下翼间距的增加而减少。当上机翼位于下机翼前方时，该升力系,D4_单-双折叠翼变体飞行器总体设计研究_郭廷宇,70,0.86,1,规则抽取+标准实体映射+重复三元组去重,已规范化,R0702
SR0464,SE0086,上下机翼,气动布局,改善,SE0254,升力,性能指标,的设计，以期望上下机翼能够同步失速，进而增大飞机的最大升力系数。对于,D4_单-双折叠翼变体飞行器总体设计研究_郭廷宇,66,0.83,1,规则抽取+标准实体映射+重复三元组去重,已规范化,R1111
SR0465,SE0086,上下机翼,气动布局,改善,SE0094,双翼布局,气动布局,上下机翼间距：上下机翼间距增加有助于改善飞机在双翼布局下的气动,D4_单-双折叠翼变体飞行器总体设计研究_郭廷宇,128,0.86,1,规则抽取+标准实体映射+重复三元组去重,已规范化,R0841
SR0466,SE0086,上下机翼,气动布局,改善,SE0263,失速攻角,性能指标,右位置，上下机翼间距在1 倍弦长左右时，机翼的失速攻角有小幅度提高，其,D4_单-双折叠翼变体飞行器总体设计研究_郭廷宇,60,0.86,1,规则抽取+标准实体映射+重复三元组去重,已规范化,R0655
SR0467,SE0086,上下机翼,气动布局,改善,SE0278,攻角,性能指标,右位置，上下机翼间距在1 倍弦长左右时，机翼的失速攻角有小幅度提高，其,D4_单-双折叠翼变体飞行器总体设计研究_郭廷宇,60,0.83,1,规则抽取+标准实体映射+重复三元组去重,已规范化,R1058
SR0468,SE0086,上下机翼,气动布局,改善,SE0281,最大升力系数,性能指标,的设计，以期望上下机翼能够同步失速，进而增大飞机的最大升力系数。对于,D4_单-双折叠翼变体飞行器总体设计研究_郭廷宇,66,0.86,1,规则抽取+标准实体映射+重复三元组去重,已规范化,R0698
SR0469,SE0115,上机翼,结构部件,改善,SE0116,下机翼,结构部件,上方位置时，上机翼的零升攻角大幅提高，而下机翼的零升攻角大幅降低；当,D4_单-双折叠翼变体飞行器总体设计研究_郭廷宇,56,0.86,1,规则抽取+标准实体映射+重复三元组去重,已规范化,R0686
SR0470,SE0115,上机翼,结构部件,改善,SE0254,升力,性能指标,降低，零升攻角滞后，而上机翼的实际攻角则会增加，升力线斜率升高，零升,D4_单-双折叠翼变体飞行器总体设计研究_郭廷宇,59,0.83,1,规则抽取+标准实体映射+重复三元组去重,已规范化,R1102
SR0471,SE0115,上机翼,结构部件,改善,SE0093,双翼,气动布局,总的来看，上机翼在前时可以提高双翼整体的弯度，降低零升攻角；下机,D4_单-双折叠翼变体飞行器总体设计研究_郭廷宇,57,0.86,1,规则抽取+标准实体映射+重复三元组去重,已规范化,R0822
SR0472,SE0115,上机翼,结构部件,改善,SE0278,攻角,性能指标,上方位置时，上机翼的零升攻角大幅提高，而下机翼的零升攻角大幅降低；当,D4_单-双折叠翼变体飞行器总体设计研究_郭廷宇,56,0.83,1,规则抽取+标准实体映射+重复三元组去重,已规范化,R1095
SR0473,SE0115,上机翼,结构部件,改善,SE0281,最大升力系数,性能指标,在前时，上机翼和下机翼的最大升力系数均大幅提高，但由于上机翼和下机翼,D4_单-双折叠翼变体飞行器总体设计研究_郭廷宇,60,0.86,1,规则抽取+标准实体映射+重复三元组去重,已规范化,R0692
SR0474,SE0115,上机翼,结构部件,改善,SE0339,零升攻角,性能指标,上方位置时，上机翼的零升攻角大幅提高，而下机翼的零升攻角大幅降低；当,D4_单-双折叠翼变体飞行器总体设计研究_郭廷宇,56,0.86,1,规则抽取+标准实体映射+重复三元组去重,已规范化,R0684
SR0475,SE0116,下机翼,结构部件,改善,SE0254,升力,性能指标,在前时，上机翼和下机翼的最大升力系数均大幅提高，但由于上机翼和下机翼,D4_单-双折叠翼变体飞行器总体设计研究_郭廷宇,60,0.83,1,规则抽取+标准实体映射+重复三元组去重,已规范化,R1108
SR0476,SE0116,下机翼,结构部件,改善,SE0093,双翼,气动布局,1)当上机翼位于下机翼前方时，双翼的整体弯度增加，零升攻角提前；,D4_单-双折叠翼变体飞行器总体设计研究_郭廷宇,70,0.86,1,规则抽取+标准实体映射+重复三元组去重,已规范化,R0824
SR0477,SE0116,下机翼,结构部件,改善,SE0278,攻角,性能指标,上机翼处于下机翼后方时，下机翼的零升攻角将大幅度提高，同时上机翼的零,D4_单-双折叠翼变体飞行器总体设计研究_郭廷宇,56,0.83,1,规则抽取+标准实体映射+重复三元组去重,已规范化,R1097
SR0478,SE0116,下机翼,结构部件,改善,SE0281,最大升力系数,性能指标,在前时，上机翼和下机翼的最大升力系数均大幅提高，但由于上机翼和下机翼,D4_单-双折叠翼变体飞行器总体设计研究_郭廷宇,60,0.86,1,规则抽取+标准实体映射+重复三元组去重,已规范化,R0691
SR0479,SE0116,下机翼,结构部件,改善,SE0339,零升攻角,性能指标,上机翼处于下机翼后方时，下机翼的零升攻角将大幅度提高，同时上机翼的零,D4_单-双折叠翼变体飞行器总体设计研究_郭廷宇,56,0.86,1,规则抽取+标准实体映射+重复三元组去重,已规范化,R0687
SR0480,SE0118,主动气动弹性机翼,结构部件,改善,SE0345,飞行性能,性能指标,性变体、设计主动气动弹性机翼、到聚焦柔性变形,D1_空天变构飞行技术研究现状与未来发展研判_刘思佳,2,0.92,1,规则抽取+标准实体映射+重复三元组去重,高置信通过,R0026
SR0481,SE0041,伸缩翼,变形方式,改善,SE0299,气动性能,性能指标,有效改善飞行器气动性能。其中一种伸缩机翼,D6_变体飞行器变形方式及气动布局设计关键技术研究进展,20,0.92,1,规则抽取+标准实体映射+重复三元组去重,高置信通过,R0018
SR0482,SE0041,伸缩翼,变形方式,改善,SE0169,结构重量,结构部件,伸缩翼等，在结构重量增加、飞机空间占用等方面付出的代价过高，使得变体技,D4_单-双折叠翼变体飞行器总体设计研究_郭廷宇,30,0.86,1,规则抽取+标准实体映射+重复三元组去重,已规范化,R0630
SR0483,SE0043,偏转弹头,变形方式,改善,SE0203,俯仰控制,控制方法,比，偏转弹头导弹具有更高的俯仰控制效率(见,D6_变体飞行器变形方式及气动布局设计关键技术研究进展,6,0.92,1,规则抽取+标准实体映射+重复三元组去重,高置信通过,R0073
SR0484,SE0124,副翼,结构部件,改善,SE0440,ACADO,项目/机构,单-双折叠翼变体的间接增重主要是增大副翼带来的增重，ACADO 中对,D4_单-双折叠翼变体飞行器总体设计研究_郭廷宇,134,0.86,1,规则抽取+标准实体映射+重复三元组去重,已规范化,R0778
SR0485,SE0124,副翼,结构部件,改善,SE0183,作动器,机构/执行系统,完成变体，这种驱动方式只需要在现有的副翼和副翼作动器上进行改进和增强,D4_单-双折叠翼变体飞行器总体设计研究_郭廷宇,49,0.83,1,规则抽取+标准实体映射+重复三元组去重,已规范化,R1089
SR0486,SE0124,副翼,结构部件,改善,SE0254,升力,性能指标,定，如图 3.3(a)所示；变体开始后，活动机翼的副翼开始下偏，升力增加，驱,D4_单-双折叠翼变体飞行器总体设计研究_郭廷宇,43,0.83,1,规则抽取+标准实体映射+重复三元组去重,已规范化,R0949
SR0487,SE0124,副翼,结构部件,改善,SE0051,变体过程,变形方式,间成本，降低活动机翼的气动负载也有利于降低对副翼的要求，增强变体过程中,D4_单-双折叠翼变体飞行器总体设计研究_郭廷宇,125,0.86,1,规则抽取+标准实体映射+重复三元组去重,已规范化,R0672
SR0488,SE0124,副翼,结构部件,改善,SE0163,活动机翼,结构部件,(b)当副翼下偏时，活动机翼的升力增加，机翼向上运动,D4_单-双折叠翼变体飞行器总体设计研究_郭廷宇,44,0.86,1,规则抽取+标准实体映射+重复三元组去重,已规范化,R0854
SR0489,SE0124,副翼,结构部件,改善,SE0306,流动分离,专业概念,度将会大幅度增大；另一方面，副翼偏角过大时，流动分离也会使副翼的阻力,D4_单-双折叠翼变体飞行器总体设计研究_郭廷宇,89,0.86,1,规则抽取+标准实体映射+重复三元组去重,已规范化,R0725
SR0490,SE0124,副翼,结构部件,改善,SE0175,翼面积,结构部件,线，如图 7.4 所示。可以看出，增大活动机翼的副翼面积可以大幅扩展飞机的,D4_单-双折叠翼变体飞行器总体设计研究_郭廷宇,131,0.83,1,规则抽取+标准实体映射+重复三元组去重,已规范化,R0961
SR0491,SE0124,副翼,结构部件,改善,SE0337,阻力,性能指标,度将会大幅度增大；另一方面，副翼偏角过大时，流动分离也会使副翼的阻力,D4_单-双折叠翼变体飞行器总体设计研究_郭廷宇,89,0.83,1,规则抽取+标准实体映射+重复三元组去重,已规范化,R1155
SR0492,SE0254,升力,性能指标,改善,SE0086,上下机翼,气动布局,升力系数随上下翼间距的增加而减少。当上机翼位于下机翼前方时，该升力系,D4_单-双折叠翼变体飞行器总体设计研究_郭廷宇,70,0.83,1,规则抽取+标准实体映射+重复三元组去重,已规范化,R1112
SR0493,SE0254,升力,性能指标,改善,SE0115,上机翼,结构部件,升力系数随上下翼间距的增加而减少。当上机翼位于下机翼前方时，该升力系,D4_单-双折叠翼变体飞行器总体设计研究_郭廷宇,70,0.83,1,规则抽取+标准实体映射+重复三元组去重,已规范化,R1113
SR0494,SE0254,升力,性能指标,改善,SE0116,下机翼,结构部件,不能同步失速，双翼整体的最大升力系数并没有提高；当下机翼在前时，双翼,D4_单-双折叠翼变体飞行器总体设计研究_郭廷宇,60,0.83,1,规则抽取+标准实体映射+重复三元组去重,已规范化,R1110
SR0495,SE0254,升力,性能指标,改善,SE0089,单翼构型,气动布局,提高双翼构型的最大升力系数，增强双翼构型的起降性能；降低单翼构型的阻,D4_单-双折叠翼变体飞行器总体设计研究_郭廷宇,125,0.83,1,规则抽取+标准实体映射+重复三元组去重,已规范化,R1217
SR0496,SE0254,升力,性能指标,改善,SE0093,双翼,气动布局,上机翼的上反可以小幅度的增加最大升力系数，降低阻力，有助于改善双翼的气,D4_单-双折叠翼变体飞行器总体设计研究_郭廷宇,77,0.83,1,规则抽取+标准实体映射+重复三元组去重,已规范化,R1065
SR0497,SE0254,升力,性能指标,改善,SE0321,翼展,专业概念,态下会大幅损失有效升力面积，虽然缩减了飞机的起降翼展，但也大幅增加了起,D4_单-双折叠翼变体飞行器总体设计研究_郭廷宇,47,0.83,1,规则抽取+标准实体映射+重复三元组去重,已规范化,R1049
SR0498,SE0254,升力,性能指标,改善,SE0327,诱导阻力,性能指标,翼的升力分布更接近于椭圆形，从而提高奥斯瓦尔德因子，减小诱导阻力。但,D4_单-双折叠翼变体飞行器总体设计研究_郭廷宇,73,0.83,1,规则抽取+标准实体映射+重复三元组去重,已规范化,R1119
SR0499,SE0254,升力,性能指标,改善,SE0329,起降翼展,专业概念,态下会大幅损失有效升力面积，虽然缩减了飞机的起降翼展，但也大幅增加了起,D4_单-双折叠翼变体飞行器总体设计研究_郭廷宇,47,0.83,1,规则抽取+标准实体映射+重复三元组去重,已规范化,R1048
SR0500,SE0254,升力,性能指标,改善,SE0378,超声速,任务场景,的翼尖可以向下折叠，一方面破坏掉部分升力，有利于超声速配平，另一方面也,D4_单-双折叠翼变体飞行器总体设计研究_郭廷宇,25,0.83,1,规则抽取+标准实体映射+重复三元组去重,已规范化,R1016
SR0501,SE0254,升力,性能指标,改善,SE0337,阻力,性能指标,上机翼的上反可以小幅度的增加最大升力系数，降低阻力，有助于改善双翼的气,D4_单-双折叠翼变体飞行器总体设计研究_郭廷宇,77,0.83,2,规则抽取+标准实体映射+重复三元组去重,已规范化,R1062；R1120
SR0502,SE0254,升力,性能指标,改善,SE0400,非定常效应,专业概念,的升力变化剧烈或非定常效应较强，则不利于单-双折叠变体的控制和安全。,D4_单-双折叠翼变体飞行器总体设计研究_郭廷宇,80,0.83,1,规则抽取+标准实体映射+重复三元组去重,已规范化,R1140
SR0503,SE0255,升力系数,性能指标,改善,SE0086,上下机翼,气动布局,升力系数随上下翼间距的增加而减少。当上机翼位于下机翼前方时，该升力系,D4_单-双折叠翼变体飞行器总体设计研究_郭廷宇,70,0.86,1,规则抽取+标准实体映射+重复三元组去重,已规范化,R0699
SR0504,SE0255,升力系数,性能指标,改善,SE0115,上机翼,结构部件,升力系数随上下翼间距的增加而减少。当上机翼位于下机翼前方时，该升力系,D4_单-双折叠翼变体飞行器总体设计研究_郭廷宇,70,0.86,1,规则抽取+标准实体映射+重复三元组去重,已规范化,R0701
SR0505,SE0255,升力系数,性能指标,改善,SE0116,下机翼,结构部件,升力系数随上下翼间距的增加而减少。当上机翼位于下机翼前方时，该升力系,D4_单-双折叠翼变体飞行器总体设计研究_郭廷宇,70,0.86,1,规则抽取+标准实体映射+重复三元组去重,已规范化,R0703
SR0506,SE0256,升阻比,性能指标,改善,SE0266,展弦比,性能指标,加，飞机的升阻比提高，而燃油携带逐渐减少，当展弦比在30 左右时，飞机的,D4_单-双折叠翼变体飞行器总体设计研究_郭廷宇,38,0.83,1,规则抽取+标准实体映射+重复三元组去重,已规范化,R0972
SR0507,SE0256,升阻比,性能指标,改善,SE0321,翼展,专业概念,航升阻比大大提高，因此在航程和航时方面仍具有很大优势，在限制起降翼展,D4_单-双折叠翼变体飞行器总体设计研究_郭廷宇,136,0.83,1,规则抽取+标准实体映射+重复三元组去重,已规范化,R1238
SR0508,SE0256,升阻比,性能指标,改善,SE0175,翼面积,结构部件,的最大起飞重量和巡航升阻比，进而提升飞机的载荷和航程，增大机翼面积也,D4_单-双折叠翼变体飞行器总体设计研究_郭廷宇,123,0.83,1,规则抽取+标准实体映射+重复三元组去重,已规范化,R1203
SR0509,SE0256,升阻比,性能指标,改善,SE0329,起降翼展,专业概念,航升阻比大大提高，因此在航程和航时方面仍具有很大优势，在限制起降翼展,D4_单-双折叠翼变体飞行器总体设计研究_郭廷宇,136,0.83,1,规则抽取+标准实体映射+重复三元组去重,已规范化,R1237
SR0510,SE0256,升阻比,性能指标,改善,SE0332,载荷,性能指标,的最大起飞重量和巡航升阻比，进而提升飞机的载荷和航程，增大机翼面积也,D4_单-双折叠翼变体飞行器总体设计研究_郭廷宇,123,0.83,1,规则抽取+标准实体映射+重复三元组去重,已规范化,R1202
SR0511,SE0046,单-双折叠翼,变形方式,改善,SE0440,ACADO,项目/机构,单-双折叠翼变体的间接增重主要是增大副翼带来的增重，ACADO 中对,D4_单-双折叠翼变体飞行器总体设计研究_郭廷宇,134,0.86,1,规则抽取+标准实体映射+重复三元组去重,已规范化,R0780
SR0512,SE0046,单-双折叠翼,变形方式,改善,SE0124,副翼,结构部件,单-双折叠翼变体的间接增重主要是增大副翼带来的增重，ACADO 中对,D4_单-双折叠翼变体飞行器总体设计研究_郭廷宇,134,0.86,1,规则抽取+标准实体映射+重复三元组去重,已规范化,R0779
SR0513,SE0046,单-双折叠翼,变形方式,改善,SE0392,收益代价,设计问题,展的最大阻碍。表 3.1 为单-双折叠翼变体与其他变体方式的收益代价比较，对比,D4_单-双折叠翼变体飞行器总体设计研究_郭廷宇,47,0.86,1,规则抽取+标准实体映射+重复三元组去重,已规范化,R0588
SR0514,SE0046,单-双折叠翼,变形方式,改善,SE0321,翼展,专业概念,右，航程和航时相较于RQ-4A 提升了25%左右。单-双折叠翼变体在翼展和航,D4_单-双折叠翼变体飞行器总体设计研究_郭廷宇,138,0.83,1,规则抽取+标准实体映射+重复三元组去重,已规范化,R0955
SR0515,SE0012,单-双折叠翼变体飞行器,飞行器对象,改善,SE0392,收益代价,设计问题,7.4 单-双折叠翼变体飞行器的收益代价研究,D4_单-双折叠翼变体飞行器总体设计研究_郭廷宇,133,0.86,1,规则抽取+标准实体映射+重复三元组去重,已规范化,R0880
SR0516,SE0125,单块式机翼,结构部件,改善,SE0176,蒙皮,结构部件,能进行一定增强处理；单块式机翼的蒙皮起到传递弯矩和扭矩的作用，蒙皮开,D4_单-双折叠翼变体飞行器总体设计研究_郭廷宇,118,0.83,1,规则抽取+标准实体映射+重复三元组去重,已规范化,R1190
SR0517,SE0089,单翼构型,气动布局,改善,SE0093,双翼,气动布局,在单翼构型下，飞机的展弦比相较于双翼状态增加了一倍，极大地减少了飞,D4_单-双折叠翼变体飞行器总体设计研究_郭廷宇,43,0.86,1,规则抽取+标准实体映射+重复三元组去重,已规范化,R0798
SR0518,SE0093,双翼,气动布局,改善,SE0086,上下机翼,气动布局,合以上两点，为了尽可能的提高双翼的飞行性能，双翼的上下翼间距应尽可能,D4_单-双折叠翼变体飞行器总体设计研究_郭廷宇,70,0.86,1,规则抽取+标准实体映射+重复三元组去重,已规范化,R0706
SR0519,SE0093,双翼,气动布局,改善,SE0115,上机翼,结构部件,翼在前时将降低双翼整体的弯度，提高零升攻角；上机翼处于下机翼正上方,D4_单-双折叠翼变体飞行器总体设计研究_郭廷宇,57,0.86,1,规则抽取+标准实体映射+重复三元组去重,已规范化,R0801
SR0520,SE0093,双翼,气动布局,改善,SE0116,下机翼,结构部件,翼在前时将降低双翼整体的弯度，提高零升攻角；上机翼处于下机翼正上方,D4_单-双折叠翼变体飞行器总体设计研究_郭廷宇,57,0.86,1,规则抽取+标准实体映射+重复三元组去重,已规范化,R0802
SR0521,SE0093,双翼,气动布局,改善,SE0254,升力,性能指标,不能同步失速，双翼整体的最大升力系数并没有提高；当下机翼在前时，双翼,D4_单-双折叠翼变体飞行器总体设计研究_郭廷宇,60,0.83,1,规则抽取+标准实体映射+重复三元组去重,已规范化,R1109
SR0522,SE0093,双翼,气动布局,改善,SE0263,失速攻角,性能指标,失速，则不利于失速后飞机的控制；若双翼不同步失速且失速攻角相差很大，,D4_单-双折叠翼变体飞行器总体设计研究_郭廷宇,62,0.86,1,规则抽取+标准实体映射+重复三元组去重,已规范化,R0697
SR0523,SE0093,双翼,气动布局,改善,SE0281,最大升力系数,性能指标,不能同步失速，双翼整体的最大升力系数并没有提高；当下机翼在前时，双翼,D4_单-双折叠翼变体飞行器总体设计研究_郭廷宇,60,0.86,1,规则抽取+标准实体映射+重复三元组去重,已规范化,R0693
SR0524,SE0093,双翼,气动布局,改善,SE0286,梢根比,性能指标,对于双翼而言，当机翼带有较小的梢根比时，翼根的弦长增加，翼根截面的x,D4_单-双折叠翼变体飞行器总体设计研究_郭廷宇,73,0.86,1,规则抽取+标准实体映射+重复三元组去重,已规范化,R0708
SR0525,SE0093,双翼,气动布局,改善,SE0299,气动性能,性能指标,2)双翼的气动性能对于机翼平面参数的变化不敏感，除了增大上机翼与,D4_单-双折叠翼变体飞行器总体设计研究_郭廷宇,78,0.86,1,规则抽取+标准实体映射+重复三元组去重,已规范化,R0828
SR0526,SE0093,双翼,气动布局,改善,SE0172,翼根,结构部件,对于双翼而言，当机翼带有较小的梢根比时，翼根的弦长增加，翼根截面的x,D4_单-双折叠翼变体飞行器总体设计研究_郭廷宇,73,0.86,1,规则抽取+标准实体映射+重复三元组去重,已规范化,R0709
SR0527,SE0093,双翼,气动布局,改善,SE0339,零升攻角,性能指标,总的来看，上机翼在前时可以提高双翼整体的弯度，降低零升攻角；下机,D4_单-双折叠翼变体飞行器总体设计研究_郭廷宇,57,0.86,1,规则抽取+标准实体映射+重复三元组去重,已规范化,R0823
SR0528,SE0093,双翼,气动布局,改善,SE0345,飞行性能,性能指标,合以上两点，为了尽可能的提高双翼的飞行性能，双翼的上下翼间距应尽可能,D4_单-双折叠翼变体飞行器总体设计研究_郭廷宇,70,0.83,1,规则抽取+标准实体映射+重复三元组去重,已规范化,R1115
SR0529,SE0095,双翼构型,气动布局,改善,SE0254,升力,性能指标,提高双翼构型的最大升力系数，增强双翼构型的起降性能；降低单翼构型的阻,D4_单-双折叠翼变体飞行器总体设计研究_郭廷宇,125,0.83,1,规则抽取+标准实体映射+重复三元组去重,已规范化,R1216
SR0530,SE0095,双翼构型,气动布局,改善,SE0089,单翼构型,气动布局,提高双翼构型的最大升力系数，增强双翼构型的起降性能；降低单翼构型的阻,D4_单-双折叠翼变体飞行器总体设计研究_郭廷宇,125,0.86,1,规则抽取+标准实体映射+重复三元组去重,已规范化,R0758
SR0531,SE0095,双翼构型,气动布局,改善,SE0281,最大升力系数,性能指标,提高双翼构型的最大升力系数，增强双翼构型的起降性能；降低单翼构型的阻,D4_单-双折叠翼变体飞行器总体设计研究_郭廷宇,125,0.86,1,规则抽取+标准实体映射+重复三元组去重,已规范化,R0756
SR0532,SE0049,变体技术,变形方式,改善,SE0392,收益代价,设计问题,来的收益无法抵消其付出的代价。为此，也需要明确变体技术的收益代价边界，,D4_单-双折叠翼变体飞行器总体设计研究_郭廷宇,34,0.83,1,规则抽取+标准实体映射+重复三元组去重,已规范化,R1031
SR0533,SE0050,变体方案,变形方式,改善,SE0169,结构重量,结构部件,2000L 时，可以取得较好的收益。而现有的常见的变展长变体方案，在结构重量,D4_单-双折叠翼变体飞行器总体设计研究_郭廷宇,41,0.86,1,规则抽取+标准实体映射+重复三元组去重,已规范化,R0591
SR0534,SE0188,变体机构,机构/执行系统,改善,SE0387,容积侵占,设计问题,控制设计和变体机构设计的需求，或在结构重量增加、机翼容积侵占等方面付,D4_单-双折叠翼变体飞行器总体设计研究_郭廷宇,112,0.86,1,规则抽取+标准实体映射+重复三元组去重,已规范化,R0743
SR0535,SE0188,变体机构,机构/执行系统,改善,SE0194,机构设计,机构/执行系统,控制设计和变体机构设计的需求，或在结构重量增加、机翼容积侵占等方面付,D4_单-双折叠翼变体飞行器总体设计研究_郭廷宇,112,0.86,1,规则抽取+标准实体映射+重复三元组去重,已规范化,R0738
SR0536,SE0188,变体机构,机构/执行系统,改善,SE0169,结构重量,结构部件,控制设计和变体机构设计的需求，或在结构重量增加、机翼容积侵占等方面付,D4_单-双折叠翼变体飞行器总体设计研究_郭廷宇,112,0.86,1,规则抽取+标准实体映射+重复三元组去重,已规范化,R0741
SR0537,SE0051,变体过程,变形方式,改善,SE0254,升力,性能指标,机翼增加负扭转角，则在变体过程中，活动机翼需卸载的升力减小，也同样会,D4_单-双折叠翼变体飞行器总体设计研究_郭廷宇,132,0.83,1,规则抽取+标准实体映射+重复三元组去重,已规范化,R1231
SR0538,SE0051,变体过程,变形方式,改善,SE0278,攻角,性能指标,长左右位置，可以最大程度的减少变体过程中连杆的受力。若同时兼顾因攻角,D4_单-双折叠翼变体飞行器总体设计研究_郭廷宇,92,0.83,1,规则抽取+标准实体映射+重复三元组去重,已规范化,R1164
SR0539,SE0051,变体过程,变形方式,改善,SE0163,活动机翼,结构部件,在此变体过程中，每个活动机翼增加了自转和公转两个自由度，而每段机翼,D4_单-双折叠翼变体飞行器总体设计研究_郭廷宇,45,0.86,1,规则抽取+标准实体映射+重复三元组去重,已规范化,R0799
SR0540,SE0052,变前掠,变形方式,改善,SE0101,平直翼,气动布局,变前掠机翼方案能够兼顾平直翼、前掠翼、三角,D6_变体飞行器变形方式及气动布局设计关键技术研究进展,15,0.86,1,规则抽取+标准实体映射+重复三元组去重,已规范化,R0911
SR0541,SE0054,变后掠翼,变形方式,改善,SE0300,气动收益,性能指标,量，这削弱了变后掠带来的气动收益，不利于燃,D6_变体飞行器变形方式及气动布局设计关键技术研究进展,2,0.86,1,规则抽取+标准实体映射+重复三元组去重,已规范化,R0898
SR0542,SE0055,变展长技术,变形方式,改善,SE0050,变体方案,变形方式,2000L 时，可以取得较好的收益。而现有的常见的变展长变体方案，在结构重量,D4_单-双折叠翼变体飞行器总体设计研究_郭廷宇,41,0.86,1,规则抽取+标准实体映射+重复三元组去重,已规范化,R0590
SR0543,SE0055,变展长技术,变形方式,改善,SE0016,变构飞行器,飞行器对象,2.3 变展长变体飞行器的设计准则和收益分析,D4_单-双折叠翼变体飞行器总体设计研究_郭廷宇,36,0.86,1,规则抽取+标准实体映射+重复三元组去重,已规范化,R0874
SR0544,SE0055,变展长技术,变形方式,改善,SE0392,收益代价,设计问题,鹰”应用变展长变体技术后的收益代价，结果表明，在缩减50%起降翼展的情,D4_单-双折叠翼变体飞行器总体设计研究_郭廷宇,40,0.86,1,规则抽取+标准实体映射+重复三元组去重,已规范化,R0636
SR0545,SE0055,变展长技术,变形方式,改善,SE0169,结构重量,结构部件,2000L 时，可以取得较好的收益。而现有的常见的变展长变体方案，在结构重量,D4_单-双折叠翼变体飞行器总体设计研究_郭廷宇,41,0.86,1,规则抽取+标准实体映射+重复三元组去重,已规范化,R0592
SR0546,SE0055,变展长技术,变形方式,改善,SE0321,翼展,专业概念,鹰”应用变展长变体技术后的收益代价，结果表明，在缩减50%起降翼展的情,D4_单-双折叠翼变体飞行器总体设计研究_郭廷宇,40,0.83,1,规则抽取+标准实体映射+重复三元组去重,已规范化,R1043
SR0547,SE0055,变展长技术,变形方式,改善,SE0396,设计准则,专业概念,2.3 变展长变体飞行器的设计准则和收益分析,D4_单-双折叠翼变体飞行器总体设计研究_郭廷宇,36,0.86,1,规则抽取+标准实体映射+重复三元组去重,已规范化,R0876
SR0548,SE0055,变展长技术,变形方式,改善,SE0329,起降翼展,专业概念,鹰”应用变展长变体技术后的收益代价，结果表明，在缩减50%起降翼展的情,D4_单-双折叠翼变体飞行器总体设计研究_郭廷宇,40,0.86,1,规则抽取+标准实体映射+重复三元组去重,已规范化,R0638
SR0549,SE0016,变构飞行器,飞行器对象,改善,SE0055,变展长技术,变形方式,长的改变，为了提高变体的收益，应最大化的提高变体飞行器改变展长的比例；,D4_单-双折叠翼变体飞行器总体设计研究_郭廷宇,125,0.86,1,规则抽取+标准实体映射+重复三元组去重,已规范化,R0674
SR0550,SE0016,变构飞行器,飞行器对象,改善,SE0392,收益代价,设计问题,实用价值。为此，在变体飞行器设计中，需明确变体的收益代价及其边界。,D4_单-双折叠翼变体飞行器总体设计研究_郭廷宇,39,0.86,1,规则抽取+标准实体映射+重复三元组去重,已规范化,R0797
SR0551,SE0016,变构飞行器,飞行器对象,改善,SE0169,结构重量,结构部件,关键词：变构飞行器；变形收益；费效比；机构驱动；结构重量,D1_空天变构飞行技术研究现状与未来发展研判_刘思佳,1,0.86,1,规则抽取+标准实体映射+重复三元组去重,已规范化,R0845
SR0552,SE0016,变构飞行器,飞行器对象,改善,SE0396,设计准则,专业概念,2.3 变展长变体飞行器的设计准则和收益分析,D4_单-双折叠翼变体飞行器总体设计研究_郭廷宇,36,0.86,1,规则抽取+标准实体映射+重复三元组去重,已规范化,R0875
SR0553,SE0016,变构飞行器,飞行器对象,改善,SE0399,费效比,设计问题,关键词：变构飞行器；变形收益；费效比；机构驱动；结构重量,D1_空天变构飞行技术研究现状与未来发展研判_刘思佳,1,0.86,1,规则抽取+标准实体映射+重复三元组去重,已规范化,R0844
SR0554,SE0016,变构飞行器,飞行器对象,改善,SE0345,飞行性能,性能指标,变体飞行器在改善了飞行性能的同时，在重量、结构、可靠性等方面也带来,D4_单-双折叠翼变体飞行器总体设计研究_郭廷宇,47,0.92,1,规则抽取+标准实体映射+重复三元组去重,高置信通过,R0001
SR0555,SE0258,后掠角,性能指标,改善,SE0012,单-双折叠翼变体飞行器,飞行器对象,除可能少量增加机翼厚度，减小后掠角外，单-双折叠翼变体飞行器无需改变,D4_单-双折叠翼变体飞行器总体设计研究_郭廷宇,127,0.83,1,规则抽取+标准实体映射+重复三元组去重,已规范化,R1222
SR0556,SE0258,后掠角,性能指标,改善,SE0311,激波阻力,性能指标,速飞行时则机翼向后转动，此时飞机的后掠角增大，有利于降低激波阻力，提高,D4_单-双折叠翼变体飞行器总体设计研究_郭廷宇,25,0.83,1,规则抽取+标准实体映射+重复三元组去重,已规范化,R1014
SR0557,SE0258,后掠角,性能指标,改善,SE0337,阻力,性能指标,速飞行时则机翼向后转动，此时飞机的后掠角增大，有利于降低激波阻力，提高,D4_单-双折叠翼变体飞行器总体设计研究_郭廷宇,25,0.83,1,规则抽取+标准实体映射+重复三元组去重,已规范化,R1015
SR0558,SE0129,固定机翼,结构部件,改善,SE0254,升力,性能指标,并转移至固定机翼，减小梢根比也有利于减少需要转移的升力，降低对于活动,D4_单-双折叠翼变体飞行器总体设计研究_郭廷宇,126,0.83,1,规则抽取+标准实体映射+重复三元组去重,已规范化,R1221
SR0559,SE0129,固定机翼,结构部件,改善,SE0286,梢根比,性能指标,并转移至固定机翼，减小梢根比也有利于减少需要转移的升力，降低对于活动,D4_单-双折叠翼变体飞行器总体设计研究_郭廷宇,126,0.86,1,规则抽取+标准实体映射+重复三元组去重,已规范化,R0765
SR0560,SE0129,固定机翼,结构部件,改善,SE0163,活动机翼,结构部件,翼的攻角也将同步增加，且近似认为攻角变化时固定机翼和活动机翼的升力分,D4_单-双折叠翼变体飞行器总体设计研究_郭廷宇,130,0.86,1,规则抽取+标准实体映射+重复三元组去重,已规范化,R0775
SR0561,SE0260,多飞行任务性能,性能指标,改善,SE0058,变形方式,变形方式,行需求，探索可以提高多飞行任务性能的新概念变形方式，建立智能变体设计模型及多学科强耦合一体化设计体系将成,D6_变体飞行器变形方式及气动布局设计关键技术研究进展,1,0.86,1,规则抽取+标准实体映射+重复三元组去重,已规范化,R0579
SR0562,SE0137,大展弦比机翼,结构部件,改善,SE0256,升阻比,性能指标,大展弦比机翼可以极大地降低飞机的诱导阻力，提高飞机的升阻比，但随着,D4_单-双折叠翼变体飞行器总体设计研究_郭廷宇,20,0.92,1,规则抽取+标准实体映射+重复三元组去重,高置信通过,R0054
SR0563,SE0137,大展弦比机翼,结构部件,改善,SE0266,展弦比,性能指标,大展弦比机翼可以极大地降低飞机的诱导阻力，提高飞机的升阻比，但随着,D4_单-双折叠翼变体飞行器总体设计研究_郭廷宇,20,0.83,1,规则抽取+标准实体映射+重复三元组去重,已规范化,R1245
SR0564,SE0137,大展弦比机翼,结构部件,改善,SE0327,诱导阻力,性能指标,大展弦比机翼可以极大地降低飞机的诱导阻力，提高飞机的升阻比，但随着,D4_单-双折叠翼变体飞行器总体设计研究_郭廷宇,20,0.86,1,规则抽取+标准实体映射+重复三元组去重,已规范化,R0795
SR0565,SE0137,大展弦比机翼,结构部件,改善,SE0337,阻力,性能指标,大展弦比机翼可以极大地降低飞机的诱导阻力，提高飞机的升阻比，但随着,D4_单-双折叠翼变体飞行器总体设计研究_郭廷宇,20,0.83,1,规则抽取+标准实体映射+重复三元组去重,已规范化,R1246
SR0566,SE0019,大展弦比飞机,飞行器对象,改善,SE0392,收益代价,设计问题,2.3.3 应用变体技术的大展弦比飞机收益代价边界,D4_单-双折叠翼变体飞行器总体设计研究_郭廷宇,39,0.86,1,规则抽取+标准实体映射+重复三元组去重,已规范化,R0858
SR0567,SE0263,失速攻角,性能指标,改善,SE0278,攻角,性能指标,右位置，上下机翼间距在1 倍弦长左右时，机翼的失速攻角有小幅度提高，其,D4_单-双折叠翼变体飞行器总体设计研究_郭廷宇,60,0.83,1,规则抽取+标准实体映射+重复三元组去重,已规范化,R1057
SR0568,SE0365,宽速域,任务场景,改善,SE0171,翼型,结构部件,波前体和宽速域翼型/机翼来兼顾亚/跨/超/高,D6_变体飞行器变形方式及气动布局设计关键技术研究进展,29,0.86,1,规则抽取+标准实体映射+重复三元组去重,已规范化,R0889
SR0569,SE0266,展弦比,性能指标,改善,SE0254,升力,性能指标,性的影响是一致的，即增大展弦比会降低诱导阻力，并少量提升飞机的升力。,D4_单-双折叠翼变体飞行器总体设计研究_郭廷宇,74,0.83,1,规则抽取+标准实体映射+重复三元组去重,已规范化,R1131
SR0570,SE0266,展弦比,性能指标,改善,SE0256,升阻比,性能指标,说，增大机翼的展弦比，是降低诱导阻力，提高巡航升阻比的最有效手段。但大,D4_单-双折叠翼变体飞行器总体设计研究_郭廷宇,5,0.83,1,规则抽取+标准实体映射+重复三元组去重,已规范化,R0990
SR0571,SE0266,展弦比,性能指标,改善,SE0049,变体技术,变形方式,飞行器的收益边界。本章中对于展弦比设计规律和变体技术收益代价边界的研,D4_单-双折叠翼变体飞行器总体设计研究_郭廷宇,34,0.83,1,规则抽取+标准实体映射+重复三元组去重,已规范化,R1080
SR0572,SE0266,展弦比,性能指标,改善,SE0392,收益代价,设计问题,飞行器的收益边界。本章中对于展弦比设计规律和变体技术收益代价边界的研,D4_单-双折叠翼变体飞行器总体设计研究_郭廷宇,34,0.83,1,规则抽取+标准实体映射+重复三元组去重,已规范化,R1081
SR0573,SE0266,展弦比,性能指标,改善,SE0169,结构重量,结构部件,展弦比的增加，机翼变得更加细长，所需要的结构重量也随之增加，同时机翼的,D4_单-双折叠翼变体飞行器总体设计研究_郭廷宇,20,0.83,1,规则抽取+标准实体映射+重复三元组去重,已规范化,R1009
SR0574,SE0266,展弦比,性能指标,改善,SE0321,翼展,专业概念,的展弦比本身较大，机翼翼展的增加大幅增加了机翼的机构重量，抵消了提高,D4_单-双折叠翼变体飞行器总体设计研究_郭廷宇,137,0.83,1,规则抽取+标准实体映射+重复三元组去重,已规范化,R1239
SR0575,SE0266,展弦比,性能指标,改善,SE0172,翼根,结构部件,阻力，提高气动效率，增加航程。但另一方面，增加展弦比会使机翼根部弯矩增,D4_单-双折叠翼变体飞行器总体设计研究_郭廷宇,34,0.83,1,规则抽取+标准实体映射+重复三元组去重,已规范化,R1021
SR0576,SE0266,展弦比,性能指标,改善,SE0326,航程,性能指标,的展弦比。因此，提高飞机的展弦比，是飞机降低阻力、增大航程最有效和最直,D4_单-双折叠翼变体飞行器总体设计研究_郭廷宇,20,0.83,1,规则抽取+标准实体映射+重复三元组去重,已规范化,R1008
SR0577,SE0266,展弦比,性能指标,改善,SE0482,设计规律,专业概念,飞行器的收益边界。本章中对于展弦比设计规律和变体技术收益代价边界的研,D4_单-双折叠翼变体飞行器总体设计研究_郭廷宇,34,0.83,1,规则抽取+标准实体映射+重复三元组去重,已规范化,R1078
SR0578,SE0266,展弦比,性能指标,改善,SE0327,诱导阻力,性能指标,说，增大机翼的展弦比，是降低诱导阻力，提高巡航升阻比的最有效手段。但大,D4_单-双折叠翼变体飞行器总体设计研究_郭廷宇,5,0.83,1,规则抽取+标准实体映射+重复三元组去重,已规范化,R0986
SR0579,SE0266,展弦比,性能指标,改善,SE0337,阻力,性能指标,说，增大机翼的展弦比，是降低诱导阻力，提高巡航升阻比的最有效手段。但大,D4_单-双折叠翼变体飞行器总体设计研究_郭廷宇,5,0.83,2,规则抽取+标准实体映射+重复三元组去重,已规范化,R0988；R1007
SR0580,SE0366,巡航翼展,任务场景,改善,SE0321,翼展,专业概念,大巡航翼展，则飞机的机翼面积增加，较于原准机，飞机的翼载荷可以相应降,D4_单-双折叠翼变体飞行器总体设计研究_郭廷宇,123,0.83,1,规则抽取+标准实体映射+重复三元组去重,已规范化,R1210
SR0581,SE0366,巡航翼展,任务场景,改善,SE0175,翼面积,结构部件,大巡航翼展，则飞机的机翼面积增加，较于原准机，飞机的翼载荷可以相应降,D4_单-双折叠翼变体飞行器总体设计研究_郭廷宇,123,0.83,1,规则抽取+标准实体映射+重复三元组去重,已规范化,R1212
SR0582,SE0366,巡航翼展,任务场景,改善,SE0326,航程,性能指标,扩展30%巡航翼展的同时缩减30%起降翼展，并增加25%左右的航程。总体,D4_单-双折叠翼变体飞行器总体设计研究_郭廷宇,139,0.83,1,规则抽取+标准实体映射+重复三元组去重,已规范化,R0984
SR0583,SE0366,巡航翼展,任务场景,改善,SE0329,起降翼展,专业概念,扩展一倍巡航翼展，在飞机起降翼展不变的情况下，增大机翼的面积和展弦,D4_单-双折叠翼变体飞行器总体设计研究_郭廷宇,137,0.86,1,规则抽取+标准实体映射+重复三元组去重,已规范化,R0813
SR0584,SE0366,巡航翼展,任务场景,改善,SE0332,载荷,性能指标,大巡航翼展，则飞机的机翼面积增加，较于原准机，飞机的翼载荷可以相应降,D4_单-双折叠翼变体飞行器总体设计研究_郭廷宇,123,0.83,1,规则抽取+标准实体映射+重复三元组去重,已规范化,R1215
SR0585,SE0101,平直翼,气动布局,改善,SE0380,跨声速,专业概念,的平直翼。随着马赫数的增大，在跨声速巡航或,D6_变体飞行器变形方式及气动布局设计关键技术研究进展,14,0.86,1,规则抽取+标准实体映射+重复三元组去重,已规范化,R0905
SR0586,SE0067,折叠翼,变形方式,改善,SE0099,常规布局,气动布局,-双折叠翼变体飞机的推重比相较于常规布局应稍微增大，也可以在推重比不,D4_单-双折叠翼变体飞行器总体设计研究_郭廷宇,123,0.86,1,规则抽取+标准实体映射+重复三元组去重,已规范化,R0753
SR0587,SE0067,折叠翼,变形方式,改善,SE0326,航程,性能指标,双折叠翼变体相较于其他布局可以增加50%以上航程；2)在全球鹰基础上，,D4_单-双折叠翼变体飞行器总体设计研究_郭廷宇,139,0.83,1,规则抽取+标准实体映射+重复三元组去重,已规范化,R1074
SR0588,SE0368,提高低速机动性,任务场景,改善,SE0283,机动性能,性能指标,航向操纵能力上的不足，提高低速机动性能和起,D6_变体飞行器变形方式及气动布局设计关键技术研究进展,14,0.86,1,规则抽取+标准实体映射+重复三元组去重,已规范化,R0906
SR0589,SE0103,支撑翼布局,气动布局,改善,SE0266,展弦比,性能指标,支撑翼布局也同样是降低机翼负载，增加机翼展弦比的创新布局形式之一。,D4_单-双折叠翼变体飞行器总体设计研究_郭廷宇,21,0.83,1,规则抽取+标准实体映射+重复三元组去重,已规范化,R1249
SR0590,SE0103,支撑翼布局,气动布局,改善,SE0321,翼展,专业概念,支撑翼布局也同样是降低机翼负载，增加机翼展弦比的创新布局形式之一。,D4_单-双折叠翼变体飞行器总体设计研究_郭廷宇,21,0.83,1,规则抽取+标准实体映射+重复三元组去重,已规范化,R1248
SR0591,SE0392,收益代价,设计问题,改善,SE0321,翼展,专业概念,鹰”应用变展长变体技术后的收益代价，结果表明，在缩减50%起降翼展的情,D4_单-双折叠翼变体飞行器总体设计研究_郭廷宇,40,0.83,1,规则抽取+标准实体映射+重复三元组去重,已规范化,R1042
SR0592,SE0392,收益代价,设计问题,改善,SE0329,起降翼展,专业概念,鹰”应用变展长变体技术后的收益代价，结果表明，在缩减50%起降翼展的情,D4_单-双折叠翼变体飞行器总体设计研究_郭廷宇,40,0.86,1,规则抽取+标准实体映射+重复三元组去重,已规范化,R0637
SR0593,SE0278,攻角,性能指标,改善,SE0116,下机翼,结构部件,上方位置时，上机翼的零升攻角大幅提高，而下机翼的零升攻角大幅降低；当,D4_单-双折叠翼变体飞行器总体设计研究_郭廷宇,56,0.83,1,规则抽取+标准实体映射+重复三元组去重,已规范化,R1096
SR0594,SE0278,攻角,性能指标,改善,SE0254,升力,性能指标,降低，零升攻角滞后，而上机翼的实际攻角则会增加，升力线斜率升高，零升,D4_单-双折叠翼变体飞行器总体设计研究_郭廷宇,59,0.83,1,规则抽取+标准实体映射+重复三元组去重,已规范化,R1103
SR0595,SE0278,攻角,性能指标,改善,SE0129,固定机翼,结构部件,翼的攻角也将同步增加，且近似认为攻角变化时固定机翼和活动机翼的升力分,D4_单-双折叠翼变体飞行器总体设计研究_郭廷宇,130,0.83,1,规则抽取+标准实体映射+重复三元组去重,已规范化,R1228
SR0596,SE0278,攻角,性能指标,改善,SE0102,折叠构型,气动布局,不同攻角下的升阻特性、飞行稳定性进行了分析及对比。结果表明，折叠构型在高空高速条件下具备优良的减速性能，并可,D3_跨域变构飞行器变形方案设计及气动特性分析_安英韬,1,0.83,1,规则抽取+标准实体映射+重复三元组去重,已规范化,R0934
SR0597,SE0278,攻角,性能指标,改善,SE0163,活动机翼,结构部件,翼的攻角也将同步增加，且近似认为攻角变化时固定机翼和活动机翼的升力分,D4_单-双折叠翼变体飞行器总体设计研究_郭廷宇,130,0.83,1,规则抽取+标准实体映射+重复三元组去重,已规范化,R1229
SR0598,SE0220,智能控制,控制方法,改善,SE0225,环境自适应特性,控制方法,体是指基于智能材料、智能控制等技术根据不同,D6_变体飞行器变形方式及气动布局设计关键技术研究进展,2,0.92,1,规则抽取+标准实体映射+重复三元组去重,高置信通过,R0077
SR0599,SE0281,最大升力系数,性能指标,改善,SE0116,下机翼,结构部件,不能同步失速，双翼整体的最大升力系数并没有提高；当下机翼在前时，双翼,D4_单-双折叠翼变体飞行器总体设计研究_郭廷宇,60,0.86,1,规则抽取+标准实体映射+重复三元组去重,已规范化,R0694
SR0600,SE0281,最大升力系数,性能指标,改善,SE0254,升力,性能指标,在前时，上机翼和下机翼的最大升力系数均大幅提高，但由于上机翼和下机翼,D4_单-双折叠翼变体飞行器总体设计研究_郭廷宇,60,0.83,1,规则抽取+标准实体映射+重复三元组去重,已规范化,R1107
SR0601,SE0281,最大升力系数,性能指标,改善,SE0089,单翼构型,气动布局,提高双翼构型的最大升力系数，增强双翼构型的起降性能；降低单翼构型的阻,D4_单-双折叠翼变体飞行器总体设计研究_郭廷宇,125,0.86,1,规则抽取+标准实体映射+重复三元组去重,已规范化,R0757
SR0602,SE0281,最大升力系数,性能指标,改善,SE0337,阻力,性能指标,上机翼的上反可以小幅度的增加最大升力系数，降低阻力，有助于改善双翼的气,D4_单-双折叠翼变体飞行器总体设计研究_郭廷宇,77,0.86,2,规则抽取+标准实体映射+重复三元组去重,已规范化,R0661；R1064
SR0603,SE0194,机构设计,机构/执行系统,改善,SE0387,容积侵占,设计问题,控制设计和变体机构设计的需求，或在结构重量增加、机翼容积侵占等方面付,D4_单-双折叠翼变体飞行器总体设计研究_郭廷宇,112,0.86,1,规则抽取+标准实体映射+重复三元组去重,已规范化,R0742
SR0604,SE0194,机构设计,机构/执行系统,改善,SE0169,结构重量,结构部件,控制设计和变体机构设计的需求，或在结构重量增加、机翼容积侵占等方面付,D4_单-双折叠翼变体飞行器总体设计研究_郭廷宇,112,0.86,1,规则抽取+标准实体映射+重复三元组去重,已规范化,R0740
SR0605,SE0071,机械变形,变形方式,改善,SE0330,起飞升力,性能指标,高升力装置的机械变形提高飞机起飞升力，缩短,D6_变体飞行器变形方式及气动布局设计关键技术研究进展,2,0.86,1,规则抽取+标准实体映射+重复三元组去重,已规范化,R0896
SR0606,SE0286,梢根比,性能指标,改善,SE0254,升力,性能指标,较小梢根比的梯形翼时，翼根的弦长和升力增加，翼尖的弦长和升力减少，机,D4_单-双折叠翼变体飞行器总体设计研究_郭廷宇,73,0.83,1,规则抽取+标准实体映射+重复三元组去重,已规范化,R1118
SR0607,SE0286,梢根比,性能指标,改善,SE0093,双翼,气动布局,斯瓦尔德因子和诱导阻力较高；且改变机翼的梢根比对提升双翼的奥斯瓦尔德,D4_单-双折叠翼变体飞行器总体设计研究_郭廷宇,78,0.86,1,规则抽取+标准实体映射+重复三元组去重,已规范化,R0713
SR0608,SE0286,梢根比,性能指标,改善,SE0169,结构重量,结构部件,一方面，适当的梢根比也有利于减少飞机的翼根弯矩，降低结构重量。,D4_单-双折叠翼变体飞行器总体设计研究_郭廷宇,126,0.86,1,规则抽取+标准实体映射+重复三元组去重,已规范化,R0839
SR0609,SE0286,梢根比,性能指标,改善,SE0172,翼根,结构部件,较小梢根比的梯形翼时，翼根的弦长和升力增加，翼尖的弦长和升力减少，机,D4_单-双折叠翼变体飞行器总体设计研究_郭廷宇,73,0.86,1,规则抽取+标准实体映射+重复三元组去重,已规范化,R0707
SR0610,SE0105,气动布局,气动布局,改善,SE0238,飞行控制,控制方法,局，常规式气动布局结构较为简单，飞行控制系统成熟，有利于进一步改造为,D4_单-双折叠翼变体飞行器总体设计研究_郭廷宇,141,0.83,1,规则抽取+标准实体映射+重复三元组去重,已规范化,R1241
SR0611,SE0299,气动性能,性能指标,改善,SE0115,上机翼,结构部件,2)双翼的气动性能对于机翼平面参数的变化不敏感，除了增大上机翼与,D4_单-双折叠翼变体飞行器总体设计研究_郭廷宇,78,0.86,1,规则抽取+标准实体映射+重复三元组去重,已规范化,R0829
SR0612,SE0299,气动性能,性能指标,改善,SE0041,伸缩翼,变形方式,有效改善飞行器气动性能。其中一种伸缩机翼,D6_变体飞行器变形方式及气动布局设计关键技术研究进展,20,0.86,1,规则抽取+标准实体映射+重复三元组去重,已规范化,R0928
SR0613,SE0299,气动性能,性能指标,改善,SE0343,飞行包线,专业概念,环境并改善飞行器气动性能、扩展飞行包线的变,D6_变体飞行器变形方式及气动布局设计关键技术研究进展,1,0.86,1,规则抽取+标准实体映射+重复三元组去重,已规范化,R0894
SR0614,SE0300,气动收益,性能指标,改善,SE0179,非连续蒙皮,结构部件,气动收益。此外，还存在非连续蒙皮变形使局部应,D1_空天变构飞行技术研究现状与未来发展研判_刘思佳,4,0.86,1,规则抽取+标准实体映射+重复三元组去重,已规范化,R0873
SR0615,SE0301,气动效率,性能指标,改善,SE0266,展弦比,性能指标,阻力，提高气动效率，增加航程。但另一方面，增加展弦比会使机翼根部弯矩增,D4_单-双折叠翼变体飞行器总体设计研究_郭廷宇,34,0.83,1,规则抽取+标准实体映射+重复三元组去重,已规范化,R1025
SR0616,SE0301,气动效率,性能指标,改善,SE0172,翼根,结构部件,阻力，提高气动效率，增加航程。但另一方面，增加展弦比会使机翼根部弯矩增,D4_单-双折叠翼变体飞行器总体设计研究_郭廷宇,34,0.86,1,规则抽取+标准实体映射+重复三元组去重,已规范化,R0633
SR0617,SE0301,气动效率,性能指标,改善,SE0326,航程,性能指标,阻力，提高气动效率，增加航程。但另一方面，增加展弦比会使机翼根部弯矩增,D4_单-双折叠翼变体飞行器总体设计研究_郭廷宇,34,0.83,1,规则抽取+标准实体映射+重复三元组去重,已规范化,R1022
SR0618,SE0304,气动设计,性能指标,改善,SE0051,变体过程,变形方式,为此，在飞机的气动设计中，应适当增大飞机的静稳定裕度，以确保变体过程,D4_单-双折叠翼变体飞行器总体设计研究_郭廷宇,85,0.86,1,规则抽取+标准实体映射+重复三元组去重,已规范化,R0721
SR0619,SE0163,活动机翼,结构部件,改善,SE0124,副翼,结构部件,定，如图 3.3(a)所示；变体开始后，活动机翼的副翼开始下偏，升力增加，驱,D4_单-双折叠翼变体飞行器总体设计研究_郭廷宇,43,0.86,2,规则抽取+标准实体映射+重复三元组去重,已规范化,R0593；R0598
SR0620,SE0163,活动机翼,结构部件,改善,SE0254,升力,性能指标,定，如图 3.3(a)所示；变体开始后，活动机翼的副翼开始下偏，升力增加，驱,D4_单-双折叠翼变体飞行器总体设计研究_郭廷宇,43,0.83,1,规则抽取+标准实体映射+重复三元组去重,已规范化,R0950
SR0621,SE0163,活动机翼,结构部件,改善,SE0051,变体过程,变形方式,间成本，降低活动机翼的气动负载也有利于降低对副翼的要求，增强变体过程中,D4_单-双折叠翼变体飞行器总体设计研究_郭廷宇,125,0.86,1,规则抽取+标准实体映射+重复三元组去重,已规范化,R0673
SR0622,SE0163,活动机翼,结构部件,改善,SE0175,翼面积,结构部件,线，如图 7.4 所示。可以看出，增大活动机翼的副翼面积可以大幅扩展飞机的,D4_单-双折叠翼变体飞行器总体设计研究_郭廷宇,131,0.83,1,规则抽取+标准实体映射+重复三元组去重,已规范化,R0962
SR0623,SE0306,流动分离,专业概念,改善,SE0337,阻力,性能指标,度将会大幅度增大；另一方面，副翼偏角过大时，流动分离也会使副翼的阻力,D4_单-双折叠翼变体飞行器总体设计研究_郭廷宇,89,0.83,1,规则抽取+标准实体映射+重复三元组去重,已规范化,R1154
SR0624,SE0311,激波阻力,性能指标,改善,SE0337,阻力,性能指标,速飞行时则机翼向后转动，此时飞机的后掠角增大，有利于降低激波阻力，提高,D4_单-双折叠翼变体飞行器总体设计研究_郭廷宇,25,0.83,1,规则抽取+标准实体映射+重复三元组去重,已规范化,R1013
SR0625,SE0315,燃油效率,性能指标,改善,SE0480,经济性,专业概念,性能以大幅提高燃油效率和经济性。军用远程,D6_变体飞行器变形方式及气动布局设计关键技术研究进展,23,0.86,1,规则抽取+标准实体映射+重复三元组去重,已规范化,R0930
SR0626,SE0372,盘旋,任务场景,改善,SE0038,高速巡航导弹,飞行器对象,的盘旋时间增加约75%。由于高速巡航导弹弹,D6_变体飞行器变形方式及气动布局设计关键技术研究进展,20,0.86,1,规则抽取+标准实体映射+重复三元组去重,已规范化,R0912
SR0627,SE0319,纵向静稳定性,性能指标,改善,SE0378,超声速,任务场景,同时纵向静稳定性更佳；超声速飞行过程，三角,D6_变体飞行器变形方式及气动布局设计关键技术研究进展,15,0.86,1,规则抽取+标准实体映射+重复三元组去重,已规范化,R0907
SR0628,SE0081,组合变体,变形方式,改善,SE0016,变构飞行器,飞行器对象,破，组合变体飞行器是提高无人机多任务执行能力,D6_变体飞行器变形方式及气动布局设计关键技术研究进展,29,0.86,1,规则抽取+标准实体映射+重复三元组去重,已规范化,R0888
SR0629,SE0166,结构复杂度,结构部件,改善,SE0290,气动中心,性能指标,驱动结构增加飞机重量、结构复杂度，气动中心,D6_变体飞行器变形方式及气动布局设计关键技术研究进展,10,0.86,1,规则抽取+标准实体映射+重复三元组去重,已规范化,R0903
SR0630,SE0167,结构强度,结构部件,改善,SE0089,单翼构型,气动布局,于桁架的结构，机翼的结构强度大幅度提升，其过载包线范围相对于单翼构型,D4_单-双折叠翼变体飞行器总体设计研究_郭廷宇,121,0.86,1,规则抽取+标准实体映射+重复三元组去重,已规范化,R0750
SR0631,SE0167,结构强度,结构部件,改善,SE0093,双翼,气动布局,结构强度相较于普通双翼机更进一步增强，可以承受更大的起降过载和突风过,D4_单-双折叠翼变体飞行器总体设计研究_郭廷宇,43,0.86,1,规则抽取+标准实体映射+重复三元组去重,已规范化,R0681
SR0632,SE0169,结构重量,结构部件,改善,SE0049,变体技术,变形方式,技术，在结构重量增加、机翼空间占用等方面付出的代价过高，使得变体技术带,D4_单-双折叠翼变体飞行器总体设计研究_郭廷宇,34,0.83,1,规则抽取+标准实体映射+重复三元组去重,已规范化,R1030
SR0633,SE0169,结构重量,结构部件,改善,SE0258,后掠角,性能指标,结构更有利于机翼的受力，结构重量更轻，连接翼布局的机翼后掠角较大，具有,D4_单-双折叠翼变体飞行器总体设计研究_郭廷宇,21,0.83,1,规则抽取+标准实体映射+重复三元组去重,已规范化,R1011
SR0634,SE0169,结构重量,结构部件,改善,SE0387,容积侵占,设计问题,控制设计和变体机构设计的需求，或在结构重量增加、机翼容积侵占等方面付,D4_单-双折叠翼变体飞行器总体设计研究_郭廷宇,112,0.86,1,规则抽取+标准实体映射+重复三元组去重,已规范化,R0739
SR0635,SE0169,结构重量,结构部件,改善,SE0315,燃油效率,性能指标,翼的伸缩机构复杂，使得结构重量增大、燃油效率,D6_变体飞行器变形方式及气动布局设计关键技术研究进展,20,0.86,1,规则抽取+标准实体映射+重复三元组去重,已规范化,R0887
SR0636,SE0169,结构重量,结构部件,改善,SE0332,载荷,性能指标,加，导致机翼结构重量增加，使得飞机的有效载荷和燃油携带量降低。因此，飞,D4_单-双折叠翼变体飞行器总体设计研究_郭廷宇,34,0.83,1,规则抽取+标准实体映射+重复三元组去重,已规范化,R1027
SR0637,SE0169,结构重量,结构部件,改善,SE0111,连接翼布局,气动布局,结构更有利于机翼的受力，结构重量更轻，连接翼布局的机翼后掠角较大，具有,D4_单-双折叠翼变体飞行器总体设计研究_郭廷宇,21,0.86,1,规则抽取+标准实体映射+重复三元组去重,已规范化,R0629
SR0638,SE0321,翼展,专业概念,改善,SE0266,展弦比,性能指标,支撑翼布局也同样是降低机翼负载，增加机翼展弦比的创新布局形式之一。,D4_单-双折叠翼变体飞行器总体设计研究_郭廷宇,21,0.83,1,规则抽取+标准实体映射+重复三元组去重,已规范化,R1247
SR0639,SE0321,翼展,专业概念,改善,SE0366,巡航翼展,任务场景,面，则可以在起降翼展不变的情况下，进一步增大飞机的巡航翼展，以拓宽飞,D4_单-双折叠翼变体飞行器总体设计研究_郭廷宇,46,0.83,1,规则抽取+标准实体映射+重复三元组去重,已规范化,R1085
SR0640,SE0321,翼展,专业概念,改善,SE0175,翼面积,结构部件,大巡航翼展，则飞机的机翼面积增加，较于原准机，飞机的翼载荷可以相应降,D4_单-双折叠翼变体飞行器总体设计研究_郭廷宇,123,0.83,1,规则抽取+标准实体映射+重复三元组去重,已规范化,R1211
SR0641,SE0321,翼展,专业概念,改善,SE0326,航程,性能指标,扩展30%巡航翼展的同时缩减30%起降翼展，并增加25%左右的航程。总体,D4_单-双折叠翼变体飞行器总体设计研究_郭廷宇,139,0.83,1,规则抽取+标准实体映射+重复三元组去重,已规范化,R0983
SR0642,SE0321,翼展,专业概念,改善,SE0329,起降翼展,专业概念,航翼展，在飞机起降翼展不变的情况下，增大机翼的面积和展弦比，提高飞机,D4_单-双折叠翼变体飞行器总体设计研究_郭廷宇,123,0.83,1,规则抽取+标准实体映射+重复三元组去重,已规范化,R1197
SR0643,SE0321,翼展,专业概念,改善,SE0332,载荷,性能指标,大巡航翼展，则飞机的机翼面积增加，较于原准机，飞机的翼载荷可以相应降,D4_单-双折叠翼变体飞行器总体设计研究_郭廷宇,123,0.83,1,规则抽取+标准实体映射+重复三元组去重,已规范化,R1214
SR0644,SE0172,翼根,结构部件,改善,SE0254,升力,性能指标,较小梢根比的梯形翼时，翼根的弦长和升力增加，翼尖的弦长和升力减少，机,D4_单-双折叠翼变体飞行器总体设计研究_郭廷宇,73,0.83,1,规则抽取+标准实体映射+重复三元组去重,已规范化,R1117
SR0645,SE0172,翼根,结构部件,改善,SE0169,结构重量,结构部件,飞机在增大展弦比的同时，翼根弯矩也进一步增大，进而使机翼的结构重量,D4_单-双折叠翼变体飞行器总体设计研究_郭廷宇,37,0.86,1,规则抽取+标准实体映射+重复三元组去重,已规范化,R0796
SR0646,SE0175,翼面积,结构部件,改善,SE0332,载荷,性能指标,大巡航翼展，则飞机的机翼面积增加，较于原准机，飞机的翼载荷可以相应降,D4_单-双折叠翼变体飞行器总体设计研究_郭廷宇,123,0.83,1,规则抽取+标准实体映射+重复三元组去重,已规范化,R1213
SR0647,SE0326,航程,性能指标,改善,SE0046,单-双折叠翼,变形方式,右，航程和航时相较于RQ-4A 提升了25%左右。单-双折叠翼变体在翼展和航,D4_单-双折叠翼变体飞行器总体设计研究_郭廷宇,138,0.83,1,规则抽取+标准实体映射+重复三元组去重,已规范化,R0956
SR0648,SE0326,航程,性能指标,改善,SE0266,展弦比,性能指标,阻力，提高气动效率，增加航程。但另一方面，增加展弦比会使机翼根部弯矩增,D4_单-双折叠翼变体飞行器总体设计研究_郭廷宇,34,0.83,1,规则抽取+标准实体映射+重复三元组去重,已规范化,R1023
SR0649,SE0326,航程,性能指标,改善,SE0099,常规布局,气动布局,为20 米的情况下，其航程与连接翼布局相比增加了90%，与常规布局相比增,D4_单-双折叠翼变体飞行器总体设计研究_郭廷宇,136,0.83,1,规则抽取+标准实体映射+重复三元组去重,已规范化,R0981
SR0650,SE0326,航程,性能指标,改善,SE0321,翼展,专业概念,航升阻比大大提高，因此在航程和航时方面仍具有很大优势，在限制起降翼展,D4_单-双折叠翼变体飞行器总体设计研究_郭廷宇,136,0.83,1,规则抽取+标准实体映射+重复三元组去重,已规范化,R1236
SR0651,SE0326,航程,性能指标,改善,SE0172,翼根,结构部件,阻力，提高气动效率，增加航程。但另一方面，增加展弦比会使机翼根部弯矩增,D4_单-双折叠翼变体飞行器总体设计研究_郭廷宇,34,0.83,1,规则抽取+标准实体映射+重复三元组去重,已规范化,R1024
SR0652,SE0326,航程,性能指标,改善,SE0175,翼面积,结构部件,的最大起飞重量和巡航升阻比，进而提升飞机的载荷和航程，增大机翼面积也,D4_单-双折叠翼变体飞行器总体设计研究_郭廷宇,123,0.83,1,规则抽取+标准实体映射+重复三元组去重,已规范化,R1200
SR0653,SE0326,航程,性能指标,改善,SE0329,起降翼展,专业概念,航升阻比大大提高，因此在航程和航时方面仍具有很大优势，在限制起降翼展,D4_单-双折叠翼变体飞行器总体设计研究_郭廷宇,136,0.83,1,规则抽取+标准实体映射+重复三元组去重,已规范化,R1235
SR0654,SE0326,航程,性能指标,改善,SE0111,连接翼布局,气动布局,为20 米的情况下，其航程与连接翼布局相比增加了90%，与常规布局相比增,D4_单-双折叠翼变体飞行器总体设计研究_郭廷宇,136,0.83,1,规则抽取+标准实体映射+重复三元组去重,已规范化,R0980
SR0655,SE0176,蒙皮,结构部件,改善,SE0135,多腹板式机翼,结构部件,幅增强，梁承受小部分弯矩，大部分弯矩由蒙皮和长桁承担。多腹板式机翼的,D4_单-双折叠翼变体飞行器总体设计研究_郭廷宇,118,0.83,1,规则抽取+标准实体映射+重复三元组去重,已规范化,R1189
SR0656,SE0397,设计目标,专业概念,改善,SE0470,几何外形设计,专业概念,计约束，也额外增加了新的设计约束和设计目标，在飞机的几何外形设计中，这,D4_单-双折叠翼变体飞行器总体设计研究_郭廷宇,124,0.86,1,规则抽取+标准实体映射+重复三元组去重,已规范化,R0669
SR0657,SE0398,设计约束,设计问题,改善,SE0470,几何外形设计,专业概念,计约束，也额外增加了新的设计约束和设计目标，在飞机的几何外形设计中，这,D4_单-双折叠翼变体飞行器总体设计研究_郭廷宇,124,0.86,1,规则抽取+标准实体映射+重复三元组去重,已规范化,R0670
SR0658,SE0398,设计约束,设计问题,改善,SE0397,设计目标,专业概念,计约束，也额外增加了新的设计约束和设计目标，在飞机的几何外形设计中，这,D4_单-双折叠翼变体飞行器总体设计研究_郭廷宇,124,0.86,1,规则抽取+标准实体映射+重复三元组去重,已规范化,R0668
SR0659,SE0398,设计约束,设计问题,改善,SE0345,飞行性能,性能指标,不同的构型，可以释放飞机原有的部分设计约束，改善起降性能和飞行性能，,D4_单-双折叠翼变体飞行器总体设计研究_郭廷宇,122,0.83,1,规则抽取+标准实体映射+重复三元组去重,已规范化,R1196
SR0660,SE0482,设计规律,专业概念,改善,SE0049,变体技术,变形方式,飞行器的收益边界。本章中对于展弦比设计规律和变体技术收益代价边界的研,D4_单-双折叠翼变体飞行器总体设计研究_郭廷宇,34,0.83,1,规则抽取+标准实体映射+重复三元组去重,已规范化,R1079
SR0661,SE0482,设计规律,专业概念,改善,SE0392,收益代价,设计问题,飞行器的收益边界。本章中对于展弦比设计规律和变体技术收益代价边界的研,D4_单-双折叠翼变体飞行器总体设计研究_郭廷宇,34,0.86,1,规则抽取+标准实体映射+重复三元组去重,已规范化,R0678
SR0662,SE0482,设计规律,专业概念,改善,SE0163,活动机翼,结构部件,变了飞机原有几何外形参数的设计规律，二是增加新的外形参数，如活动机翼,D4_单-双折叠翼变体飞行器总体设计研究_郭廷宇,125,0.86,1,规则抽取+标准实体映射+重复三元组去重,已规范化,R0759
SR0663,SE0327,诱导阻力,性能指标,改善,SE0254,升力,性能指标,性的影响是一致的，即增大展弦比会降低诱导阻力，并少量提升飞机的升力。,D4_单-双折叠翼变体飞行器总体设计研究_郭廷宇,74,0.83,1,规则抽取+标准实体映射+重复三元组去重,已规范化,R1130
SR0664,SE0327,诱导阻力,性能指标,改善,SE0256,升阻比,性能指标,说，增大机翼的展弦比，是降低诱导阻力，提高巡航升阻比的最有效手段。但大,D4_单-双折叠翼变体飞行器总体设计研究_郭廷宇,5,0.83,1,规则抽取+标准实体映射+重复三元组去重,已规范化,R0989
SR0665,SE0327,诱导阻力,性能指标,改善,SE0093,双翼,气动布局,斯瓦尔德因子和诱导阻力较高；且改变机翼的梢根比对提升双翼的奥斯瓦尔德,D4_单-双折叠翼变体飞行器总体设计研究_郭廷宇,78,0.86,1,规则抽取+标准实体映射+重复三元组去重,已规范化,R0715
SR0666,SE0327,诱导阻力,性能指标,改善,SE0266,展弦比,性能指标,的平方，因此诱导阻力在其总阻力中占比较大。提高展弦比是降低飞机诱导阻力,D4_单-双折叠翼变体飞行器总体设计研究_郭廷宇,19,0.83,1,规则抽取+标准实体映射+重复三元组去重,已规范化,R1001
SR0667,SE0327,诱导阻力,性能指标,改善,SE0286,梢根比,性能指标,斯瓦尔德因子和诱导阻力较高；且改变机翼的梢根比对提升双翼的奥斯瓦尔德,D4_单-双折叠翼变体飞行器总体设计研究_郭廷宇,78,0.86,1,规则抽取+标准实体映射+重复三元组去重,已规范化,R0714
SR0668,SE0327,诱导阻力,性能指标,改善,SE0337,阻力,性能指标,说，增大机翼的展弦比，是降低诱导阻力，提高巡航升阻比的最有效手段。但大,D4_单-双折叠翼变体飞行器总体设计研究_郭廷宇,5,0.83,1,规则抽取+标准实体映射+重复三元组去重,已规范化,R0985
SR0669,SE0399,费效比,设计问题,改善,SE0169,结构重量,结构部件,关键词：变构飞行器；变形收益；费效比；机构驱动；结构重量,D1_空天变构飞行技术研究现状与未来发展研判_刘思佳,1,0.86,1,规则抽取+标准实体映射+重复三元组去重,已规范化,R0843
SR0670,SE0329,起降翼展,专业概念,改善,SE0266,展弦比,性能指标,航翼展，在飞机起降翼展不变的情况下，增大机翼的面积和展弦比，提高飞机,D4_单-双折叠翼变体飞行器总体设计研究_郭廷宇,123,0.83,1,规则抽取+标准实体映射+重复三元组去重,已规范化,R1198
SR0671,SE0329,起降翼展,专业概念,改善,SE0366,巡航翼展,任务场景,面，则可以在起降翼展不变的情况下，进一步增大飞机的巡航翼展，以拓宽飞,D4_单-双折叠翼变体飞行器总体设计研究_郭廷宇,46,0.86,1,规则抽取+标准实体映射+重复三元组去重,已规范化,R0682
SR0672,SE0329,起降翼展,专业概念,改善,SE0321,翼展,专业概念,鹰”应用变展长变体技术后的收益代价，结果表明，在缩减50%起降翼展的情,D4_单-双折叠翼变体飞行器总体设计研究_郭廷宇,40,0.83,1,规则抽取+标准实体映射+重复三元组去重,已规范化,R1041
SR0673,SE0329,起降翼展,专业概念,改善,SE0326,航程,性能指标,扩展30%巡航翼展的同时缩减30%起降翼展，并增加25%左右的航程。总体,D4_单-双折叠翼变体飞行器总体设计研究_郭廷宇,139,0.83,1,规则抽取+标准实体映射+重复三元组去重,已规范化,R0982
SR0674,SE0377,起飞距离,任务场景,改善,SE0012,单-双折叠翼变体飞行器,飞行器对象,比，其起飞距离略有增加。但与其它两种飞机相比，单-双折叠翼变体飞机巡,D4_单-双折叠翼变体飞行器总体设计研究_郭廷宇,136,0.86,1,规则抽取+标准实体映射+重复三元组去重,已规范化,R0781
SR0675,SE0332,载荷,性能指标,改善,SE0266,展弦比,性能指标,增加，导致飞机载荷和燃油携带降低。因此，在飞机的展弦比设计中还需要考虑,D4_单-双折叠翼变体飞行器总体设计研究_郭廷宇,37,0.83,1,规则抽取+标准实体映射+重复三元组去重,已规范化,R1035
SR0676,SE0332,载荷,性能指标,改善,SE0175,翼面积,结构部件,的最大起飞重量和巡航升阻比，进而提升飞机的载荷和航程，增大机翼面积也,D4_单-双折叠翼变体飞行器总体设计研究_郭廷宇,123,0.83,1,规则抽取+标准实体映射+重复三元组去重,已规范化,R1201
SR0677,SE0332,载荷,性能指标,改善,SE0326,航程,性能指标,的最大起飞重量和巡航升阻比，进而提升飞机的载荷和航程，增大机翼面积也,D4_单-双折叠翼变体飞行器总体设计研究_郭廷宇,123,0.83,1,规则抽取+标准实体映射+重复三元组去重,已规范化,R1199
SR0678,SE0111,连接翼布局,气动布局,改善,SE0258,后掠角,性能指标,结构更有利于机翼的受力，结构重量更轻，连接翼布局的机翼后掠角较大，具有,D4_单-双折叠翼变体飞行器总体设计研究_郭廷宇,21,0.83,1,规则抽取+标准实体映射+重复三元组去重,已规范化,R1010
SR0679,SE0111,连接翼布局,气动布局,改善,SE0099,常规布局,气动布局,为20 米的情况下，其航程与连接翼布局相比增加了90%，与常规布局相比增,D4_单-双折叠翼变体飞行器总体设计研究_郭廷宇,136,0.86,1,规则抽取+标准实体映射+重复三元组去重,已规范化,R0622
SR0680,SE0083,连续变弯度机翼,变形方式,改善,SE0301,气动效率,性能指标,翼、连续变弯度机翼等机翼变体方案的研究进展，总结其在不同布局构型上的应用，并分析了各自的气动、操稳特性。之,D6_变体飞行器变形方式及气动布局设计关键技术研究进展,1,0.92,1,规则抽取+标准实体映射+重复三元组去重,高置信通过,R0022
SR0681,SE0334,重量代价,性能指标,改善,SE0393,空间代价,设计问题,所需要的机构结构也将付出一定的重量代价和空间代价，增加飞机的空重，侵占,D4_单-双折叠翼变体飞行器总体设计研究_郭廷宇,39,0.86,1,规则抽取+标准实体映射+重复三元组去重,已规范化,R0635
SR0682,SE0337,阻力,性能指标,改善,SE0254,升力,性能指标,性的影响是一致的，即增大展弦比会降低诱导阻力，并少量提升飞机的升力。,D4_单-双折叠翼变体飞行器总体设计研究_郭廷宇,74,0.83,1,规则抽取+标准实体映射+重复三元组去重,已规范化,R1129
SR0683,SE0337,阻力,性能指标,改善,SE0256,升阻比,性能指标,说，增大机翼的展弦比，是降低诱导阻力，提高巡航升阻比的最有效手段。但大,D4_单-双折叠翼变体飞行器总体设计研究_郭廷宇,5,0.83,1,规则抽取+标准实体映射+重复三元组去重,已规范化,R0987
SR0684,SE0337,阻力,性能指标,改善,SE0093,双翼,气动布局,上机翼的上反可以小幅度的增加最大升力系数，降低阻力，有助于改善双翼的气,D4_单-双折叠翼变体飞行器总体设计研究_郭廷宇,77,0.86,2,规则抽取+标准实体映射+重复三元组去重,已规范化,R0662；R1063
SR0685,SE0337,阻力,性能指标,改善,SE0266,展弦比,性能指标,的平方，因此诱导阻力在其总阻力中占比较大。提高展弦比是降低飞机诱导阻力,D4_单-双折叠翼变体飞行器总体设计研究_郭廷宇,19,0.83,1,规则抽取+标准实体映射+重复三元组去重,已规范化,R1000
SR0686,SE0337,阻力,性能指标,改善,SE0286,梢根比,性能指标,斯瓦尔德因子和诱导阻力较高；且改变机翼的梢根比对提升双翼的奥斯瓦尔德,D4_单-双折叠翼变体飞行器总体设计研究_郭廷宇,78,0.83,1,规则抽取+标准实体映射+重复三元组去重,已规范化,R1136
SR0687,SE0337,阻力,性能指标,改善,SE0301,气动效率,性能指标,阻力，提高气动效率，增加航程。但另一方面，增加展弦比会使机翼根部弯矩增,D4_单-双折叠翼变体飞行器总体设计研究_郭廷宇,34,0.83,1,规则抽取+标准实体映射+重复三元组去重,已规范化,R1020
SR0688,SE0337,阻力,性能指标,改善,SE0172,翼根,结构部件,阻力，提高气动效率，增加航程。但另一方面，增加展弦比会使机翼根部弯矩增,D4_单-双折叠翼变体飞行器总体设计研究_郭廷宇,34,0.83,1,规则抽取+标准实体映射+重复三元组去重,已规范化,R1026
SR0689,SE0337,阻力,性能指标,改善,SE0326,航程,性能指标,的展弦比。因此，提高飞机的展弦比，是飞机降低阻力、增大航程最有效和最直,D4_单-双折叠翼变体飞行器总体设计研究_郭廷宇,20,0.83,2,规则抽取+标准实体映射+重复三元组去重,已规范化,R1005；R1006
SR0690,SE0338,阻力系数,性能指标,改善,SE0124,副翼,结构部件,的阻力系数也大幅增加；当副翼偏转角度进一步增大时，则会出现失速的情,D4_单-双折叠翼变体飞行器总体设计研究_郭廷宇,89,0.86,1,规则抽取+标准实体映射+重复三元组去重,已规范化,R0807
SR0691,SE0338,阻力系数,性能指标,改善,SE0378,超声速,任务场景,翼对应零升阻力系数最小，利于超声速飞行。可,D6_变体飞行器变形方式及气动布局设计关键技术研究进展,15,0.86,1,规则抽取+标准实体映射+重复三元组去重,已规范化,R0909
SR0692,SE0339,零升攻角,性能指标,改善,SE0115,上机翼,结构部件,翼在前时将降低双翼整体的弯度，提高零升攻角；上机翼处于下机翼正上方,D4_单-双折叠翼变体飞行器总体设计研究_郭廷宇,57,0.86,1,规则抽取+标准实体映射+重复三元组去重,已规范化,R0800
SR0693,SE0339,零升攻角,性能指标,改善,SE0116,下机翼,结构部件,上方位置时，上机翼的零升攻角大幅提高，而下机翼的零升攻角大幅降低；当,D4_单-双折叠翼变体飞行器总体设计研究_郭廷宇,56,0.86,1,规则抽取+标准实体映射+重复三元组去重,已规范化,R0685
SR0694,SE0339,零升攻角,性能指标,改善,SE0254,升力,性能指标,降低，零升攻角滞后，而上机翼的实际攻角则会增加，升力线斜率升高，零升,D4_单-双折叠翼变体飞行器总体设计研究_郭廷宇,59,0.83,1,规则抽取+标准实体映射+重复三元组去重,已规范化,R1104
SR0695,SE0339,零升攻角,性能指标,改善,SE0278,攻角,性能指标,上方位置时，上机翼的零升攻角大幅提高，而下机翼的零升攻角大幅降低；当,D4_单-双折叠翼变体飞行器总体设计研究_郭廷宇,56,0.83,1,规则抽取+标准实体映射+重复三元组去重,已规范化,R1094
SR0696,SE0340,零升阻力,性能指标,改善,SE0378,超声速,任务场景,翼对应零升阻力系数最小，利于超声速飞行。可,D6_变体飞行器变形方式及气动布局设计关键技术研究进展,15,0.86,1,规则抽取+标准实体映射+重复三元组去重,已规范化,R0910
SR0697,SE0340,零升阻力,性能指标,改善,SE0338,阻力系数,性能指标,翼对应零升阻力系数最小，利于超声速飞行。可,D6_变体飞行器变形方式及气动布局设计关键技术研究进展,15,0.86,1,规则抽取+标准实体映射+重复三元组去重,已规范化,R0908
SR0698,SE0343,飞行包线,专业概念,改善,SE0345,飞行性能,性能指标,约束，拓展飞机的飞行包线，改善飞机在不同阶段的飞行性能。另一方面，变体,D4_单-双折叠翼变体飞行器总体设计研究_郭廷宇,39,0.83,1,规则抽取+标准实体映射+重复三元组去重,已规范化,R1040
SR0699,SE0345,飞行性能,性能指标,改善,SE0086,上下机翼,气动布局,合以上两点，为了尽可能的提高双翼的飞行性能，双翼的上下翼间距应尽可能,D4_单-双折叠翼变体飞行器总体设计研究_郭廷宇,70,0.83,1,规则抽取+标准实体映射+重复三元组去重,已规范化,R1116
SR0700,SE0351,高升力,性能指标,改善,SE0071,机械变形,变形方式,高升力装置的机械变形提高飞机起飞升力，缩短,D6_变体飞行器变形方式及气动布局设计关键技术研究进展,2,0.86,1,规则抽取+标准实体映射+重复三元组去重,已规范化,R0895
SR0701,SE0351,高升力,性能指标,改善,SE0330,起飞升力,性能指标,高升力装置的机械变形提高飞机起飞升力，缩短,D6_变体飞行器变形方式及气动布局设计关键技术研究进展,2,0.86,1,规则抽取+标准实体映射+重复三元组去重,已规范化,R0897
SR0702,SE0440,ACADO,项目/机构,采用,SE0474,多学科总体设计,专业概念,在本章中，基于课题组自主研发的ACADO 多学科总体设计平台，综合分析,D4_单-双折叠翼变体飞行器总体设计研究_郭廷宇,34,0.86,1,规则抽取+标准实体映射+重复三元组去重,已规范化,R0144
SR0703,SE0440,ACADO,项目/机构,采用,SE0299,气动性能,性能指标,飞机其他设计参数不变的情况下 ，使用ACADO 计算飞机的气动性能随展弦,D4_单-双折叠翼变体飞行器总体设计研究_郭廷宇,37,0.86,1,规则抽取+标准实体映射+重复三元组去重,已规范化,R0123
SR0704,SE0440,ACADO,项目/机构,采用,SE0169,结构重量,结构部件,ACADO 的重量结构模块采用了部件级的工程梁模型法和双板层模型法 ，即将机翼的结构分解为梁、肋、蒙皮、增升装置等结构分别计算结构重量。,D4_单-双折叠翼变体飞行器总体设计研究_郭廷宇,36,0.86,1,规则抽取+标准实体映射+重复三元组去重,已规范化,R0082
SR0705,SE0440,ACADO,项目/机构,采用,SE0176,蒙皮,结构部件,ACADO 的重量结构模块采用了部件级的工程梁模型法和双板层模型法 ，即将机翼的结构分解为梁、肋、蒙皮、增升装置等结构分别计算结构重量。,D4_单-双折叠翼变体飞行器总体设计研究_郭廷宇,36,0.83,1,规则抽取+标准实体映射+重复三元组去重,已规范化,R0339
SR0706,SE0401,CFD方法,研究方法,采用,SE0254,升力,性能指标,在本节中，将使用计算流体动力学(CFD)方法，并结合现有的升力线理,D4_单-双折叠翼变体飞行器总体设计研究_郭廷宇,53,0.83,1,规则抽取+标准实体映射+重复三元组去重,已规范化,R0485
SR0707,SE0401,CFD方法,研究方法,采用,SE0051,变体过程,变形方式,本节中仍使用CFD 方法对变体过程中的空气动力学特性开展研究。考虑,D4_单-双折叠翼变体飞行器总体设计研究_郭廷宇,80,0.86,1,规则抽取+标准实体映射+重复三元组去重,已规范化,R0262
SR0708,SE0401,CFD方法,研究方法,采用,SE0098,展开构型,气动布局,力的空天飞行器设计方案。通过计算流体力学(CFD)方法，对折叠构型和展开构型的空天飞行器在不同高度、不同马赫数、,D3_跨域变构飞行器变形方案设计及气动特性分析_安英韬,1,0.86,1,规则抽取+标准实体映射+重复三元组去重,已规范化,R0087
SR0709,SE0401,CFD方法,研究方法,采用,SE0102,折叠构型,气动布局,力的空天飞行器设计方案。通过计算流体力学(CFD)方法，对折叠构型和展开构型的空天飞行器在不同高度、不同马赫数、,D3_跨域变构飞行器变形方案设计及气动特性分析_安英韬,1,0.86,1,规则抽取+标准实体映射+重复三元组去重,已规范化,R0085
SR0710,SE0401,CFD方法,研究方法,采用,SE0291,气动力,性能指标,本节中仍使用CFD 方法对变体过程中的空气动力学特性开展研究。考虑,D4_单-双折叠翼变体飞行器总体设计研究_郭廷宇,80,0.83,1,规则抽取+标准实体映射+重复三元组去重,已规范化,R0494
SR0711,SE0401,CFD方法,研究方法,采用,SE0299,气动性能,性能指标,本节中仍使用CFD 方法对变体过程中的空气动力学特性开展研究。考虑,D4_单-双折叠翼变体飞行器总体设计研究_郭廷宇,80,0.86,1,规则抽取+标准实体映射+重复三元组去重,已规范化,R0263
SR0712,SE0401,CFD方法,研究方法,采用,SE0350,马赫数,性能指标,力的空天飞行器设计方案。通过计算流体力学(CFD)方法，对折叠构型和展开构型的空天飞行器在不同高度、不同马赫数、,D3_跨域变构飞行器变形方案设计及气动特性分析_安英韬,1,0.83,1,规则抽取+标准实体映射+重复三元组去重,已规范化,R0342
SR0713,SE0003,F-14飞机,飞行器对象,采用,SE0091,双垂尾正常式气动布局,气动布局,动补偿措施，如F-14 飞机在机翼固定段前缘设计,D6_变体飞行器变形方式及气动布局设计关键技术研究进展,10,0.92,1,规则抽取+标准实体映射+重复三元组去重,高置信通过,R0014
SR0714,SE0086,上下机翼,气动布局,采用,SE0093,双翼,气动布局,为此，分别构建了上下机翼处于不同相对位置的167 组双翼，使用计算流,D4_单-双折叠翼变体飞行器总体设计研究_郭廷宇,55,0.86,1,规则抽取+标准实体映射+重复三元组去重,已规范化,R0188
SR0715,SE0115,上机翼,结构部件,采用,SE0116,下机翼,结构部件,响，使用两个无量纲量x 和y 来重新定义上机翼和下机翼的位置关系：,D4_单-双折叠翼变体飞行器总体设计研究_郭廷宇,54,0.86,1,规则抽取+标准实体映射+重复三元组去重,已规范化,R0257
SR0716,SE0115,上机翼,结构部件,采用,SE0046,单-双折叠翼,变形方式,早期的双翼飞机通常采用上机翼弦长略大于下机翼的设计。对于单-双折叠翼,D4_单-双折叠翼变体飞行器总体设计研究_郭廷宇,63,0.86,1,规则抽取+标准实体映射+重复三元组去重,已规范化,R0192
SR0717,SE0115,上机翼,结构部件,采用,SE0321,翼展,专业概念,示。在传统的双翼机设计中，有时会采用上机翼的翼展大于下机翼的设计，此时,D4_单-双折叠翼变体飞行器总体设计研究_郭廷宇,75,0.83,1,规则抽取+标准实体映射+重复三元组去重,已规范化,R0432
SR0718,SE0115,上机翼,结构部件,采用,SE0433,重叠网格,研究方法,网格，其中下机翼和外流场为背景网格，上机翼和周围流场为重叠网格，通过,D4_单-双折叠翼变体飞行器总体设计研究_郭廷宇,71,0.86,1,规则抽取+标准实体映射+重复三元组去重,已规范化,R0200
SR0719,SE0116,下机翼,结构部件,采用,SE0115,上机翼,结构部件,网格，其中下机翼和外流场为背景网格，上机翼和周围流场为重叠网格，通过,D4_单-双折叠翼变体飞行器总体设计研究_郭廷宇,71,0.86,1,规则抽取+标准实体映射+重复三元组去重,已规范化,R0201
SR0720,SE0116,下机翼,结构部件,采用,SE0046,单-双折叠翼,变形方式,早期的双翼飞机通常采用上机翼弦长略大于下机翼的设计。对于单-双折叠翼,D4_单-双折叠翼变体飞行器总体设计研究_郭廷宇,63,0.86,1,规则抽取+标准实体映射+重复三元组去重,已规范化,R0190
SR0721,SE0116,下机翼,结构部件,采用,SE0093,双翼,气动布局,大于下机翼的双翼，并进一步开展了数值计算，计算使用的网格方法和计算参,D4_单-双折叠翼变体飞行器总体设计研究_郭廷宇,66,0.86,1,规则抽取+标准实体映射+重复三元组去重,已规范化,R0197
SR0722,SE0116,下机翼,结构部件,采用,SE0286,梢根比,性能指标,下机翼的间距外，比较难以通过对梢根比、翼展比等气动外形参数的优化来提,D4_单-双折叠翼变体飞行器总体设计研究_郭廷宇,78,0.86,1,规则抽取+标准实体映射+重复三元组去重,已规范化,R0207
SR0723,SE0116,下机翼,结构部件,采用,SE0295,气动外形,性能指标,下机翼的间距外，比较难以通过对梢根比、翼展比等气动外形参数的优化来提,D4_单-双折叠翼变体飞行器总体设计研究_郭廷宇,78,0.86,1,规则抽取+标准实体映射+重复三元组去重,已规范化,R0209
SR0724,SE0116,下机翼,结构部件,采用,SE0321,翼展,专业概念,下机翼的间距外，比较难以通过对梢根比、翼展比等气动外形参数的优化来提,D4_单-双折叠翼变体飞行器总体设计研究_郭廷宇,78,0.83,1,规则抽取+标准实体映射+重复三元组去重,已规范化,R0449
SR0725,SE0116,下机翼,结构部件,采用,SE0322,翼展比,性能指标,下机翼的间距外，比较难以通过对梢根比、翼展比等气动外形参数的优化来提,D4_单-双折叠翼变体飞行器总体设计研究_郭廷宇,78,0.86,1,规则抽取+标准实体映射+重复三元组去重,已规范化,R0208
SR0726,SE0116,下机翼,结构部件,采用,SE0428,背景网格,研究方法,网格，其中下机翼和外流场为背景网格，上机翼和周围流场为重叠网格，通过,D4_单-双折叠翼变体飞行器总体设计研究_郭廷宇,71,0.86,1,规则抽取+标准实体映射+重复三元组去重,已规范化,R0199
SR0727,SE0116,下机翼,结构部件,采用,SE0433,重叠网格,研究方法,网格，其中下机翼和外流场为背景网格，上机翼和周围流场为重叠网格，通过,D4_单-双折叠翼变体飞行器总体设计研究_郭廷宇,71,0.86,1,规则抽取+标准实体映射+重复三元组去重,已规范化,R0203
SR0728,SE0087,二维双翼,气动布局,采用,SE0433,重叠网格,研究方法,图 4.4 二维双翼CFD 计算所使用的重叠网格,D4_单-双折叠翼变体飞行器总体设计研究_郭廷宇,56,0.86,1,规则抽取+标准实体映射+重复三元组去重,已规范化,R0311
SR0729,SE0359,亚声速,任务场景,采用,SE0256,升阻比,性能指标,在低速起降、亚声速巡航过程中采用升阻比较高,D6_变体飞行器变形方式及气动布局设计关键技术研究进展,14,0.83,1,规则抽取+标准实体映射+重复三元组去重,已规范化,R0567
SR0730,SE0466,传力路径,专业概念,采用,SE0159,梁式机翼,结构部件,时传力路径则区别很大。梁式机翼主要通过梁来传递弯矩，受力较为集中；单,D4_单-双折叠翼变体飞行器总体设计研究_郭廷宇,118,0.86,1,规则抽取+标准实体映射+重复三元组去重,已规范化,R0220
SR0731,SE0041,伸缩翼,变形方式,采用,SE0050,变体方案,变形方式,李智等人提出了一种使用菱形结构进行驱动的伸缩翼变体方案 ，如图,D4_单-双折叠翼变体飞行器总体设计研究_郭廷宇,29,0.86,1,规则抽取+标准实体映射+重复三元组去重,已规范化,R0301
SR0732,SE0243,低速性能,性能指标,采用,SE0046,单-双折叠翼,变形方式,飞速度，减低了低速性能；在重量、体积和复杂度方面，单-双折叠翼变体使用气,D4_单-双折叠翼变体飞行器总体设计研究_郭廷宇,47,0.86,1,规则抽取+标准实体映射+重复三元组去重,已规范化,R0124
SR0733,SE0245,低马赫数,性能指标,采用,SE0256,升阻比,性能指标,在大攻角下实现稳定飞行。展开构型在低马赫数下呈现出高升阻比特性，利于低空滑翔。在跨域飞行中，通过变构技术将两,D3_跨域变构飞行器变形方案设计及气动特性分析_安英韬,1,0.83,1,规则抽取+标准实体映射+重复三元组去重,已规范化,R0348
SR0734,SE0245,低马赫数,性能指标,采用,SE0350,马赫数,性能指标,在大攻角下实现稳定飞行。展开构型在低马赫数下呈现出高升阻比特性，利于低空滑翔。在跨域飞行中，通过变构技术将两,D3_跨域变构飞行器变形方案设计及气动特性分析_安英韬,1,0.83,1,规则抽取+标准实体映射+重复三元组去重,已规范化,R0344
SR0735,SE0245,低马赫数,性能指标,采用,SE0352,高升阻比特性,性能指标,在大攻角下实现稳定飞行。展开构型在低马赫数下呈现出高升阻比特性，利于低空滑翔。在跨域飞行中，通过变构技术将两,D3_跨域变构飞行器变形方案设计及气动特性分析_安英韬,1,0.86,1,规则抽取+标准实体映射+重复三元组去重,已规范化,R0090
SR0736,SE0183,作动器,机构/执行系统,采用,SE0050,变体方案,变形方式,要使用复杂的作动器外，气动驱动变体方案还使连杆和铰链大大简化，进一步,D4_单-双折叠翼变体飞行器总体设计研究_郭廷宇,49,0.83,1,规则抽取+标准实体映射+重复三元组去重,已规范化,R0445
SR0737,SE0183,作动器,机构/执行系统,采用,SE0195,气动力驱动变体,机构/执行系统,要使用复杂的作动器外，气动驱动变体方案还使连杆和铰链大大简化，进一步,D4_单-双折叠翼变体飞行器总体设计研究_郭廷宇,49,0.83,1,规则抽取+标准实体映射+重复三元组去重,已规范化,R0444
SR0738,SE0010,全球鹰无人机,飞行器对象,采用,SE0046,单-双折叠翼,变形方式,的航程收益；3)在“全球鹰”无人机基础上，可以通过单-双折叠翼变体，在,D4_单-双折叠翼变体飞行器总体设计研究_郭廷宇,139,0.86,1,规则抽取+标准实体映射+重复三元组去重,已规范化,R0169
SR0739,SE0010,全球鹰无人机,飞行器对象,采用,SE0136,大展弦比平直机翼,结构部件,4“全球鹰”无人机 (图1.1)是大展弦比平直机翼布局的典型代表，通过先,D4_单-双折叠翼变体飞行器总体设计研究_郭廷宇,20,0.86,1,规则抽取+标准实体映射+重复三元组去重,已规范化,R0121
SR0740,SE0010,全球鹰无人机,飞行器对象,采用,SE0266,展弦比,性能指标,4“全球鹰”无人机 (图1.1)是大展弦比平直机翼布局的典型代表，通过先,D4_单-双折叠翼变体飞行器总体设计研究_郭廷宇,20,0.83,1,规则抽取+标准实体映射+重复三元组去重,已规范化,R0367
SR0741,SE0010,全球鹰无人机,飞行器对象,采用,SE0100,平直机翼布局,气动布局,4“全球鹰”无人机 (图1.1)是大展弦比平直机翼布局的典型代表，通过先,D4_单-双折叠翼变体飞行器总体设计研究_郭廷宇,20,0.86,1,规则抽取+标准实体映射+重复三元组去重,已规范化,R0122
SR0742,SE0249,减小阻力,性能指标,采用,SE0337,阻力,性能指标,产生的弯矩，这部分变形也同样可以通过气动优化减小阻力来改善。,D4_单-双折叠翼变体飞行器总体设计研究_郭廷宇,116,0.83,1,规则抽取+标准实体映射+重复三元组去重,已规范化,R0552
SR0743,SE0124,副翼,结构部件,采用,SE0254,升力,性能指标,自设有一段副翼。在变体过程中，通过对副翼的偏转控制，使活动机翼的升力矢,D4_单-双折叠翼变体飞行器总体设计研究_郭廷宇,43,0.83,1,规则抽取+标准实体映射+重复三元组去重,已规范化,R0403
SR0744,SE0124,副翼,结构部件,采用,SE0051,变体过程,变形方式,自设有一段副翼。在变体过程中，通过对副翼的偏转控制，使活动机翼的升力矢,D4_单-双折叠翼变体飞行器总体设计研究_郭廷宇,43,0.86,1,规则抽取+标准实体映射+重复三元组去重,已规范化,R0155
SR0745,SE0124,副翼,结构部件,采用,SE0291,气动力,性能指标,模式，通过副翼等气动舵面偏转产生的气动力驱动其在两种模式间进行切换。两,D4_单-双折叠翼变体飞行器总体设计研究_郭廷宇,52,0.83,1,规则抽取+标准实体映射+重复三元组去重,已规范化,R0410
SR0746,SE0124,副翼,结构部件,采用,SE0195,气动力驱动变体,机构/执行系统,模式，通过副翼等气动舵面偏转产生的气动力驱动其在两种模式间进行切换。两,D4_单-双折叠翼变体飞行器总体设计研究_郭廷宇,52,0.86,2,规则抽取+标准实体映射+重复三元组去重,已规范化,R0159；R0275
SR0747,SE0124,副翼,结构部件,采用,SE0163,活动机翼,结构部件,自设有一段副翼。在变体过程中，通过对副翼的偏转控制，使活动机翼的升力矢,D4_单-双折叠翼变体飞行器总体设计研究_郭廷宇,43,0.86,1,规则抽取+标准实体映射+重复三元组去重,已规范化,R0157
SR0748,SE0254,升力,性能指标,采用,SE0086,上下机翼,气动布局,翼理论和升力线理论，通过分布涡来计算上下机翼之间的相互作用，这些理论,D4_单-双折叠翼变体飞行器总体设计研究_郭廷宇,55,0.83,1,规则抽取+标准实体映射+重复三元组去重,已规范化,R0446
SR0749,SE0254,升力,性能指标,采用,SE0124,副翼,结构部件,程中，全机的升力需重新分配，活动机翼的升力将通过副翼偏转卸载一部分，,D4_单-双折叠翼变体飞行器总体设计研究_郭廷宇,126,0.83,1,规则抽取+标准实体映射+重复三元组去重,已规范化,R0473
SR0750,SE0254,升力,性能指标,采用,SE0129,固定机翼,结构部件,在升力重新分配过程中，若固定机翼通过增加攻角来补偿升力，则活动机,D4_单-双折叠翼变体飞行器总体设计研究_郭廷宇,130,0.83,1,规则抽取+标准实体映射+重复三元组去重,已规范化,R0535
SR0751,SE0254,升力,性能指标,采用,SE0278,攻角,性能指标,在升力重新分配过程中，若固定机翼通过增加攻角来补偿升力，则活动机,D4_单-双折叠翼变体飞行器总体设计研究_郭廷宇,130,0.83,1,规则抽取+标准实体映射+重复三元组去重,已规范化,R0536
SR0752,SE0254,升力,性能指标,采用,SE0281,最大升力系数,性能指标,对于二维翼型来说，通过零升攻角、升力线斜率和最大升力系数三个主要,D4_单-双折叠翼变体飞行器总体设计研究_郭廷宇,71,0.83,1,规则抽取+标准实体映射+重复三元组去重,已规范化,R0514
SR0753,SE0254,升力,性能指标,采用,SE0163,活动机翼,结构部件,程中，全机的升力需重新分配，活动机翼的升力将通过副翼偏转卸载一部分，,D4_单-双折叠翼变体飞行器总体设计研究_郭廷宇,126,0.83,1,规则抽取+标准实体映射+重复三元组去重,已规范化,R0472
SR0754,SE0254,升力,性能指标,采用,SE0337,阻力,性能指标,17 组双翼，仍使用计算流体力学方法分别计算这些双翼的升力曲线、阻力曲,D4_单-双折叠翼变体飞行器总体设计研究_郭廷宇,71,0.83,1,规则抽取+标准实体映射+重复三元组去重,已规范化,R0422
SR0755,SE0254,升力,性能指标,采用,SE0338,阻力系数,性能指标,展开后所形成的单翼，通过计算得到6 组机翼的升力系数和阻力系数曲线，如,D4_单-双折叠翼变体飞行器总体设计研究_郭廷宇,74,0.83,1,规则抽取+标准实体映射+重复三元组去重,已规范化,R0429
SR0756,SE0255,升力系数,性能指标,采用,SE0254,升力,性能指标,NACA2412 翼型，平均弦长均为1m。通过计算得到4 组机翼的升力系数和阻,D4_单-双折叠翼变体飞行器总体设计研究_郭廷宇,74,0.83,1,规则抽取+标准实体映射+重复三元组去重,已规范化,R0355
SR0757,SE0255,升力系数,性能指标,采用,SE0337,阻力,性能指标,展开后所形成的单翼，通过计算得到6 组机翼的升力系数和阻力系数曲线，如,D4_单-双折叠翼变体飞行器总体设计研究_郭廷宇,74,0.83,1,规则抽取+标准实体映射+重复三元组去重,已规范化,R0428
SR0758,SE0255,升力系数,性能指标,采用,SE0338,阻力系数,性能指标,展开后所形成的单翼，通过计算得到6 组机翼的升力系数和阻力系数曲线，如,D4_单-双折叠翼变体飞行器总体设计研究_郭廷宇,74,0.86,1,规则抽取+标准实体映射+重复三元组去重,已规范化,R0162
SR0759,SE0046,单-双折叠翼,变形方式,采用,SE0440,ACADO,项目/机构,对于单-双折叠翼变体的收益代价，仍借助ACADO 多学科总体设计平台,D4_单-双折叠翼变体飞行器总体设计研究_郭廷宇,133,0.86,1,规则抽取+标准实体映射+重复三元组去重,已规范化,R0240
SR0760,SE0046,单-双折叠翼,变形方式,采用,SE0124,副翼,结构部件,讨论了基于变体包线的单-双折叠翼变体的副翼参数设计方法；分析讨论了单-,D4_单-双折叠翼变体飞行器总体设计研究_郭廷宇,120,0.86,1,规则抽取+标准实体映射+重复三元组去重,已规范化,R0167
SR0761,SE0046,单-双折叠翼,变形方式,采用,SE0474,多学科总体设计,专业概念,对于单-双折叠翼变体的收益代价，仍借助ACADO 多学科总体设计平台,D4_单-双折叠翼变体飞行器总体设计研究_郭廷宇,133,0.86,1,规则抽取+标准实体映射+重复三元组去重,已规范化,R0241
SR0762,SE0046,单-双折叠翼,变形方式,采用,SE0366,巡航翼展,任务场景,上，通过单-双折叠翼变体扩大巡航翼展，则飞机的机翼面积增加，较于原准,D4_单-双折叠翼变体飞行器总体设计研究_郭廷宇,123,0.86,1,规则抽取+标准实体映射+重复三元组去重,已规范化,R0227
SR0763,SE0046,单-双折叠翼,变形方式,采用,SE0392,收益代价,设计问题,对于单-双折叠翼变体的收益代价，仍借助ACADO 多学科总体设计平台,D4_单-双折叠翼变体飞行器总体设计研究_郭廷宇,133,0.86,1,规则抽取+标准实体映射+重复三元组去重,已规范化,R0238
SR0764,SE0046,单-双折叠翼,变形方式,采用,SE0291,气动力,性能指标,第8 章为单-双折叠翼变体的原理验证研究，基于气动力驱动的单-双折叠。,D4_单-双折叠翼变体飞行器总体设计研究_郭廷宇,33,0.83,1,规则抽取+标准实体映射+重复三元组去重,已规范化,R0386
SR0765,SE0046,单-双折叠翼,变形方式,采用,SE0195,气动力驱动变体,机构/执行系统,较小；在适应性方面，单-双折叠翼变体采用气动力驱动变体，其驱动力主要来自,D4_单-双折叠翼变体飞行器总体设计研究_郭廷宇,48,0.86,2,规则抽取+标准实体映射+重复三元组去重,已规范化,R0125；R0143
SR0766,SE0046,单-双折叠翼,变形方式,采用,SE0299,气动性能,性能指标,第4 章为单-双折叠翼变体的气动特性研究，本章首先使用数值计算方。,D4_单-双折叠翼变体飞行器总体设计研究_郭廷宇,32,0.83,1,规则抽取+标准实体映射+重复三元组去重,已规范化,R0480
SR0767,SE0046,单-双折叠翼,变形方式,采用,SE0321,翼展,专业概念,起飞总重：若在现有飞行器的基础上，通过单-双折叠翼变体减小翼展，,D4_单-双折叠翼变体飞行器总体设计研究_郭廷宇,123,0.83,1,规则抽取+标准实体映射+重复三元组去重,已规范化,R0526
SR0768,SE0046,单-双折叠翼,变形方式,采用,SE0175,翼面积,结构部件,上，通过单-双折叠翼变体扩大巡航翼展，则飞机的机翼面积增加，较于原准,D4_单-双折叠翼变体飞行器总体设计研究_郭廷宇,123,0.83,1,规则抽取+标准实体映射+重复三元组去重,已规范化,R0469
SR0769,SE0047,单-双折叠翼变体技术,变形方式,采用,SE0266,展弦比,性能指标,首先考虑第一种应用方向，通过单-双折叠翼变体技术，实现大展弦比飞,D4_单-双折叠翼变体飞行器总体设计研究_郭廷宇,135,0.83,1,规则抽取+标准实体映射+重复三元组去重,已规范化,R0540
SR0770,SE0012,单-双折叠翼变体飞行器,飞行器对象,采用,SE0124,副翼,结构部件,下面以基于RQ-4A 无人机的单-双折叠翼变体飞机为例，定量分析副翼偏,D4_单-双折叠翼变体飞行器总体设计研究_郭廷宇,92,0.86,2,规则抽取+标准实体映射+重复三元组去重,已规范化,R0165；R0276
SR0771,SE0012,单-双折叠翼变体飞行器,飞行器对象,采用,SE0088,单翼,气动布局,单-双折叠翼变体飞行器有单翼和双翼两种模式，通过变体进行切换，如图,D4_单-双折叠翼变体飞行器总体设计研究_郭廷宇,42,0.86,1,规则抽取+标准实体映射+重复三元组去重,已规范化,R0255
SR0772,SE0012,单-双折叠翼变体飞行器,飞行器对象,采用,SE0093,双翼,气动布局,单-双折叠翼变体飞行器有单翼和双翼两种模式，通过变体进行切换，如图,D4_单-双折叠翼变体飞行器总体设计研究_郭廷宇,42,0.86,1,规则抽取+标准实体映射+重复三元组去重,已规范化,R0256
SR0773,SE0012,单-双折叠翼变体飞行器,飞行器对象,采用,SE0051,变体过程,变形方式,单-双折叠翼变体飞行器的变体过程是通过气动力控制完成的。其中，连杆与,D4_单-双折叠翼变体飞行器总体设计研究_郭廷宇,43,0.86,1,规则抽取+标准实体映射+重复三元组去重,已规范化,R0179
SR0774,SE0012,单-双折叠翼变体飞行器,飞行器对象,采用,SE0258,后掠角,性能指标,1)对于单-双折叠翼变体飞行器来说，若机翼采用无后掠角的设计，则上,D4_单-双折叠翼变体飞行器总体设计研究_郭廷宇,70,0.83,1,规则抽取+标准实体映射+重复三元组去重,已规范化,R0486
SR0775,SE0012,单-双折叠翼变体飞行器,飞行器对象,采用,SE0266,展弦比,性能指标,综合以上两点，单-双折叠翼变体飞行器与常规的大展弦比飞行器均采用,D4_单-双折叠翼变体飞行器总体设计研究_郭廷宇,126,0.83,1,规则抽取+标准实体映射+重复三元组去重,已规范化,R0533
SR0776,SE0012,单-双折叠翼变体飞行器,飞行器对象,采用,SE0291,气动力,性能指标,单-双折叠翼变体飞行器使用气动力驱动完成变体，相较于传统变体方式，在,D4_单-双折叠翼变体飞行器总体设计研究_郭廷宇,42,0.83,1,规则抽取+标准实体映射+重复三元组去重,已规范化,R0442
SR0777,SE0012,单-双折叠翼变体飞行器,飞行器对象,采用,SE0195,气动力驱动变体,机构/执行系统,本章首先介绍了单-双折叠翼变体飞行器的概念和气动力驱动变体的概念，讨,D4_单-双折叠翼变体飞行器总体设计研究_郭廷宇,50,0.92,2,规则抽取+标准实体映射+重复三元组去重,高置信通过,R0037；R0178
SR0778,SE0012,单-双折叠翼变体飞行器,飞行器对象,采用,SE0113,鸭式布局,气动布局,会对变体造成较多干扰，因此单-双折叠翼变体飞行器应避免使用鸭式布局、,D4_单-双折叠翼变体飞行器总体设计研究_郭廷宇,125,0.86,1,规则抽取+标准实体映射+重复三元组去重,已规范化,R0233
SR0779,SE0088,单翼,气动布局,采用,SE0440,ACADO,项目/机构,常规单翼布局和连接翼布局设计了3 架飞机，如图 7.7 所示。通过ACADO 计,D4_单-双折叠翼变体飞行器总体设计研究_郭廷宇,135,0.86,1,规则抽取+标准实体映射+重复三元组去重,已规范化,R0105
SR0780,SE0088,单翼,气动布局,采用,SE0254,升力,性能指标,展开后所形成的单翼，通过计算得到6 组机翼的升力系数和阻力系数曲线，如,D4_单-双折叠翼变体飞行器总体设计研究_郭廷宇,74,0.83,1,规则抽取+标准实体映射+重复三元组去重,已规范化,R0430
SR0781,SE0088,单翼,气动布局,采用,SE0255,升力系数,性能指标,展开后所形成的单翼，通过计算得到6 组机翼的升力系数和阻力系数曲线，如,D4_单-双折叠翼变体飞行器总体设计研究_郭廷宇,74,0.86,1,规则抽取+标准实体映射+重复三元组去重,已规范化,R0163
SR0782,SE0088,单翼,气动布局,采用,SE0093,双翼,气动布局,单-双折叠翼变体飞行器有单翼和双翼两种模式，通过变体进行切换，如图,D4_单-双折叠翼变体飞行器总体设计研究_郭廷宇,42,0.86,1,规则抽取+标准实体映射+重复三元组去重,已规范化,R0254
SR0783,SE0088,单翼,气动布局,采用,SE0138,尾翼,结构部件,下，飞机采用下单翼(双翼状态下为上下双翼)和普通尾翼的常规式气动布,D4_单-双折叠翼变体飞行器总体设计研究_郭廷宇,141,0.83,1,规则抽取+标准实体映射+重复三元组去重,已规范化,R0503
SR0784,SE0088,单翼,气动布局,采用,SE0111,连接翼布局,气动布局,常规单翼布局和连接翼布局设计了3 架飞机，如图 7.7 所示。通过ACADO 计,D4_单-双折叠翼变体飞行器总体设计研究_郭廷宇,135,0.86,1,规则抽取+标准实体映射+重复三元组去重,已规范化,R0103
SR0785,SE0088,单翼,气动布局,采用,SE0337,阻力,性能指标,展开后所形成的单翼，通过计算得到6 组机翼的升力系数和阻力系数曲线，如,D4_单-双折叠翼变体飞行器总体设计研究_郭廷宇,74,0.83,1,规则抽取+标准实体映射+重复三元组去重,已规范化,R0431
SR0786,SE0088,单翼,气动布局,采用,SE0338,阻力系数,性能指标,展开后所形成的单翼，通过计算得到6 组机翼的升力系数和阻力系数曲线，如,D4_单-双折叠翼变体飞行器总体设计研究_郭廷宇,74,0.86,1,规则抽取+标准实体映射+重复三元组去重,已规范化,R0164
SR0787,SE0089,单翼构型,气动布局,采用,SE0286,梢根比,性能指标,展弦比平直机翼的设计规律，在单翼构型下采用0.4 左右梢根比的大展弦比梯,D4_单-双折叠翼变体飞行器总体设计研究_郭廷宇,78,0.86,1,规则抽取+标准实体映射+重复三元组去重,已规范化,R0129
SR0788,SE0471,原理验证机,专业概念,采用,SE0088,单翼,气动布局,4)变体能力：原理验证机可以通过气动力驱动完成从单翼到双翼的折叠,D4_单-双折叠翼变体飞行器总体设计研究_郭廷宇,140,0.86,1,规则抽取+标准实体映射+重复三元组去重,已规范化,R0298
SR0789,SE0471,原理验证机,专业概念,采用,SE0093,双翼,气动布局,4)变体能力：原理验证机可以通过气动力驱动完成从单翼到双翼的折叠,D4_单-双折叠翼变体飞行器总体设计研究_郭廷宇,140,0.86,1,规则抽取+标准实体映射+重复三元组去重,已规范化,R0299
SR0790,SE0471,原理验证机,专业概念,采用,SE0051,变体过程,变形方式,4)控制方式：原理验证机的变体过程通过飞行控制系统的自动控制完,D4_单-双折叠翼变体飞行器总体设计研究_郭廷宇,141,0.86,1,规则抽取+标准实体映射+重复三元组去重,已规范化,R0308
SR0791,SE0471,原理验证机,专业概念,采用,SE0413,地面车载变体试验,研究方法,变体原理验证机并开展了空中变体飞行试验和地面车载变体试验。通过这些试,D4_单-双折叠翼变体飞行器总体设计研究_郭廷宇,5,0.86,1,规则抽取+标准实体映射+重复三元组去重,已规范化,R0173
SR0792,SE0471,原理验证机,专业概念,采用,SE0291,气动力,性能指标,4)变体能力：原理验证机可以通过气动力驱动完成从单翼到双翼的折叠,D4_单-双折叠翼变体飞行器总体设计研究_郭廷宇,140,0.83,1,规则抽取+标准实体映射+重复三元组去重,已规范化,R0543
SR0793,SE0471,原理验证机,专业概念,采用,SE0195,气动力驱动变体,机构/执行系统,4)变体能力：原理验证机可以通过气动力驱动完成从单翼到双翼的折叠,D4_单-双折叠翼变体飞行器总体设计研究_郭廷宇,140,0.86,1,规则抽取+标准实体映射+重复三元组去重,已规范化,R0296
SR0794,SE0471,原理验证机,专业概念,采用,SE0163,活动机翼,结构部件,原理验证机采用模块化设计，活动机翼、机身顶部翼台、连杆和其他变体,D4_单-双折叠翼变体飞行器总体设计研究_郭廷宇,143,0.86,1,规则抽取+标准实体映射+重复三元组去重,已规范化,R0300
SR0795,SE0471,原理验证机,专业概念,采用,SE0425,空中变体飞行试验,研究方法,变体原理验证机并开展了空中变体飞行试验和地面车载变体试验。通过这些试,D4_单-双折叠翼变体飞行器总体设计研究_郭廷宇,5,0.86,1,规则抽取+标准实体映射+重复三元组去重,已规范化,R0171
SR0796,SE0471,原理验证机,专业概念,采用,SE0238,飞行控制,控制方法,4)控制方式：原理验证机的变体过程通过飞行控制系统的自动控制完,D4_单-双折叠翼变体飞行器总体设计研究_郭廷宇,141,0.83,1,规则抽取+标准实体映射+重复三元组去重,已规范化,R0549
SR0797,SE0093,双翼,气动布局,采用,SE0086,上下机翼,气动布局,面积，飞机多采用上下双翼式的设计。早期双翼机的上下机翼间一般装有张线,D4_单-双折叠翼变体飞行器总体设计研究_郭廷宇,52,0.86,1,规则抽取+标准实体映射+重复三元组去重,已规范化,R0182
SR0798,SE0093,双翼,气动布局,采用,SE0115,上机翼,结构部件,型弯度并不一定完全相同。早期的双翼通常采用上机翼正弯度，下机翼无弯度,D4_单-双折叠翼变体飞行器总体设计研究_郭廷宇,66,0.86,1,规则抽取+标准实体映射+重复三元组去重,已规范化,R0194
SR0799,SE0093,双翼,气动布局,采用,SE0116,下机翼,结构部件,型弯度并不一定完全相同。早期的双翼通常采用上机翼正弯度，下机翼无弯度,D4_单-双折叠翼变体飞行器总体设计研究_郭廷宇,66,0.86,1,规则抽取+标准实体映射+重复三元组去重,已规范化,R0195
SR0800,SE0093,双翼,气动布局,采用,SE0254,升力,性能指标,17 组双翼，仍使用计算流体力学方法分别计算这些双翼的升力曲线、阻力曲,D4_单-双折叠翼变体飞行器总体设计研究_郭廷宇,71,0.83,1,规则抽取+标准实体映射+重复三元组去重,已规范化,R0425
SR0801,SE0093,双翼,气动布局,采用,SE0138,尾翼,结构部件,下，飞机采用下单翼(双翼状态下为上下双翼)和普通尾翼的常规式气动布,D4_单-双折叠翼变体飞行器总体设计研究_郭廷宇,141,0.83,1,规则抽取+标准实体映射+重复三元组去重,已规范化,R0502
SR0802,SE0093,双翼,气动布局,采用,SE0321,翼展,专业概念,示。在传统的双翼机设计中，有时会采用上机翼的翼展大于下机翼的设计，此时,D4_单-双折叠翼变体飞行器总体设计研究_郭廷宇,75,0.83,1,规则抽取+标准实体映射+重复三元组去重,已规范化,R0434
SR0803,SE0093,双翼,气动布局,采用,SE0430,计算流体力学,专业概念,17 组双翼，仍使用计算流体力学方法分别计算这些双翼的升力曲线、阻力曲,D4_单-双折叠翼变体飞行器总体设计研究_郭廷宇,71,0.86,1,规则抽取+标准实体映射+重复三元组去重,已规范化,R0161
SR0804,SE0093,双翼,气动布局,采用,SE0337,阻力,性能指标,17 组双翼，仍使用计算流体力学方法分别计算这些双翼的升力曲线、阻力曲,D4_单-双折叠翼变体飞行器总体设计研究_郭廷宇,71,0.83,1,规则抽取+标准实体映射+重复三元组去重,已规范化,R0426
SR0805,SE0094,双翼布局,气动布局,采用,SE0291,气动力,性能指标,；1977 年，Prosnak 等人使用势流理论推导了一种双翼布局的气动力计算,D4_单-双折叠翼变体飞行器总体设计研究_郭廷宇,53,0.83,1,规则抽取+标准实体映射+重复三元组去重,已规范化,R0354
SR0806,SE0095,双翼构型,气动布局,采用,SE0115,上机翼,结构部件,通常采用翼尖负扭转角的设计，则当机翼折叠为双翼构型时，上机翼的弯度将,D4_单-双折叠翼变体飞行器总体设计研究_郭廷宇,66,0.86,1,规则抽取+标准实体映射+重复三元组去重,已规范化,R0196
SR0807,SE0095,双翼构型,气动布局,采用,SE0012,单-双折叠翼变体飞行器,飞行器对象,计，一般不采用带有上反角的设计。在双翼构型下，单-双折叠翼变体飞行器,D4_单-双折叠翼变体飞行器总体设计研究_郭廷宇,127,0.86,1,规则抽取+标准实体映射+重复三元组去重,已规范化,R0236
SR0808,SE0013,双翼飞机,飞行器对象,采用,SE0115,上机翼,结构部件,早期的双翼飞机通常采用上机翼弦长略大于下机翼的设计。对于单-双折叠翼,D4_单-双折叠翼变体飞行器总体设计研究_郭廷宇,63,0.86,1,规则抽取+标准实体映射+重复三元组去重,已规范化,R0189
SR0809,SE0013,双翼飞机,飞行器对象,采用,SE0116,下机翼,结构部件,早期的双翼飞机通常采用上机翼弦长略大于下机翼的设计。对于单-双折叠翼,D4_单-双折叠翼变体飞行器总体设计研究_郭廷宇,63,0.86,1,规则抽取+标准实体映射+重复三元组去重,已规范化,R0191
SR0810,SE0013,双翼飞机,飞行器对象,采用,SE0046,单-双折叠翼,变形方式,早期的双翼飞机通常采用上机翼弦长略大于下机翼的设计。对于单-双折叠翼,D4_单-双折叠翼变体飞行器总体设计研究_郭廷宇,63,0.86,1,规则抽取+标准实体映射+重复三元组去重,已规范化,R0193
SR0811,SE0048,变体包线,变形方式,采用,SE0124,副翼,结构部件,讨论了基于变体包线的单-双折叠翼变体的副翼参数设计方法；分析讨论了单-,D4_单-双折叠翼变体飞行器总体设计研究_郭廷宇,120,0.86,1,规则抽取+标准实体映射+重复三元组去重,已规范化,R0168
SR0812,SE0048,变体包线,变形方式,采用,SE0046,单-双折叠翼,变形方式,讨论了基于变体包线的单-双折叠翼变体的副翼参数设计方法；分析讨论了单-,D4_单-双折叠翼变体飞行器总体设计研究_郭廷宇,120,0.86,1,规则抽取+标准实体映射+重复三元组去重,已规范化,R0166
SR0813,SE0050,变体方案,变形方式,采用,SE0258,后掠角,性能指标,翼变体方案 ，通过机翼蒙皮的滑动可以改变机翼的面积和后掠角，进而改变飞,D4_单-双折叠翼变体飞行器总体设计研究_郭廷宇,26,0.83,1,规则抽取+标准实体映射+重复三元组去重,已规范化,R0381
SR0814,SE0050,变体方案,变形方式,采用,SE0176,蒙皮,结构部件,翼变体方案 ，通过机翼蒙皮的滑动可以改变机翼的面积和后掠角，进而改变飞,D4_单-双折叠翼变体飞行器总体设计研究_郭廷宇,26,0.83,1,规则抽取+标准实体映射+重复三元组去重,已规范化,R0379
SR0815,SE0051,变体过程,变形方式,采用,SE0124,副翼,结构部件,通过数值计算分析了变体过程中副翼偏转所产生的气动力的变化情况。研究表,D4_单-双折叠翼变体飞行器总体设计研究_郭廷宇,94,0.86,1,规则抽取+标准实体映射+重复三元组去重,已规范化,R0216
SR0816,SE0051,变体过程,变形方式,采用,SE0254,升力,性能指标,自设有一段副翼。在变体过程中，通过对副翼的偏转控制，使活动机翼的升力矢,D4_单-双折叠翼变体飞行器总体设计研究_郭廷宇,43,0.83,1,规则抽取+标准实体映射+重复三元组去重,已规范化,R0402
SR0817,SE0051,变体过程,变形方式,采用,SE0129,固定机翼,结构部件,在变体过程中，活动机翼的阻力通过连杆传递到固定机翼，会产生弯矩和,D4_单-双折叠翼变体飞行器总体设计研究_郭廷宇,107,0.86,1,规则抽取+标准实体映射+重复三元组去重,已规范化,R0278
SR0818,SE0051,变体过程,变形方式,采用,SE0291,气动力,性能指标,单-双折叠翼变体飞行器的变体过程是通过气动力控制完成的。其中，连杆与,D4_单-双折叠翼变体飞行器总体设计研究_郭廷宇,43,0.83,1,规则抽取+标准实体映射+重复三元组去重,已规范化,R0443
SR0819,SE0051,变体过程,变形方式,采用,SE0299,气动性能,性能指标,本节中仍使用CFD 方法对变体过程中的空气动力学特性开展研究。考虑,D4_单-双折叠翼变体飞行器总体设计研究_郭廷宇,80,0.86,1,规则抽取+标准实体映射+重复三元组去重,已规范化,R0261
SR0820,SE0051,变体过程,变形方式,采用,SE0163,活动机翼,结构部件,自设有一段副翼。在变体过程中，通过对副翼的偏转控制，使活动机翼的升力矢,D4_单-双折叠翼变体飞行器总体设计研究_郭廷宇,43,0.86,1,规则抽取+标准实体映射+重复三元组去重,已规范化,R0156
SR0821,SE0051,变体过程,变形方式,采用,SE0337,阻力,性能指标,在变体过程中，活动机翼的阻力通过连杆传递到固定机翼，会产生弯矩和,D4_单-双折叠翼变体飞行器总体设计研究_郭廷宇,107,0.83,1,规则抽取+标准实体映射+重复三元组去重,已规范化,R0525
SR0822,SE0051,变体过程,变形方式,采用,SE0238,飞行控制,控制方法,4)控制方式：原理验证机的变体过程通过飞行控制系统的自动控制完,D4_单-双折叠翼变体飞行器总体设计研究_郭廷宇,141,0.83,1,规则抽取+标准实体映射+重复三元组去重,已规范化,R0548
SR0823,SE0054,变后掠翼,变形方式,采用,SE0258,后掠角,性能指标,数下可以通过改变后掠角达到最佳气动性能，,D6_变体飞行器变形方式及气动布局设计关键技术研究进展,11,0.83,1,规则抽取+标准实体映射+重复三元组去重,已规范化,R0572
SR0824,SE0054,变后掠翼,变形方式,采用,SE0299,气动性能,性能指标,数下可以通过改变后掠角达到最佳气动性能，,D6_变体飞行器变形方式及气动布局设计关键技术研究进展,11,0.86,1,规则抽取+标准实体映射+重复三元组去重,已规范化,R0334
SR0825,SE0054,变后掠翼,变形方式,采用,SE0345,飞行性能,性能指标,于，采用可变后掠机翼技术满足飞行性能需求的,D6_变体飞行器变形方式及气动布局设计关键技术研究进展,30,0.83,1,规则抽取+标准实体映射+重复三元组去重,已规范化,R0570
SR0826,SE0055,变展长技术,变形方式,采用,SE0266,展弦比,性能指标,第2 章使用多学科总体设计方法，对变展长变体技术应用于大展弦比长。,D4_单-双折叠翼变体飞行器总体设计研究_郭廷宇,32,0.83,1,规则抽取+标准实体映射+重复三元组去重,已规范化,R0478
SR0827,SE0016,变构飞行器,飞行器对象,采用,SE0184,作动器直接驱动,机构/执行系统,传统的变体飞行器，一般采用作动器直接驱动变体，即由作动器直接产生,D4_单-双折叠翼变体飞行器总体设计研究_郭廷宇,48,0.86,1,规则抽取+标准实体映射+重复三元组去重,已规范化,R0270
SR0828,SE0016,变构飞行器,飞行器对象,采用,SE0049,变体技术,变形方式,近年来，变体飞行器逐渐成为飞行器发展探索的热点 。通过变体技术，,D4_单-双折叠翼变体飞行器总体设计研究_郭廷宇,19,0.83,1,规则抽取+标准实体映射+重复三元组去重,已规范化,R0504
SR0829,SE0016,变构飞行器,飞行器对象,采用,SE0424,气动外形优化设计,研究方法,变体飞行器气动外形优化设计均采用了较为成,D6_变体飞行器变形方式及气动布局设计关键技术研究进展,34,0.86,1,规则抽取+标准实体映射+重复三元组去重,已规范化,R0336
SR0830,SE0016,变构飞行器,飞行器对象,采用,SE0482,设计规律,专业概念,本章主要开展了大展弦比变展长变体飞行器设计规律研究，借助于课题组,D4_单-双折叠翼变体飞行器总体设计研究_郭廷宇,40,0.86,1,规则抽取+标准实体映射+重复三元组去重,已规范化,R0267
SR0831,SE0258,后掠角,性能指标,采用,SE0299,气动性能,性能指标,数下可以通过改变后掠角达到最佳气动性能，,D6_变体飞行器变形方式及气动布局设计关键技术研究进展,11,0.83,1,规则抽取+标准实体映射+重复三元组去重,已规范化,R0573
SR0832,SE0129,固定机翼,结构部件,采用,SE0124,副翼,结构部件,在升力重新分配过程中，若固定机翼不改变攻角，通过副翼向下偏转来补,D4_单-双折叠翼变体飞行器总体设计研究_郭廷宇,130,0.86,1,规则抽取+标准实体映射+重复三元组去重,已规范化,R0290
SR0833,SE0129,固定机翼,结构部件,采用,SE0254,升力,性能指标,的固定机翼和活动的机翼的升力、阻力变化趋势，并通过与定常计算结果的比,D4_单-双折叠翼变体飞行器总体设计研究_郭廷宇,93,0.83,1,规则抽取+标准实体映射+重复三元组去重,已规范化,R0454
SR0834,SE0129,固定机翼,结构部件,采用,SE0278,攻角,性能指标,在升力重新分配过程中，若固定机翼通过增加攻角来补偿升力，则活动机,D4_单-双折叠翼变体飞行器总体设计研究_郭廷宇,130,0.83,1,规则抽取+标准实体映射+重复三元组去重,已规范化,R0534
SR0835,SE0129,固定机翼,结构部件,采用,SE0163,活动机翼,结构部件,2 段固定机翼和2 段活动机翼构成，每段长度1.47m，机翼弦长0.3m，使用,D4_单-双折叠翼变体飞行器总体设计研究_郭廷宇,141,0.86,1,规则抽取+标准实体映射+重复三元组去重,已规范化,R0107
SR0836,SE0129,固定机翼,结构部件,采用,SE0337,阻力,性能指标,的固定机翼和活动的机翼的升力、阻力变化趋势，并通过与定常计算结果的比,D4_单-双折叠翼变体飞行器总体设计研究_郭廷宇,93,0.83,1,规则抽取+标准实体映射+重复三元组去重,已规范化,R0455
SR0837,SE0474,多学科总体设计,专业概念,采用,SE0440,ACADO,项目/机构,本章将使用课题组自主研发的多学科总体设计工具ACADO ，对变体飞,D4_单-双折叠翼变体飞行器总体设计研究_郭廷宇,34,0.86,1,规则抽取+标准实体映射+重复三元组去重,已规范化,R0252
SR0838,SE0474,多学科总体设计,专业概念,采用,SE0055,变展长技术,变形方式,第2 章使用多学科总体设计方法，对变展长变体技术应用于大展弦比长。,D4_单-双折叠翼变体飞行器总体设计研究_郭廷宇,32,0.86,1,规则抽取+标准实体映射+重复三元组去重,已规范化,R0251
SR0839,SE0474,多学科总体设计,专业概念,采用,SE0266,展弦比,性能指标,第2 章使用多学科总体设计方法，对变展长变体技术应用于大展弦比长。,D4_单-双折叠翼变体飞行器总体设计研究_郭廷宇,32,0.83,1,规则抽取+标准实体映射+重复三元组去重,已规范化,R0479
SR0840,SE0135,多腹板式机翼,结构部件,采用,SE0176,蒙皮,结构部件,块式机翼主要由壁板传递弯矩，受力比较分散；多腹板式机翼则通过厚蒙皮来,D4_单-双折叠翼变体飞行器总体设计研究_郭廷宇,118,0.83,1,规则抽取+标准实体映射+重复三元组去重,已规范化,R0461
SR0841,SE0064,大展弦比变展长变体,变形方式,采用,SE0016,变构飞行器,飞行器对象,本章主要开展了大展弦比变展长变体飞行器设计规律研究，借助于课题组,D4_单-双折叠翼变体飞行器总体设计研究_郭廷宇,40,0.86,1,规则抽取+标准实体映射+重复三元组去重,已规范化,R0268
SR0842,SE0064,大展弦比变展长变体,变形方式,采用,SE0266,展弦比,性能指标,本章主要开展了大展弦比变展长变体飞行器设计规律研究，借助于课题组,D4_单-双折叠翼变体飞行器总体设计研究_郭廷宇,40,0.83,1,规则抽取+标准实体映射+重复三元组去重,已规范化,R0506
SR0843,SE0064,大展弦比变展长变体,变形方式,采用,SE0482,设计规律,专业概念,本章主要开展了大展弦比变展长变体飞行器设计规律研究，借助于课题组,D4_单-双折叠翼变体飞行器总体设计研究_郭廷宇,40,0.86,1,规则抽取+标准实体映射+重复三元组去重,已规范化,R0269
SR0844,SE0136,大展弦比平直机翼,结构部件,采用,SE0266,展弦比,性能指标,4“全球鹰”无人机 (图1.1)是大展弦比平直机翼布局的典型代表，通过先,D4_单-双折叠翼变体飞行器总体设计研究_郭廷宇,20,0.83,1,规则抽取+标准实体映射+重复三元组去重,已规范化,R0365
SR0845,SE0136,大展弦比平直机翼,结构部件,采用,SE0100,平直机翼布局,气动布局,4“全球鹰”无人机 (图1.1)是大展弦比平直机翼布局的典型代表，通过先,D4_单-双折叠翼变体飞行器总体设计研究_郭廷宇,20,0.86,1,规则抽取+标准实体映射+重复三元组去重,已规范化,R0120
SR0846,SE0018,大展弦比长航时飞行器,飞行器对象,采用,SE0266,展弦比,性能指标,难以满足现有大展弦比长航时飞行器的使用需求。,D4_单-双折叠翼变体飞行器总体设计研究_郭廷宇,40,0.83,1,规则抽取+标准实体映射+重复三元组去重,已规范化,R0558
SR0847,SE0019,大展弦比飞机,飞行器对象,采用,SE0049,变体技术,变形方式,解决大展弦比飞机的缺点提供了新的思路。通过变体技术，在飞机的不同飞行阶,D4_单-双折叠翼变体飞行器总体设计研究_郭廷宇,24,0.83,1,规则抽取+标准实体映射+重复三元组去重,已规范化,R0378
SR0848,SE0019,大展弦比飞机,飞行器对象,采用,SE0266,展弦比,性能指标,但另一方面，大展弦比飞机在使用中也存在着诸多缺点：大展弦比飞机的翼,D4_单-双折叠翼变体飞行器总体设计研究_郭廷宇,19,0.83,1,规则抽取+标准实体映射+重复三元组去重,已规范化,R0474
SR0849,SE0019,大展弦比飞机,飞行器对象,采用,SE0291,气动力,性能指标,和12 吨级RQ-4A 无人机 ，分别计算了这些大展弦比飞机使用气动力,D4_单-双折叠翼变体飞行器总体设计研究_郭廷宇,50,0.83,1,规则抽取+标准实体映射+重复三元组去重,已规范化,R0407
SR0850,SE0019,大展弦比飞机,飞行器对象,采用,SE0321,翼展,专业概念,对于大展弦比飞机来说，通过变体减小起降翼展，使飞机满足在航母、小型,D4_单-双折叠翼变体飞行器总体设计研究_郭廷宇,39,0.83,1,规则抽取+标准实体映射+重复三元组去重,已规范化,R0484
SR0851,SE0019,大展弦比飞机,飞行器对象,采用,SE0329,起降翼展,专业概念,对于大展弦比飞机来说，通过变体减小起降翼展，使飞机满足在航母、小型,D4_单-双折叠翼变体飞行器总体设计研究_郭廷宇,39,0.86,1,规则抽取+标准实体映射+重复三元组去重,已规范化,R0253
SR0852,SE0262,大攻角,性能指标,采用,SE0098,展开构型,气动布局,在大攻角下实现稳定飞行。展开构型在低马赫数下呈现出高升阻比特性，利于低空滑翔。在跨域飞行中，通过变构技术将两,D3_跨域变构飞行器变形方案设计及气动特性分析_安英韬,1,0.86,1,规则抽取+标准实体映射+重复三元组去重,已规范化,R0092
SR0853,SE0262,大攻角,性能指标,采用,SE0278,攻角,性能指标,度大攻角减速下降，但其在降落回收的过程采用喷,D3_跨域变构飞行器变形方案设计及气动特性分析_安英韬,1,0.83,1,规则抽取+标准实体映射+重复三元组去重,已规范化,R0557
SR0854,SE0020,太阳能无人机,飞行器对象,采用,SE0097,多机身布局,气动布局,号” (图1.3)。现有的众多太阳能无人机也都采用双/多机身布局的设计，如,D4_单-双折叠翼变体飞行器总体设计研究_郭廷宇,21,0.86,1,规则抽取+标准实体映射+重复三元组去重,已规范化,R0108
SR0855,SE0098,展开构型,气动布局,采用,SE0245,低马赫数,性能指标,在大攻角下实现稳定飞行。展开构型在低马赫数下呈现出高升阻比特性，利于低空滑翔。在跨域飞行中，通过变构技术将两,D3_跨域变构飞行器变形方案设计及气动特性分析_安英韬,1,0.86,1,规则抽取+标准实体映射+重复三元组去重,已规范化,R0089
SR0856,SE0098,展开构型,气动布局,采用,SE0350,马赫数,性能指标,力的空天飞行器设计方案。通过计算流体力学(CFD)方法，对折叠构型和展开构型的空天飞行器在不同高度、不同马赫数、,D3_跨域变构飞行器变形方案设计及气动特性分析_安英韬,1,0.83,1,规则抽取+标准实体映射+重复三元组去重,已规范化,R0340
SR0857,SE0266,展弦比,性能指标,采用,SE0046,单-双折叠翼,变形方式,1)在现有大展弦比飞行器的基础上，通过单-双折叠翼变体，缩减一半起,D4_单-双折叠翼变体飞行器总体设计研究_郭廷宇,122,0.83,1,规则抽取+标准实体映射+重复三元组去重,已规范化,R0495
SR0858,SE0266,展弦比,性能指标,采用,SE0088,单翼,气动布局,机翼通过相应的固定锁定机构固连在一起，最终成为一架大展弦比单翼机；在从,D4_单-双折叠翼变体飞行器总体设计研究_郭廷宇,42,0.83,1,规则抽取+标准实体映射+重复三元组去重,已规范化,R0400
SR0859,SE0266,展弦比,性能指标,采用,SE0089,单翼构型,气动布局,展弦比平直机翼的设计规律，在单翼构型下采用0.4 左右梢根比的大展弦比梯,D4_单-双折叠翼变体飞行器总体设计研究_郭廷宇,78,0.83,1,规则抽取+标准实体映射+重复三元组去重,已规范化,R0370
SR0860,SE0266,展弦比,性能指标,采用,SE0093,双翼,气动布局,图 4.31 所示。通过计算结果可以看出，展弦比的变化对于单翼和双翼气动特,D4_单-双折叠翼变体飞行器总体设计研究_郭廷宇,74,0.83,1,规则抽取+标准实体映射+重复三元组去重,已规范化,R0357
SR0861,SE0266,展弦比,性能指标,采用,SE0049,变体技术,变形方式,解决大展弦比飞机的缺点提供了新的思路。通过变体技术，在飞机的不同飞行阶,D4_单-双折叠翼变体飞行器总体设计研究_郭廷宇,24,0.83,1,规则抽取+标准实体映射+重复三元组去重,已规范化,R0377
SR0862,SE0266,展弦比,性能指标,采用,SE0016,变构飞行器,飞行器对象,本章主要开展了大展弦比变展长变体飞行器设计规律研究，借助于课题组,D4_单-双折叠翼变体飞行器总体设计研究_郭廷宇,40,0.83,1,规则抽取+标准实体映射+重复三元组去重,已规范化,R0507
SR0863,SE0266,展弦比,性能指标,采用,SE0100,平直机翼布局,气动布局,4“全球鹰”无人机 (图1.1)是大展弦比平直机翼布局的典型代表，通过先,D4_单-双折叠翼变体飞行器总体设计研究_郭廷宇,20,0.83,1,规则抽取+标准实体映射+重复三元组去重,已规范化,R0366
SR0864,SE0266,展弦比,性能指标,采用,SE0286,梢根比,性能指标,展弦比平直机翼的设计规律，在单翼构型下采用0.4 左右梢根比的大展弦比梯,D4_单-双折叠翼变体飞行器总体设计研究_郭廷宇,78,0.83,1,规则抽取+标准实体映射+重复三元组去重,已规范化,R0371
SR0865,SE0266,展弦比,性能指标,采用,SE0291,气动力,性能指标,和12 吨级RQ-4A 无人机 ，分别计算了这些大展弦比飞机使用气动力,D4_单-双折叠翼变体飞行器总体设计研究_郭廷宇,50,0.83,1,规则抽取+标准实体映射+重复三元组去重,已规范化,R0406
SR0866,SE0266,展弦比,性能指标,采用,SE0321,翼展,专业概念,对于大展弦比飞机来说，通过变体减小起降翼展，使飞机满足在航母、小型,D4_单-双折叠翼变体飞行器总体设计研究_郭廷宇,39,0.83,1,规则抽取+标准实体映射+重复三元组去重,已规范化,R0483
SR0867,SE0266,展弦比,性能指标,采用,SE0175,翼面积,结构部件,主要通过展弦比、翼面积的变化满足低速飞行和,D6_变体飞行器变形方式及气动布局设计关键技术研究进展,16,0.83,1,规则抽取+标准实体映射+重复三元组去重,已规范化,R0569
SR0868,SE0266,展弦比,性能指标,采用,SE0482,设计规律,专业概念,本章主要开展了大展弦比变展长变体飞行器设计规律研究，借助于课题组,D4_单-双折叠翼变体飞行器总体设计研究_郭廷宇,40,0.83,1,规则抽取+标准实体映射+重复三元组去重,已规范化,R0508
SR0869,SE0266,展弦比,性能指标,采用,SE0329,起降翼展,专业概念,对于大展弦比飞机来说，通过变体减小起降翼展，使飞机满足在航母、小型,D4_单-双折叠翼变体飞行器总体设计研究_郭廷宇,39,0.83,1,规则抽取+标准实体映射+重复三元组去重,已规范化,R0482
SR0870,SE0139,展弦比平直机翼,结构部件,采用,SE0089,单翼构型,气动布局,展弦比平直机翼的设计规律，在单翼构型下采用0.4 左右梢根比的大展弦比梯,D4_单-双折叠翼变体飞行器总体设计研究_郭廷宇,78,0.86,1,规则抽取+标准实体映射+重复三元组去重,已规范化,R0130
SR0871,SE0139,展弦比平直机翼,结构部件,采用,SE0266,展弦比,性能指标,展弦比平直机翼的设计规律，在单翼构型下采用0.4 左右梢根比的大展弦比梯,D4_单-双折叠翼变体飞行器总体设计研究_郭廷宇,78,0.83,1,规则抽取+标准实体映射+重复三元组去重,已规范化,R0369
SR0872,SE0139,展弦比平直机翼,结构部件,采用,SE0286,梢根比,性能指标,展弦比平直机翼的设计规律，在单翼构型下采用0.4 左右梢根比的大展弦比梯,D4_单-双折叠翼变体飞行器总体设计研究_郭廷宇,78,0.86,1,规则抽取+标准实体映射+重复三元组去重,已规范化,R0132
SR0873,SE0139,展弦比平直机翼,结构部件,采用,SE0482,设计规律,专业概念,展弦比平直机翼的设计规律，在单翼构型下采用0.4 左右梢根比的大展弦比梯,D4_单-双折叠翼变体飞行器总体设计研究_郭廷宇,78,0.86,1,规则抽取+标准实体映射+重复三元组去重,已规范化,R0128
SR0874,SE0366,巡航翼展,任务场景,采用,SE0440,ACADO,项目/机构,体，扩展30%巡航翼展，同时缩减30%起降翼展。通过ACADO 计算得到此,D4_单-双折叠翼变体飞行器总体设计研究_郭廷宇,138,0.86,1,规则抽取+标准实体映射+重复三元组去重,已规范化,R0118
SR0875,SE0366,巡航翼展,任务场景,采用,SE0321,翼展,专业概念,上，通过单-双折叠翼变体扩大巡航翼展，则飞机的机翼面积增加，较于原准,D4_单-双折叠翼变体飞行器总体设计研究_郭廷宇,123,0.83,1,规则抽取+标准实体映射+重复三元组去重,已规范化,R0466
SR0876,SE0366,巡航翼展,任务场景,采用,SE0175,翼面积,结构部件,上，通过单-双折叠翼变体扩大巡航翼展，则飞机的机翼面积增加，较于原准,D4_单-双折叠翼变体飞行器总体设计研究_郭廷宇,123,0.83,1,规则抽取+标准实体映射+重复三元组去重,已规范化,R0468
SR0877,SE0366,巡航翼展,任务场景,采用,SE0329,起降翼展,专业概念,体，扩展30%巡航翼展，同时缩减30%起降翼展。通过ACADO 计算得到此,D4_单-双折叠翼变体飞行器总体设计研究_郭廷宇,138,0.86,1,规则抽取+标准实体映射+重复三元组去重,已规范化,R0117
SR0878,SE0389,工程应用,设计问题,采用,SE0054,变后掠翼,变形方式,入工程应用的可变后掠机翼飞行器，其通过外翼,D6_变体飞行器变形方式及气动布局设计关键技术研究进展,2,0.86,1,规则抽取+标准实体映射+重复三元组去重,已规范化,R0320
SR0879,SE0099,常规布局,气动布局,采用,SE0111,连接翼布局,气动布局,接翼布局使用前后串列的机翼排列成菱形，和常规布局相比，连接翼布局菱形的,D4_单-双折叠翼变体飞行器总体设计研究_郭廷宇,20,0.86,1,规则抽取+标准实体映射+重复三元组去重,已规范化,R0141
SR0880,SE0144,形状记忆合金,结构部件,采用,SE0189,固态驱动器,机构/执行系统,采用新型形状记忆合金设计固态驱动器代替液,D6_变体飞行器变形方式及气动布局设计关键技术研究进展,5,0.86,1,规则抽取+标准实体映射+重复三元组去重,已规范化,R0332
SR0881,SE0102,折叠构型,气动布局,采用,SE0098,展开构型,气动布局,力的空天飞行器设计方案。通过计算流体力学(CFD)方法，对折叠构型和展开构型的空天飞行器在不同高度、不同马赫数、,D3_跨域变构飞行器变形方案设计及气动特性分析_安英韬,1,0.86,1,规则抽取+标准实体映射+重复三元组去重,已规范化,R0084
SR0882,SE0102,折叠构型,气动布局,采用,SE0350,马赫数,性能指标,力的空天飞行器设计方案。通过计算流体力学(CFD)方法，对折叠构型和展开构型的空天飞行器在不同高度、不同马赫数、,D3_跨域变构飞行器变形方案设计及气动特性分析_安英韬,1,0.83,1,规则抽取+标准实体映射+重复三元组去重,已规范化,R0341
SR0883,SE0067,折叠翼,变形方式,采用,SE0183,作动器,机构/执行系统,洛克希德.马丁公司为美军研制了一款Z 字形折叠翼变体飞机 ，使用电作动器,D4_单-双折叠翼变体飞行器总体设计研究_郭廷宇,26,0.83,1,规则抽取+标准实体映射+重复三元组去重,已规范化,R0368
SR0884,SE0067,折叠翼,变形方式,采用,SE0321,翼展,专业概念,用，如波音777-X 飞机上首次使用了折叠翼尖，用于在滑行或停车时减少翼展，,D4_单-双折叠翼变体飞行器总体设计研究_郭廷宇,29,0.83,1,规则抽取+标准实体映射+重复三元组去重,已规范化,R0356
SR0885,SE0392,收益代价,设计问题,采用,SE0440,ACADO,项目/机构,对于单-双折叠翼变体的收益代价，仍借助ACADO 多学科总体设计平台,D4_单-双折叠翼变体飞行器总体设计研究_郭廷宇,133,0.86,1,规则抽取+标准实体映射+重复三元组去重,已规范化,R0237
SR0886,SE0392,收益代价,设计问题,采用,SE0474,多学科总体设计,专业概念,对于单-双折叠翼变体的收益代价，仍借助ACADO 多学科总体设计平台,D4_单-双折叠翼变体飞行器总体设计研究_郭廷宇,133,0.86,1,规则抽取+标准实体映射+重复三元组去重,已规范化,R0239
SR0887,SE0278,攻角,性能指标,采用,SE0124,副翼,结构部件,在升力重新分配过程中，若固定机翼不改变攻角，通过副翼向下偏转来补,D4_单-双折叠翼变体飞行器总体设计研究_郭廷宇,130,0.83,1,规则抽取+标准实体映射+重复三元组去重,已规范化,R0537
SR0888,SE0278,攻角,性能指标,采用,SE0254,升力,性能指标,对于二维翼型来说，通过零升攻角、升力线斜率和最大升力系数三个主要,D4_单-双折叠翼变体飞行器总体设计研究_郭廷宇,71,0.83,1,规则抽取+标准实体映射+重复三元组去重,已规范化,R0512
SR0889,SE0278,攻角,性能指标,采用,SE0281,最大升力系数,性能指标,对于二维翼型来说，通过零升攻角、升力线斜率和最大升力系数三个主要,D4_单-双折叠翼变体飞行器总体设计研究_郭廷宇,71,0.83,1,规则抽取+标准实体映射+重复三元组去重,已规范化,R0516
SR0890,SE0149,智能材料,结构部件,采用,SE0220,智能控制,控制方法,体是指基于智能材料、智能控制等技术根据不同,D6_变体飞行器变形方式及气动布局设计关键技术研究进展,2,0.86,1,规则抽取+标准实体映射+重复三元组去重,已规范化,R0319
SR0891,SE0149,智能材料,结构部件,采用,SE0150,智能结构,结构部件,智能材料与智能结构技术，通过机翼主动气动弹,D6_变体飞行器变形方式及气动布局设计关键技术研究进展,3,0.86,1,规则抽取+标准实体映射+重复三元组去重,已规范化,R0321
SR0892,SE0150,智能结构,结构部件,采用,SE0149,智能材料,结构部件,段主要是基于智能结构和智能材料实现机翼的,D6_变体飞行器变形方式及气动布局设计关键技术研究进展,36,0.86,1,规则抽取+标准实体映射+重复三元组去重,已规范化,R0337
SR0893,SE0158,柔性蒙皮,结构部件,采用,SE0183,作动器,机构/执行系统,综合利用记忆合金 和柔性蒙皮 等新型材料、新型作动器、变形结构完,D4_单-双折叠翼变体飞行器总体设计研究_郭廷宇,27,0.83,1,规则抽取+标准实体映射+重复三元组去重,已规范化,R0505
SR0894,SE0158,柔性蒙皮,结构部件,采用,SE0337,阻力,性能指标,于机翼留下的开口，将使用柔性蒙皮材料等进行整流，以降低阻力。,D4_单-双折叠翼变体飞行器总体设计研究_郭廷宇,119,0.86,2,规则抽取+标准实体映射+重复三元组去重,已规范化,R0310；R0554
SR0895,SE0159,梁式机翼,结构部件,采用,SE0291,气动力,性能指标,墙、长桁等，如图 6.18 所示 。在梁式机翼中，气动力通过蒙皮传递给,D4_单-双折叠翼变体飞行器总体设计研究_郭廷宇,117,0.83,1,规则抽取+标准实体映射+重复三元组去重,已规范化,R0436
SR0896,SE0159,梁式机翼,结构部件,采用,SE0176,蒙皮,结构部件,墙、长桁等，如图 6.18 所示 。在梁式机翼中，气动力通过蒙皮传递给,D4_单-双折叠翼变体飞行器总体设计研究_郭廷宇,117,0.83,1,规则抽取+标准实体映射+重复三元组去重,已规范化,R0437
SR0897,SE0286,梢根比,性能指标,采用,SE0254,升力,性能指标,子，减少诱导阻力。但很难通过改变机翼的梢根比来优化双翼的展向升力分,D4_单-双折叠翼变体飞行器总体设计研究_郭廷宇,73,0.83,1,规则抽取+标准实体映射+重复三元组去重,已规范化,R0488
SR0898,SE0286,梢根比,性能指标,采用,SE0093,双翼,气动布局,子，减少诱导阻力。但很难通过改变机翼的梢根比来优化双翼的展向升力分,D4_单-双折叠翼变体飞行器总体设计研究_郭廷宇,73,0.86,1,规则抽取+标准实体映射+重复三元组去重,已规范化,R0258
SR0899,SE0286,梢根比,性能指标,采用,SE0295,气动外形,性能指标,下机翼的间距外，比较难以通过对梢根比、翼展比等气动外形参数的优化来提,D4_单-双折叠翼变体飞行器总体设计研究_郭廷宇,78,0.86,1,规则抽取+标准实体映射+重复三元组去重,已规范化,R0206
SR0900,SE0286,梢根比,性能指标,采用,SE0321,翼展,专业概念,下机翼的间距外，比较难以通过对梢根比、翼展比等气动外形参数的优化来提,D4_单-双折叠翼变体飞行器总体设计研究_郭廷宇,78,0.83,1,规则抽取+标准实体映射+重复三元组去重,已规范化,R0447
SR0901,SE0286,梢根比,性能指标,采用,SE0322,翼展比,性能指标,下机翼的间距外，比较难以通过对梢根比、翼展比等气动外形参数的优化来提,D4_单-双折叠翼变体飞行器总体设计研究_郭廷宇,78,0.86,1,规则抽取+标准实体映射+重复三元组去重,已规范化,R0204
SR0902,SE0291,气动力,性能指标,采用,SE0124,副翼,结构部件,与传统的变体方式相比，气动力驱动变体是通过驱动副翼或其他气动舵面,D4_单-双折叠翼变体飞行器总体设计研究_郭廷宇,49,0.83,1,规则抽取+标准实体映射+重复三元组去重,已规范化,R0509
SR0903,SE0291,气动力,性能指标,采用,SE0088,单翼,气动布局,4)变体能力：原理验证机可以通过气动力驱动完成从单翼到双翼的折叠,D4_单-双折叠翼变体飞行器总体设计研究_郭廷宇,140,0.83,1,规则抽取+标准实体映射+重复三元组去重,已规范化,R0542
SR0904,SE0291,气动力,性能指标,采用,SE0093,双翼,气动布局,4)变体能力：原理验证机可以通过气动力驱动完成从单翼到双翼的折叠,D4_单-双折叠翼变体飞行器总体设计研究_郭廷宇,140,0.83,1,规则抽取+标准实体映射+重复三元组去重,已规范化,R0544
SR0905,SE0291,气动力,性能指标,采用,SE0049,变体技术,变形方式,概念，这种新型飞行器使用气动力驱动变体，有效解决了现有变体技术在结构重,D4_单-双折叠翼变体飞行器总体设计研究_郭廷宇,50,0.83,1,规则抽取+标准实体映射+重复三元组去重,已规范化,R0409
SR0906,SE0291,气动力,性能指标,采用,SE0051,变体过程,变形方式,单-双折叠翼变体飞行器使用气动力驱动自主折叠和展开，在变体过程,D4_单-双折叠翼变体飞行器总体设计研究_郭廷宇,80,0.83,1,规则抽取+标准实体映射+重复三元组去重,已规范化,R0546
SR0907,SE0291,气动力,性能指标,采用,SE0055,变展长技术,变形方式,飞行器使用气动力驱动变体，在获得50%变展长能力的同时，极大降低了变体所,D4_单-双折叠翼变体飞行器总体设计研究_郭廷宇,5,0.83,1,规则抽取+标准实体映射+重复三元组去重,已规范化,R0364
SR0908,SE0291,气动力,性能指标,采用,SE0176,蒙皮,结构部件,墙、长桁等，如图 6.18 所示 。在梁式机翼中，气动力通过蒙皮传递给,D4_单-双折叠翼变体飞行器总体设计研究_郭廷宇,117,0.83,1,规则抽取+标准实体映射+重复三元组去重,已规范化,R0435
SR0909,SE0291,气动力,性能指标,采用,SE0345,飞行性能,性能指标,空气动力学特性，提升飞行性能。该项目采用半,D6_变体飞行器变形方式及气动布局设计关键技术研究进展,5,0.83,1,规则抽取+标准实体映射+重复三元组去重,已规范化,R0565
SR0910,SE0195,气动力驱动变体,机构/执行系统,采用,SE0124,副翼,结构部件,与传统的变体方式相比，气动力驱动变体是通过驱动副翼或其他气动舵面,D4_单-双折叠翼变体飞行器总体设计研究_郭廷宇,49,0.86,1,规则抽取+标准实体映射+重复三元组去重,已规范化,R0271
SR0911,SE0195,气动力驱动变体,机构/执行系统,采用,SE0088,单翼,气动布局,4)变体能力：原理验证机可以通过气动力驱动完成从单翼到双翼的折叠,D4_单-双折叠翼变体飞行器总体设计研究_郭廷宇,140,0.86,1,规则抽取+标准实体映射+重复三元组去重,已规范化,R0295
SR0912,SE0195,气动力驱动变体,机构/执行系统,采用,SE0093,双翼,气动布局,4)变体能力：原理验证机可以通过气动力驱动完成从单翼到双翼的折叠,D4_单-双折叠翼变体飞行器总体设计研究_郭廷宇,140,0.86,1,规则抽取+标准实体映射+重复三元组去重,已规范化,R0297
SR0913,SE0195,气动力驱动变体,机构/执行系统,采用,SE0049,变体技术,变形方式,概念，这种新型飞行器使用气动力驱动变体，有效解决了现有变体技术在结构重,D4_单-双折叠翼变体飞行器总体设计研究_郭廷宇,50,0.83,1,规则抽取+标准实体映射+重复三元组去重,已规范化,R0408
SR0914,SE0195,气动力驱动变体,机构/执行系统,采用,SE0050,变体方案,变形方式,要使用复杂的作动器外，气动驱动变体方案还使连杆和铰链大大简化，进一步,D4_单-双折叠翼变体飞行器总体设计研究_郭廷宇,49,0.86,1,规则抽取+标准实体映射+重复三元组去重,已规范化,R0181
SR0915,SE0195,气动力驱动变体,机构/执行系统,采用,SE0051,变体过程,变形方式,单-双折叠翼变体飞行器使用气动力驱动自主折叠和展开，在变体过程,D4_单-双折叠翼变体飞行器总体设计研究_郭廷宇,80,0.86,1,规则抽取+标准实体映射+重复三元组去重,已规范化,R0302
SR0916,SE0195,气动力驱动变体,机构/执行系统,采用,SE0055,变展长技术,变形方式,飞行器使用气动力驱动变体，在获得50%变展长能力的同时，极大降低了变体所,D4_单-双折叠翼变体飞行器总体设计研究_郭廷宇,5,0.86,1,规则抽取+标准实体映射+重复三元组去重,已规范化,R0119
SR0917,SE0195,气动力驱动变体,机构/执行系统,采用,SE0291,气动力,性能指标,飞行器使用气动力驱动变体，在获得50%变展长能力的同时，极大降低了变体所,D4_单-双折叠翼变体飞行器总体设计研究_郭廷宇,5,0.83,2,规则抽取+标准实体映射+重复三元组去重,已规范化,R0363；R0385
SR0918,SE0299,气动性能,性能指标,采用,SE0291,气动力,性能指标,本节中仍使用CFD 方法对变体过程中的空气动力学特性开展研究。考虑,D4_单-双折叠翼变体飞行器总体设计研究_郭廷宇,80,0.83,1,规则抽取+标准实体映射+重复三元组去重,已规范化,R0493
SR0919,SE0299,气动性能,性能指标,采用,SE0345,飞行性能,性能指标,空气动力学特性，提升飞行性能。该项目采用半,D6_变体飞行器变形方式及气动布局设计关键技术研究进展,5,0.83,1,规则抽取+标准实体映射+重复三元组去重,已规范化,R0566
SR0920,SE0301,气动效率,性能指标,采用,SE0326,航程,性能指标,的最直接方法，为了提高气动效率、扩大航程，高空长航时飞行器往往采用大展,D4_单-双折叠翼变体飞行器总体设计研究_郭廷宇,19,0.83,1,规则抽取+标准实体映射+重复三元组去重,已规范化,R0375
SR0921,SE0301,气动效率,性能指标,采用,SE0036,高空长航时飞行器,飞行器对象,的最直接方法，为了提高气动效率、扩大航程，高空长航时飞行器往往采用大展,D4_单-双折叠翼变体飞行器总体设计研究_郭廷宇,19,0.86,1,规则抽取+标准实体映射+重复三元组去重,已规范化,R0138
SR0922,SE0304,气动设计,性能指标,采用,SE0188,变体机构,机构/执行系统,若在设计中，通过飞行控制系统和飞行器气动设计的优化减少变体机构的,D4_单-双折叠翼变体飞行器总体设计研究_郭廷宇,134,0.86,1,规则抽取+标准实体映射+重复三元组去重,已规范化,R0293
SR0923,SE0163,活动机翼,结构部件,采用,SE0124,副翼,结构部件,程中，全机的升力需重新分配，活动机翼的升力将通过副翼偏转卸载一部分，,D4_单-双折叠翼变体飞行器总体设计研究_郭廷宇,126,0.86,1,规则抽取+标准实体映射+重复三元组去重,已规范化,R0235
SR0924,SE0163,活动机翼,结构部件,采用,SE0254,升力,性能指标,自设有一段副翼。在变体过程中，通过对副翼的偏转控制，使活动机翼的升力矢,D4_单-双折叠翼变体飞行器总体设计研究_郭廷宇,43,0.83,1,规则抽取+标准实体映射+重复三元组去重,已规范化,R0401
SR0925,SE0163,活动机翼,结构部件,采用,SE0129,固定机翼,结构部件,和力矩通过活动机翼传导到连杆、固定机翼和机身上，进而造成连杆等变体机,D4_单-双折叠翼变体飞行器总体设计研究_郭廷宇,88,0.86,1,规则抽取+标准实体映射+重复三元组去重,已规范化,R0215
SR0926,SE0163,活动机翼,结构部件,采用,SE0018,大展弦比长航时飞行器,飞行器对象,与活动机翼的运动路径产生干涉。现有的大展弦比长航时飞行器通常采用背负,D4_单-双折叠翼变体飞行器总体设计研究_郭廷宇,125,0.86,1,规则抽取+标准实体映射+重复三元组去重,已规范化,R0234
SR0927,SE0163,活动机翼,结构部件,采用,SE0266,展弦比,性能指标,与活动机翼的运动路径产生干涉。现有的大展弦比长航时飞行器通常采用背负,D4_单-双折叠翼变体飞行器总体设计研究_郭廷宇,125,0.83,1,规则抽取+标准实体映射+重复三元组去重,已规范化,R0471
SR0928,SE0163,活动机翼,结构部件,采用,SE0337,阻力,性能指标,在变体过程中，活动机翼的阻力通过连杆传递到固定机翼，会产生弯矩和,D4_单-双折叠翼变体飞行器总体设计研究_郭廷宇,107,0.83,1,规则抽取+标准实体映射+重复三元组去重,已规范化,R0523
SR0929,SE0078,滑动蒙皮,变形方式,采用,SE0175,翼面积,结构部件,采用滑动蒙皮技术，可以实现机翼翼面积、展长、,D6_变体飞行器变形方式及气动布局设计关键技术研究进展,4,0.83,1,规则抽取+标准实体映射+重复三元组去重,已规范化,R0559
SR0930,SE0311,激波阻力,性能指标,采用,SE0258,后掠角,性能指标,降低激波阻力的需求，一般采用平直无后掠或近似平直的小后掠角设计。,D4_单-双折叠翼变体飞行器总体设计研究_郭廷宇,126,0.83,1,规则抽取+标准实体映射+重复三元组去重,已规范化,R0532
SR0931,SE0311,激波阻力,性能指标,采用,SE0337,阻力,性能指标,降低激波阻力的需求，一般采用平直无后掠或近似平直的小后掠角设计。,D4_单-双折叠翼变体飞行器总体设计研究_郭廷宇,126,0.83,1,规则抽取+标准实体映射+重复三元组去重,已规范化,R0530
SR0932,SE0425,空中变体飞行试验,研究方法,采用,SE0413,地面车载变体试验,研究方法,变体原理验证机并开展了空中变体飞行试验和地面车载变体试验。通过这些试,D4_单-双折叠翼变体飞行器总体设计研究_郭廷宇,5,0.86,1,规则抽取+标准实体映射+重复三元组去重,已规范化,R0172
SR0933,SE0169,结构重量,结构部件,采用,SE0124,副翼,结构部件,于机翼结构重量的计算使用部件级的工程梁方法，在计算中已经将副翼的增重,D4_单-双折叠翼变体飞行器总体设计研究_郭廷宇,134,0.86,1,规则抽取+标准实体映射+重复三元组去重,已规范化,R0242
SR0934,SE0169,结构重量,结构部件,采用,SE0088,单翼,气动布局,并使用少量木材和3D 打印树脂零件来降低结构重量，同时保持高强度。单翼,D4_单-双折叠翼变体飞行器总体设计研究_郭廷宇,143,0.86,1,规则抽取+标准实体映射+重复三元组去重,已规范化,R0170
SR0935,SE0171,翼型,结构部件,采用,SE0254,升力,性能指标,对于二维翼型来说，通过零升攻角、升力线斜率和最大升力系数三个主要,D4_单-双折叠翼变体飞行器总体设计研究_郭廷宇,71,0.83,1,规则抽取+标准实体映射+重复三元组去重,已规范化,R0517
SR0936,SE0171,翼型,结构部件,采用,SE0255,升力系数,性能指标,NACA2412 翼型，平均弦长均为1m。通过计算得到4 组机翼的升力系数和阻,D4_单-双折叠翼变体飞行器总体设计研究_郭廷宇,74,0.86,1,规则抽取+标准实体映射+重复三元组去重,已规范化,R0106
SR0937,SE0171,翼型,结构部件,采用,SE0266,展弦比,性能指标,机翼翼型：大展弦比飞行器通常使用较厚的机翼翼型，用以改善机翼的,D4_单-双折叠翼变体飞行器总体设计研究_郭廷宇,127,0.83,1,规则抽取+标准实体映射+重复三元组去重,已规范化,R0547
SR0938,SE0171,翼型,结构部件,采用,SE0278,攻角,性能指标,对于二维翼型来说，通过零升攻角、升力线斜率和最大升力系数三个主要,D4_单-双折叠翼变体飞行器总体设计研究_郭廷宇,71,0.83,1,规则抽取+标准实体映射+重复三元组去重,已规范化,R0515
SR0939,SE0171,翼型,结构部件,采用,SE0281,最大升力系数,性能指标,对于二维翼型来说，通过零升攻角、升力线斜率和最大升力系数三个主要,D4_单-双折叠翼变体飞行器总体设计研究_郭廷宇,71,0.86,1,规则抽取+标准实体映射+重复三元组去重,已规范化,R0274
SR0940,SE0171,翼型,结构部件,采用,SE0163,活动机翼,结构部件,厚度的翼型)。在使用较厚翼型的情况下，连杆的尺寸满足安放在活动机翼内,D4_单-双折叠翼变体飞行器总体设计研究_郭廷宇,116,0.86,1,规则抽取+标准实体映射+重复三元组去重,已规范化,R0219
SR0941,SE0171,翼型,结构部件,采用,SE0339,零升攻角,性能指标,对于二维翼型来说，通过零升攻角、升力线斜率和最大升力系数三个主要,D4_单-双折叠翼变体飞行器总体设计研究_郭廷宇,71,0.86,1,规则抽取+标准实体映射+重复三元组去重,已规范化,R0272
SR0942,SE0321,翼展,专业概念,采用,SE0440,ACADO,项目/机构,体，扩展30%巡航翼展，同时缩减30%起降翼展。通过ACADO 计算得到此,D4_单-双折叠翼变体飞行器总体设计研究_郭廷宇,138,0.83,1,规则抽取+标准实体映射+重复三元组去重,已规范化,R0362
SR0943,SE0321,翼展,专业概念,采用,SE0116,下机翼,结构部件,示。在传统的双翼机设计中，有时会采用上机翼的翼展大于下机翼的设计，此时,D4_单-双折叠翼变体飞行器总体设计研究_郭廷宇,75,0.83,1,规则抽取+标准实体映射+重复三元组去重,已规范化,R0433
SR0944,SE0321,翼展,专业概念,采用,SE0255,升力系数,性能指标,翼短25%，即翼展比为0.8。通过计算得到3 组机翼的升力系数和阻力系数曲,D4_单-双折叠翼变体飞行器总体设计研究_郭廷宇,75,0.83,1,规则抽取+标准实体映射+重复三元组去重,已规范化,R0360
SR0945,SE0321,翼展,专业概念,采用,SE0295,气动外形,性能指标,下机翼的间距外，比较难以通过对梢根比、翼展比等气动外形参数的优化来提,D4_单-双折叠翼变体飞行器总体设计研究_郭廷宇,78,0.83,1,规则抽取+标准实体映射+重复三元组去重,已规范化,R0448
SR0946,SE0321,翼展,专业概念,采用,SE0175,翼面积,结构部件,上，通过单-双折叠翼变体扩大巡航翼展，则飞机的机翼面积增加，较于原准,D4_单-双折叠翼变体飞行器总体设计研究_郭廷宇,123,0.83,1,规则抽取+标准实体映射+重复三元组去重,已规范化,R0467
SR0947,SE0321,翼展,专业概念,采用,SE0329,起降翼展,专业概念,体，扩展30%巡航翼展，同时缩减30%起降翼展。通过ACADO 计算得到此,D4_单-双折叠翼变体飞行器总体设计研究_郭廷宇,138,0.83,1,规则抽取+标准实体映射+重复三元组去重,已规范化,R0361
SR0948,SE0322,翼展比,性能指标,采用,SE0254,升力,性能指标,翼短25%，即翼展比为0.8。通过计算得到3 组机翼的升力系数和阻力系数曲,D4_单-双折叠翼变体飞行器总体设计研究_郭廷宇,75,0.83,1,规则抽取+标准实体映射+重复三元组去重,已规范化,R0359
SR0949,SE0322,翼展比,性能指标,采用,SE0255,升力系数,性能指标,翼短25%，即翼展比为0.8。通过计算得到3 组机翼的升力系数和阻力系数曲,D4_单-双折叠翼变体飞行器总体设计研究_郭廷宇,75,0.86,1,规则抽取+标准实体映射+重复三元组去重,已规范化,R0115
SR0950,SE0322,翼展比,性能指标,采用,SE0295,气动外形,性能指标,下机翼的间距外，比较难以通过对梢根比、翼展比等气动外形参数的优化来提,D4_单-双折叠翼变体飞行器总体设计研究_郭廷宇,78,0.86,1,规则抽取+标准实体映射+重复三元组去重,已规范化,R0205
SR0951,SE0322,翼展比,性能指标,采用,SE0321,翼展,专业概念,翼短25%，即翼展比为0.8。通过计算得到3 组机翼的升力系数和阻力系数曲,D4_单-双折叠翼变体飞行器总体设计研究_郭廷宇,75,0.83,1,规则抽取+标准实体映射+重复三元组去重,已规范化,R0358
SR0952,SE0175,翼面积,结构部件,采用,SE0321,翼展,专业概念,分，通过对外侧机翼的充气和放气，可以调整飞机的机翼面积和翼展。,D4_单-双折叠翼变体飞行器总体设计研究_郭廷宇,27,0.83,1,规则抽取+标准实体映射+重复三元组去重,已规范化,R0545
SR0953,SE0428,背景网格,研究方法,采用,SE0115,上机翼,结构部件,网格，其中下机翼和外流场为背景网格，上机翼和周围流场为重叠网格，通过,D4_单-双折叠翼变体飞行器总体设计研究_郭廷宇,71,0.86,1,规则抽取+标准实体映射+重复三元组去重,已规范化,R0198
SR0954,SE0428,背景网格,研究方法,采用,SE0433,重叠网格,研究方法,网格，其中下机翼和外流场为背景网格，上机翼和周围流场为重叠网格，通过,D4_单-双折叠翼变体飞行器总体设计研究_郭廷宇,71,0.86,1,规则抽取+标准实体映射+重复三元组去重,已规范化,R0202
SR0955,SE0326,航程,性能指标,采用,SE0010,全球鹰无人机,飞行器对象,的航程收益；3)在“全球鹰”无人机基础上，可以通过单-双折叠翼变体，在,D4_单-双折叠翼变体飞行器总体设计研究_郭廷宇,139,0.83,1,规则抽取+标准实体映射+重复三元组去重,已规范化,R0438
SR0956,SE0326,航程,性能指标,采用,SE0046,单-双折叠翼,变形方式,的航程收益；3)在“全球鹰”无人机基础上，可以通过单-双折叠翼变体，在,D4_单-双折叠翼变体飞行器总体设计研究_郭廷宇,139,0.83,1,规则抽取+标准实体映射+重复三元组去重,已规范化,R0439
SR0957,SE0326,航程,性能指标,采用,SE0036,高空长航时飞行器,飞行器对象,的最直接方法，为了提高气动效率、扩大航程，高空长航时飞行器往往采用大展,D4_单-双折叠翼变体飞行器总体设计研究_郭廷宇,19,0.83,1,规则抽取+标准实体映射+重复三元组去重,已规范化,R0374
SR0958,SE0176,蒙皮,结构部件,采用,SE0055,变展长技术,变形方式,图 1.17 Ajaj 等人研发的基于0 泊松比的蜂窝结构和弹性蒙皮的变展长机翼,D4_单-双折叠翼变体飞行器总体设计研究_郭廷宇,11,0.83,1,规则抽取+标准实体映射+重复三元组去重,已规范化,R0352
SR0959,SE0176,蒙皮,结构部件,采用,SE0258,后掠角,性能指标,翼变体方案 ，通过机翼蒙皮的滑动可以改变机翼的面积和后掠角，进而改变飞,D4_单-双折叠翼变体飞行器总体设计研究_郭廷宇,26,0.83,1,规则抽取+标准实体映射+重复三元组去重,已规范化,R0380
SR0960,SE0176,蒙皮,结构部件,采用,SE0305,气动载荷,性能指标,蒙皮很厚，腹板较多，翼肋较少，蒙皮的气动载荷直接传递给腹板，再通过腹,D4_单-双折叠翼变体飞行器总体设计研究_郭廷宇,118,0.83,1,规则抽取+标准实体映射+重复三元组去重,已规范化,R0460
SR0961,SE0176,蒙皮,结构部件,采用,SE0169,结构重量,结构部件,ACADO 的重量结构模块采用了部件级的工程梁模型法和双板层模型法 ，即将机翼的结构分解为梁、肋、蒙皮、增升装置等结构分别计算结构重量。,D4_单-双折叠翼变体飞行器总体设计研究_郭廷宇,36,0.83,1,规则抽取+标准实体映射+重复三元组去重,已规范化,R0338
SR0962,SE0177,襟翼,结构部件,采用,SE0170,缝翼,结构部件,结构控制的飞机局部变形。如通过襟翼、缝翼等,D6_变体飞行器变形方式及气动布局设计关键技术研究进展,2,0.83,1,规则抽取+标准实体映射+重复三元组去重,已规范化,R0564
SR0963,SE0430,计算流体力学,专业概念,采用,SE0401,CFD方法,研究方法,力的空天飞行器设计方案。通过计算流体力学(CFD)方法，对折叠构型和展开构型的空天飞行器在不同高度、不同马赫数、,D3_跨域变构飞行器变形方案设计及气动特性分析_安英韬,1,0.86,1,规则抽取+标准实体映射+重复三元组去重,已规范化,R0083
SR0964,SE0430,计算流体力学,专业概念,采用,SE0254,升力,性能指标,17 组双翼，仍使用计算流体力学方法分别计算这些双翼的升力曲线、阻力曲,D4_单-双折叠翼变体飞行器总体设计研究_郭廷宇,71,0.83,1,规则抽取+标准实体映射+重复三元组去重,已规范化,R0423
SR0965,SE0430,计算流体力学,专业概念,采用,SE0098,展开构型,气动布局,力的空天飞行器设计方案。通过计算流体力学(CFD)方法，对折叠构型和展开构型的空天飞行器在不同高度、不同马赫数、,D3_跨域变构飞行器变形方案设计及气动特性分析_安英韬,1,0.86,1,规则抽取+标准实体映射+重复三元组去重,已规范化,R0088
SR0966,SE0430,计算流体力学,专业概念,采用,SE0102,折叠构型,气动布局,力的空天飞行器设计方案。通过计算流体力学(CFD)方法，对折叠构型和展开构型的空天飞行器在不同高度、不同马赫数、,D3_跨域变构飞行器变形方案设计及气动特性分析_安英韬,1,0.86,1,规则抽取+标准实体映射+重复三元组去重,已规范化,R0086
SR0967,SE0430,计算流体力学,专业概念,采用,SE0337,阻力,性能指标,17 组双翼，仍使用计算流体力学方法分别计算这些双翼的升力曲线、阻力曲,D4_单-双折叠翼变体飞行器总体设计研究_郭廷宇,71,0.83,1,规则抽取+标准实体映射+重复三元组去重,已规范化,R0424
SR0968,SE0430,计算流体力学,专业概念,采用,SE0350,马赫数,性能指标,力的空天飞行器设计方案。通过计算流体力学(CFD)方法，对折叠构型和展开构型的空天飞行器在不同高度、不同马赫数、,D3_跨域变构飞行器变形方案设计及气动特性分析_安英韬,1,0.83,1,规则抽取+标准实体映射+重复三元组去重,已规范化,R0343
SR0969,SE0397,设计目标,专业概念,采用,SE0019,大展弦比飞机,飞行器对象,新的设计目标。最后，基于上述讨论结果，在现有大展弦比飞机常用的多梁式,D4_单-双折叠翼变体飞行器总体设计研究_郭廷宇,119,0.86,1,规则抽取+标准实体映射+重复三元组去重,已规范化,R0222
SR0970,SE0397,设计目标,专业概念,采用,SE0266,展弦比,性能指标,新的设计目标。最后，基于上述讨论结果，在现有大展弦比飞机常用的多梁式,D4_单-双折叠翼变体飞行器总体设计研究_郭廷宇,119,0.83,1,规则抽取+标准实体映射+重复三元组去重,已规范化,R0464
SR0971,SE0482,设计规律,专业概念,采用,SE0089,单翼构型,气动布局,展弦比平直机翼的设计规律，在单翼构型下采用0.4 左右梢根比的大展弦比梯,D4_单-双折叠翼变体飞行器总体设计研究_郭廷宇,78,0.86,1,规则抽取+标准实体映射+重复三元组去重,已规范化,R0127
SR0972,SE0482,设计规律,专业概念,采用,SE0286,梢根比,性能指标,展弦比平直机翼的设计规律，在单翼构型下采用0.4 左右梢根比的大展弦比梯,D4_单-双折叠翼变体飞行器总体设计研究_郭廷宇,78,0.86,1,规则抽取+标准实体映射+重复三元组去重,已规范化,R0131
SR0973,SE0327,诱导阻力,性能指标,采用,SE0254,升力,性能指标,子，减少诱导阻力。但很难通过改变机翼的梢根比来优化双翼的展向升力分,D4_单-双折叠翼变体飞行器总体设计研究_郭廷宇,73,0.83,1,规则抽取+标准实体映射+重复三元组去重,已规范化,R0492
SR0974,SE0327,诱导阻力,性能指标,采用,SE0093,双翼,气动布局,子，减少诱导阻力。但很难通过改变机翼的梢根比来优化双翼的展向升力分,D4_单-双折叠翼变体飞行器总体设计研究_郭廷宇,73,0.86,1,规则抽取+标准实体映射+重复三元组去重,已规范化,R0260
SR0975,SE0327,诱导阻力,性能指标,采用,SE0286,梢根比,性能指标,子，减少诱导阻力。但很难通过改变机翼的梢根比来优化双翼的展向升力分,D4_单-双折叠翼变体飞行器总体设计研究_郭廷宇,73,0.86,1,规则抽取+标准实体映射+重复三元组去重,已规范化,R0259
SR0976,SE0327,诱导阻力,性能指标,采用,SE0337,阻力,性能指标,子，减少诱导阻力。但很难通过改变机翼的梢根比来优化双翼的展向升力分,D4_单-双折叠翼变体飞行器总体设计研究_郭廷宇,73,0.83,1,规则抽取+标准实体映射+重复三元组去重,已规范化,R0487
SR0977,SE0329,起降翼展,专业概念,采用,SE0440,ACADO,项目/机构,体，扩展30%巡航翼展，同时缩减30%起降翼展。通过ACADO 计算得到此,D4_单-双折叠翼变体飞行器总体设计研究_郭廷宇,138,0.86,1,规则抽取+标准实体映射+重复三元组去重,已规范化,R0116
SR0978,SE0329,起降翼展,专业概念,采用,SE0321,翼展,专业概念,对于大展弦比飞机来说，通过变体减小起降翼展，使飞机满足在航母、小型,D4_单-双折叠翼变体飞行器总体设计研究_郭廷宇,39,0.83,1,规则抽取+标准实体映射+重复三元组去重,已规范化,R0481
SR0979,SE0030,跨域变构飞行器,飞行器对象,采用,SE0098,展开构型,气动布局,跨域变构飞行器变形方案设计及气动特性分析,D3_跨域变构飞行器变形方案设计及气动特性分析_安英韬,1,0.92,1,规则抽取+标准实体映射+重复三元组去重,高置信通过,R0059
SR0980,SE0030,跨域变构飞行器,飞行器对象,采用,SE0102,折叠构型,气动布局,跨域变构飞行器变形方案设计及气动特性分析,D3_跨域变构飞行器变形方案设计及气动特性分析_安英韬,1,0.92,1,规则抽取+标准实体映射+重复三元组去重,高置信通过,R0058
SR0981,SE0379,跨域飞行,任务场景,采用,SE0096,变构型技术,气动布局,(4)在跨域飞行过程中，通过变构型技术将两,D3_跨域变构飞行器变形方案设计及气动特性分析_安英韬,6,0.86,1,规则抽取+标准实体映射+重复三元组去重,已规范化,R0318
SR0982,SE0379,跨域飞行,任务场景,采用,SE0060,变构技术,变形方式,在大攻角下实现稳定飞行。展开构型在低马赫数下呈现出高升阻比特性，利于低空滑翔。在跨域飞行中，通过变构技术将两,D3_跨域变构飞行器变形方案设计及气动特性分析_安英韬,1,0.86,1,规则抽取+标准实体映射+重复三元组去重,已规范化,R0091
SR0983,SE0332,载荷,性能指标,采用,SE0046,单-双折叠翼,变形方式,飞机的翼载荷无需改变。若在现有的飞行器基础上，通过单-双折叠翼变体扩,D4_单-双折叠翼变体飞行器总体设计研究_郭廷宇,123,0.83,1,规则抽取+标准实体映射+重复三元组去重,已规范化,R0470
SR0984,SE0111,连接翼布局,气动布局,采用,SE0440,ACADO,项目/机构,常规单翼布局和连接翼布局设计了3 架飞机，如图 7.7 所示。通过ACADO 计,D4_单-双折叠翼变体飞行器总体设计研究_郭廷宇,135,0.86,1,规则抽取+标准实体映射+重复三元组去重,已规范化,R0104
SR0985,SE0337,阻力,性能指标,采用,SE0249,减小阻力,性能指标,翼的阻力产生的弯矩和扭矩，这部分变形可以通过气动优化减小阻力来改善。,D4_单-双折叠翼变体飞行器总体设计研究_郭廷宇,116,0.83,1,规则抽取+标准实体映射+重复三元组去重,已规范化,R0457
SR0986,SE0337,阻力,性能指标,采用,SE0254,升力,性能指标,子，减少诱导阻力。但很难通过改变机翼的梢根比来优化双翼的展向升力分,D4_单-双折叠翼变体飞行器总体设计研究_郭廷宇,73,0.83,1,规则抽取+标准实体映射+重复三元组去重,已规范化,R0491
SR0987,SE0337,阻力,性能指标,采用,SE0093,双翼,气动布局,子，减少诱导阻力。但很难通过改变机翼的梢根比来优化双翼的展向升力分,D4_单-双折叠翼变体飞行器总体设计研究_郭廷宇,73,0.83,1,规则抽取+标准实体映射+重复三元组去重,已规范化,R0490
SR0988,SE0337,阻力,性能指标,采用,SE0258,后掠角,性能指标,降低激波阻力的需求，一般采用平直无后掠或近似平直的小后掠角设计。,D4_单-双折叠翼变体飞行器总体设计研究_郭廷宇,126,0.83,1,规则抽取+标准实体映射+重复三元组去重,已规范化,R0531
SR0989,SE0337,阻力,性能指标,采用,SE0129,固定机翼,结构部件,在变体过程中，活动机翼的阻力通过连杆传递到固定机翼，会产生弯矩和,D4_单-双折叠翼变体飞行器总体设计研究_郭廷宇,107,0.83,1,规则抽取+标准实体映射+重复三元组去重,已规范化,R0524
SR0990,SE0337,阻力,性能指标,采用,SE0286,梢根比,性能指标,子，减少诱导阻力。但很难通过改变机翼的梢根比来优化双翼的展向升力分,D4_单-双折叠翼变体飞行器总体设计研究_郭廷宇,73,0.83,1,规则抽取+标准实体映射+重复三元组去重,已规范化,R0489
SR0991,SE0338,阻力系数,性能指标,采用,SE0337,阻力,性能指标,展开后所形成的单翼，通过计算得到6 组机翼的升力系数和阻力系数曲线，如,D4_单-双折叠翼变体飞行器总体设计研究_郭廷宇,74,0.83,1,规则抽取+标准实体映射+重复三元组去重,已规范化,R0427
SR0992,SE0485,隐身能力,专业概念,采用,SE0052,变前掠,变形方式,高隐身能力等。此外，由于采用变前掠和折叠机,D6_变体飞行器变形方式及气动布局设计关键技术研究进展,30,0.86,1,规则抽取+标准实体映射+重复三元组去重,已规范化,R0324
SR0993,SE0339,零升攻角,性能指标,采用,SE0254,升力,性能指标,对于二维翼型来说，通过零升攻角、升力线斜率和最大升力系数三个主要,D4_单-双折叠翼变体飞行器总体设计研究_郭廷宇,71,0.83,1,规则抽取+标准实体映射+重复三元组去重,已规范化,R0513
SR0994,SE0339,零升攻角,性能指标,采用,SE0278,攻角,性能指标,对于二维翼型来说，通过零升攻角、升力线斜率和最大升力系数三个主要,D4_单-双折叠翼变体飞行器总体设计研究_郭廷宇,71,0.83,1,规则抽取+标准实体映射+重复三元组去重,已规范化,R0511
SR0995,SE0339,零升攻角,性能指标,采用,SE0281,最大升力系数,性能指标,对于二维翼型来说，通过零升攻角、升力线斜率和最大升力系数三个主要,D4_单-双折叠翼变体飞行器总体设计研究_郭廷宇,71,0.86,1,规则抽取+标准实体映射+重复三元组去重,已规范化,R0273
SR0996,SE0341,非定常气动力,性能指标,采用,SE0291,气动力,性能指标,稳定性。近些年来，基于机器学习的非定常气动力,D6_变体飞行器变形方式及气动布局设计关键技术研究进展,12,0.83,1,规则抽取+标准实体映射+重复三元组去重,已规范化,R0563
SR0997,SE0343,飞行包线,专业概念,采用,SE0046,单-双折叠翼,变形方式,拓展飞行包线。根据不同使用需求，单-双折叠翼变体可以有多种应用方向：,D4_单-双折叠翼变体飞行器总体设计研究_郭廷宇,122,0.86,1,规则抽取+标准实体映射+重复三元组去重,已规范化,R0226
SR0998,SE0238,飞行控制,控制方法,采用,SE0188,变体机构,机构/执行系统,若在设计中，通过飞行控制系统和飞行器气动设计的优化减少变体机构的,D4_单-双折叠翼变体飞行器总体设计研究_郭廷宇,134,0.83,1,规则抽取+标准实体映射+重复三元组去重,已规范化,R0539
SR0999,SE0238,飞行控制,控制方法,采用,SE0304,气动设计,性能指标,若在设计中，通过飞行控制系统和飞行器气动设计的优化减少变体机构的,D4_单-双折叠翼变体飞行器总体设计研究_郭廷宇,134,0.83,1,规则抽取+标准实体映射+重复三元组去重,已规范化,R0538
SR1000,SE0350,马赫数,性能指标,采用,SE0256,升阻比,性能指标,在大攻角下实现稳定飞行。展开构型在低马赫数下呈现出高升阻比特性，利于低空滑翔。在跨域飞行中，通过变构技术将两,D3_跨域变构飞行器变形方案设计及气动特性分析_安英韬,1,0.83,1,规则抽取+标准实体映射+重复三元组去重,已规范化,R0347
SR1001,SE0350,马赫数,性能指标,采用,SE0352,高升阻比特性,性能指标,在大攻角下实现稳定飞行。展开构型在低马赫数下呈现出高升阻比特性，利于低空滑翔。在跨域飞行中，通过变构技术将两,D3_跨域变构飞行器变形方案设计及气动特性分析_安英韬,1,0.83,1,规则抽取+标准实体映射+重复三元组去重,已规范化,R0346
SR1002,SE0352,高升阻比特性,性能指标,采用,SE0256,升阻比,性能指标,在大攻角下实现稳定飞行。展开构型在低马赫数下呈现出高升阻比特性，利于低空滑翔。在跨域飞行中，通过变构技术将两,D3_跨域变构飞行器变形方案设计及气动特性分析_安英韬,1,0.83,1,规则抽取+标准实体映射+重复三元组去重,已规范化,R0345
SR1003,SE0382,高超声速,任务场景,采用,SE0043,偏转弹头,变形方式,高超声速飞行。因此，通过偏转弹头高效控制导,D6_变体飞行器变形方式及气动布局设计关键技术研究进展,6,0.86,1,规则抽取+标准实体映射+重复三元组去重,已规范化,R0322
SR1004,SE0180,鸭翼,结构部件,采用,SE0172,翼根,结构部件,计方案通过加装鸭翼、边条翼来控制翼根部位的,D6_变体飞行器变形方式及气动布局设计关键技术研究进展,14,0.83,1,规则抽取+标准实体映射+重复三元组去重,已规范化,R0568
SR1005,SE0086,上下机翼,气动布局,降低,SE0254,升力,性能指标,来看，双翼的上下翼间距越小，损失的升力越多，奥斯瓦尔德因子越低，气动,D4_单-双折叠翼变体飞行器总体设计研究_郭廷宇,78,0.83,1,规则抽取+标准实体映射+重复三元组去重,已规范化,R1137
SR1006,SE0086,上下机翼,气动布局,降低,SE0093,双翼,气动布局,2)上下机翼的相互干扰会使双翼损失一部分升力线斜率，且损失的升力,D4_单-双折叠翼变体飞行器总体设计研究_郭廷宇,70,0.86,1,规则抽取+标准实体映射+重复三元组去重,已规范化,R0825
SR1007,SE0086,上下机翼,气动布局,降低,SE0266,展弦比,性能指标,了因上下机翼的相互干扰损失一部分升力外，还会因为展弦比的降低损失一部,D4_单-双折叠翼变体飞行器总体设计研究_郭廷宇,74,0.83,1,规则抽取+标准实体映射+重复三元组去重,已规范化,R1133
SR1008,SE0086,上下机翼,气动布局,降低,SE0281,最大升力系数,性能指标,3)上下机翼间的相互干扰会使飞机损失一定的最大升力系数，且损失的,D4_单-双折叠翼变体飞行器总体设计研究_郭廷宇,70,0.86,1,规则抽取+标准实体映射+重复三元组去重,已规范化,R0826
SR1009,SE0115,上机翼,结构部件,降低,SE0116,下机翼,结构部件,上机翼后会向下偏转，使下机翼的实际攻角降低，进而使下机翼的升力线斜率,D4_单-双折叠翼变体飞行器总体设计研究_郭廷宇,59,0.86,1,规则抽取+标准实体映射+重复三元组去重,已规范化,R0688
SR1010,SE0115,上机翼,结构部件,降低,SE0254,升力,性能指标,上机翼后会向下偏转，使下机翼的实际攻角降低，进而使下机翼的升力线斜率,D4_单-双折叠翼变体飞行器总体设计研究_郭廷宇,59,0.83,1,规则抽取+标准实体映射+重复三元组去重,已规范化,R1101
SR1011,SE0115,上机翼,结构部件,降低,SE0255,升力系数,性能指标,数损失相对较小，当上机翼位于下机翼正上方或后方时，升力系数损失相对较,D4_单-双折叠翼变体飞行器总体设计研究_郭廷宇,70,0.86,1,规则抽取+标准实体映射+重复三元组去重,已规范化,R0705
SR1012,SE0115,上机翼,结构部件,降低,SE0278,攻角,性能指标,上机翼后会向下偏转，使下机翼的实际攻角降低，进而使下机翼的升力线斜率,D4_单-双折叠翼变体飞行器总体设计研究_郭廷宇,59,0.83,1,规则抽取+标准实体映射+重复三元组去重,已规范化,R1100
SR1013,SE0115,上机翼,结构部件,降低,SE0281,最大升力系数,性能指标,失，当上机翼处于下机翼斜前方时，损失的最大升力系数较少，在其余位置，,D4_单-双折叠翼变体飞行器总体设计研究_郭廷宇,62,0.86,1,规则抽取+标准实体映射+重复三元组去重,已规范化,R0696
SR1014,SE0116,下机翼,结构部件,降低,SE0115,上机翼,结构部件,高，同时下机翼的升力线斜率将大幅度降低；当上机翼处于下机翼后方1 倍弦,D4_单-双折叠翼变体飞行器总体设计研究_郭廷宇,58,0.86,1,规则抽取+标准实体映射+重复三元组去重,已规范化,R0654
SR1015,SE0116,下机翼,结构部件,降低,SE0254,升力,性能指标,高，同时下机翼的升力线斜率将大幅度降低；当上机翼处于下机翼后方1 倍弦,D4_单-双折叠翼变体飞行器总体设计研究_郭廷宇,58,0.83,1,规则抽取+标准实体映射+重复三元组去重,已规范化,R1055
SR1016,SE0116,下机翼,结构部件,降低,SE0255,升力系数,性能指标,数损失相对较小，当上机翼位于下机翼正上方或后方时，升力系数损失相对较,D4_单-双折叠翼变体飞行器总体设计研究_郭廷宇,70,0.86,1,规则抽取+标准实体映射+重复三元组去重,已规范化,R0704
SR1017,SE0116,下机翼,结构部件,降低,SE0278,攻角,性能指标,上机翼后会向下偏转，使下机翼的实际攻角降低，进而使下机翼的升力线斜率,D4_单-双折叠翼变体飞行器总体设计研究_郭廷宇,59,0.83,1,规则抽取+标准实体映射+重复三元组去重,已规范化,R1098
SR1018,SE0116,下机翼,结构部件,降低,SE0281,最大升力系数,性能指标,失，当上机翼处于下机翼斜前方时，损失的最大升力系数较少，在其余位置，,D4_单-双折叠翼变体飞行器总体设计研究_郭廷宇,62,0.86,1,规则抽取+标准实体映射+重复三元组去重,已规范化,R0695
SR1019,SE0116,下机翼,结构部件,降低,SE0163,活动机翼,结构部件,相同，则在双翼构型下翼展比为1；若减小活动机翼翼展，从而使固定机翼的翼,D4_单-双折叠翼变体飞行器总体设计研究_郭廷宇,75,0.86,1,规则抽取+标准实体映射+重复三元组去重,已规范化,R0660
SR1020,SE0116,下机翼,结构部件,降低,SE0321,翼展,专业概念,相同，则在双翼构型下翼展比为1；若减小活动机翼翼展，从而使固定机翼的翼,D4_单-双折叠翼变体飞行器总体设计研究_郭廷宇,75,0.83,1,规则抽取+标准实体映射+重复三元组去重,已规范化,R1060
SR1021,SE0116,下机翼,结构部件,降低,SE0322,翼展比,性能指标,相同，则在双翼构型下翼展比为1；若减小活动机翼翼展，从而使固定机翼的翼,D4_单-双折叠翼变体飞行器总体设计研究_郭廷宇,75,0.86,1,规则抽取+标准实体映射+重复三元组去重,已规范化,R0656
SR1022,SE0118,主动气动弹性机翼,结构部件,降低,SE0342,颤振,性能指标,性变体、设计主动气动弹性机翼、到聚焦柔性变形,D1_空天变构飞行技术研究现状与未来发展研判_刘思佳,2,0.92,1,规则抽取+标准实体映射+重复三元组去重,高置信通过,R0027
SR1023,SE0249,减小阻力,性能指标,降低,SE0336,阵风响应,性能指标,飞机重量、减小阻力、抑制颤振、减缓阵风、机动,D6_变体飞行器变形方式及气动布局设计关键技术研究进展,3,0.86,1,规则抽取+标准实体映射+重复三元组去重,已规范化,R0883
SR1024,SE0249,减小阻力,性能指标,降低,SE0342,颤振,性能指标,飞机重量、减小阻力、抑制颤振、减缓阵风、机动,D6_变体飞行器变形方式及气动布局设计关键技术研究进展,3,0.86,1,规则抽取+标准实体映射+重复三元组去重,已规范化,R0881
SR1025,SE0122,前缘,结构部件,降低,SE0254,升力,性能指标,动机翼上表面前缘的低压区有减弱的趋势，这也是导致升力下降的主要原因，,D4_单-双折叠翼变体飞行器总体设计研究_郭廷宇,82,0.83,1,规则抽取+标准实体映射+重复三元组去重,已规范化,R1143
SR1026,SE0124,副翼,结构部件,降低,SE0254,升力,性能指标,副翼保持上偏，使活动机翼的升力降低至略小于重力，此后活动机翼完成与机身,D4_单-双折叠翼变体飞行器总体设计研究_郭廷宇,44,0.83,1,规则抽取+标准实体映射+重复三元组去重,已规范化,R1046
SR1027,SE0124,副翼,结构部件,降低,SE0295,气动外形,性能指标,方面，可以对副翼的气动外形做专门的优化，减少副翼偏转时产生的阻力。综,D4_单-双折叠翼变体飞行器总体设计研究_郭廷宇,117,0.86,1,规则抽取+标准实体映射+重复三元组去重,已规范化,R0746
SR1028,SE0124,副翼,结构部件,降低,SE0304,气动设计,性能指标,动机翼副翼的大幅差动，减小因副翼差动带来的不平衡阻力。3)在气动设计,D4_单-双折叠翼变体飞行器总体设计研究_郭廷宇,117,0.86,1,规则抽取+标准实体映射+重复三元组去重,已规范化,R0745
SR1029,SE0124,副翼,结构部件,降低,SE0163,活动机翼,结构部件,副翼保持上偏，使活动机翼的升力降低至略小于重力，此后活动机翼完成与机身,D4_单-双折叠翼变体飞行器总体设计研究_郭廷宇,44,0.86,1,规则抽取+标准实体映射+重复三元组去重,已规范化,R0641
SR1030,SE0124,副翼,结构部件,降低,SE0337,阻力,性能指标,动机翼副翼的大幅差动，减小因副翼差动带来的不平衡阻力。3)在气动设计,D4_单-双折叠翼变体飞行器总体设计研究_郭廷宇,117,0.83,1,规则抽取+标准实体映射+重复三元组去重,已规范化,R1187
SR1031,SE0124,副翼,结构部件,降低,SE0238,飞行控制,控制方法,补偿，从而减少活动机翼的副翼偏转角度；同时在飞行控制算法中尽量避免活,D4_单-双折叠翼变体飞行器总体设计研究_郭廷宇,117,0.83,1,规则抽取+标准实体映射+重复三元组去重,已规范化,R1184
SR1032,SE0254,升力,性能指标,降低,SE0115,上机翼,结构部件,高，同时下机翼的升力线斜率将大幅度降低；当上机翼处于下机翼后方1 倍弦,D4_单-双折叠翼变体飞行器总体设计研究_郭廷宇,58,0.83,1,规则抽取+标准实体映射+重复三元组去重,已规范化,R1056
SR1033,SE0254,升力,性能指标,降低,SE0116,下机翼,结构部件,以内时，机翼有较大的最大升力系数损失；当上机翼在下机翼前方一倍弦长左,D4_单-双折叠翼变体飞行器总体设计研究_郭廷宇,60,0.83,1,规则抽取+标准实体映射+重复三元组去重,已规范化,R1106
SR1034,SE0254,升力,性能指标,降低,SE0124,副翼,结构部件,上偏，升力降低，驱动机翼向下运动，如图 3.3(c)所示；两段副翼在向上或向,D4_单-双折叠翼变体飞行器总体设计研究_郭廷宇,43,0.83,1,规则抽取+标准实体映射+重复三元组去重,已规范化,R0951
SR1035,SE0254,升力,性能指标,降低,SE0048,变体包线,变形方式,进行升力补偿也同样可以大幅扩展飞机的变体包线，或减小活动机翼副翼所需,D4_单-双折叠翼变体飞行器总体设计研究_郭廷宇,131,0.83,1,规则抽取+标准实体映射+重复三元组去重,已规范化,R1230
SR1036,SE0254,升力,性能指标,降低,SE0051,变体过程,变形方式,力降低，升力中心向外移动至50%机翼展长左右位置。为了在变体过程中尽,D4_单-双折叠翼变体飞行器总体设计研究_郭廷宇,85,0.83,1,规则抽取+标准实体映射+重复三元组去重,已规范化,R1146
SR1037,SE0254,升力,性能指标,降低,SE0129,固定机翼,结构部件,活动机翼的升力降低至与其自身重力相当，此后使活动机翼解除与固定机翼的锁,D4_单-双折叠翼变体飞行器总体设计研究_郭廷宇,43,0.83,1,规则抽取+标准实体映射+重复三元组去重,已规范化,R1045
SR1038,SE0254,升力,性能指标,降低,SE0266,展弦比,性能指标,了因上下机翼的相互干扰损失一部分升力外，还会因为展弦比的降低损失一部,D4_单-双折叠翼变体飞行器总体设计研究_郭廷宇,74,0.83,1,规则抽取+标准实体映射+重复三元组去重,已规范化,R1132
SR1039,SE0254,升力,性能指标,降低,SE0280,最大升力,性能指标,双翼相较于单翼构型会损失20%左右的升力线斜率和15%左右的最大升力系,D4_单-双折叠翼变体飞行器总体设计研究_郭廷宇,78,0.83,1,规则抽取+标准实体映射+重复三元组去重,已规范化,R1067
SR1040,SE0254,升力,性能指标,降低,SE0286,梢根比,性能指标,而使得机翼的展向升力分布更接近于矩形，抵消掉了减小梢根比带来的好处。,D4_单-双折叠翼变体飞行器总体设计研究_郭廷宇,73,0.83,1,规则抽取+标准实体映射+重复三元组去重,已规范化,R1121
SR1041,SE0254,升力,性能指标,降低,SE0321,翼展,专业概念,力降低，升力中心向外移动至50%机翼展长左右位置。为了在变体过程中尽,D4_单-双折叠翼变体飞行器总体设计研究_郭廷宇,85,0.83,1,规则抽取+标准实体映射+重复三元组去重,已规范化,R1145
SR1042,SE0254,升力,性能指标,降低,SE0338,阻力系数,性能指标,型有小幅下降，最大升力系数下降0.03 左右；含连杆构型的零升阻力系数相较,D4_单-双折叠翼变体飞行器总体设计研究_郭廷宇,80,0.83,1,规则抽取+标准实体映射+重复三元组去重,已规范化,R0959
SR1043,SE0254,升力,性能指标,降低,SE0340,零升阻力,性能指标,型有小幅下降，最大升力系数下降0.03 左右；含连杆构型的零升阻力系数相较,D4_单-双折叠翼变体飞行器总体设计研究_郭廷宇,80,0.83,1,规则抽取+标准实体映射+重复三元组去重,已规范化,R0958
SR1044,SE0254,升力,性能指标,降低,SE0350,马赫数,性能指标,左右。这两点可能导致飞机最大升力系数和最大飞行马赫数有所下降，但由于,D4_单-双折叠翼变体飞行器总体设计研究_郭廷宇,135,0.83,1,规则抽取+标准实体映射+重复三元组去重,已规范化,R1233
SR1045,SE0255,升力系数,性能指标,降低,SE0254,升力,性能指标,数损失相对较小，当上机翼位于下机翼正上方或后方时，升力系数损失相对较,D4_单-双折叠翼变体飞行器总体设计研究_郭廷宇,70,0.83,1,规则抽取+标准实体映射+重复三元组去重,已规范化,R1114
SR1046,SE0255,升力系数,性能指标,降低,SE0327,诱导阻力,性能指标,流动将降低飞机的升力系数，并产生诱导阻力。,D4_单-双折叠翼变体飞行器总体设计研究_郭廷宇,71,0.86,1,规则抽取+标准实体映射+重复三元组去重,已规范化,R0893
SR1047,SE0046,单-双折叠翼,变形方式,降低,SE0086,上下机翼,气动布局,体方案；单-双折叠翼变体除了在双翼状态下因上下机翼的干扰损失约10%的升,D4_单-双折叠翼变体飞行器总体设计研究_郭廷宇,47,0.86,1,规则抽取+标准实体映射+重复三元组去重,已规范化,R0613
SR1048,SE0046,单-双折叠翼,变形方式,降低,SE0093,双翼,气动布局,体方案；单-双折叠翼变体除了在双翼状态下因上下机翼的干扰损失约10%的升,D4_单-双折叠翼变体飞行器总体设计研究_郭廷宇,47,0.86,1,规则抽取+标准实体映射+重复三元组去重,已规范化,R0612
SR1049,SE0046,单-双折叠翼,变形方式,降低,SE0188,变体机构,机构/执行系统,1)降低单-双折叠翼变体的成本。变体的成本主要是变体机构的重量成本和,D4_单-双折叠翼变体飞行器总体设计研究_郭廷宇,124,0.86,1,规则抽取+标准实体映射+重复三元组去重,已规范化,R0755
SR1050,SE0012,单-双折叠翼变体飞行器,飞行器对象,降低,SE0088,单翼,气动布局,2)对单-双折叠翼变体飞行器来说，机翼由单翼折叠为双翼后，损失的升,D4_单-双折叠翼变体飞行器总体设计研究_郭廷宇,78,0.86,1,规则抽取+标准实体映射+重复三元组去重,已规范化,R0805
SR1051,SE0012,单-双折叠翼变体飞行器,飞行器对象,降低,SE0093,双翼,气动布局,2)对单-双折叠翼变体飞行器来说，机翼由单翼折叠为双翼后，损失的升,D4_单-双折叠翼变体飞行器总体设计研究_郭廷宇,78,0.86,1,规则抽取+标准实体映射+重复三元组去重,已规范化,R0806
SR1052,SE0088,单翼,气动布局,降低,SE0254,升力,性能指标,从计算结果可以看出，在由单翼向双翼的折叠变体过程中，升力呈逐步下降趋,D4_单-双折叠翼变体飞行器总体设计研究_郭廷宇,82,0.83,1,规则抽取+标准实体映射+重复三元组去重,已规范化,R1142
SR1053,SE0088,单翼,气动布局,降低,SE0093,双翼,气动布局,开始长时间巡航，巡航结束后，飞机再次下降高度至相同工况，完成单翼到双翼,D4_单-双折叠翼变体飞行器总体设计研究_郭廷宇,47,0.86,1,规则抽取+标准实体映射+重复三元组去重,已规范化,R0643
SR1054,SE0088,单翼,气动布局,降低,SE0051,变体过程,变形方式,从计算结果可以看出，在由单翼向双翼的折叠变体过程中，升力呈逐步下降趋,D4_单-双折叠翼变体飞行器总体设计研究_郭廷宇,82,0.86,1,规则抽取+标准实体映射+重复三元组去重,已规范化,R0719
SR1055,SE0089,单翼构型,气动布局,降低,SE0086,上下机翼,气动布局,在双翼构型下，飞机的翼展相较于单翼构型减少了接近50%，除因上下机翼,D4_单-双折叠翼变体飞行器总体设计研究_郭廷宇,43,0.86,1,规则抽取+标准实体映射+重复三元组去重,已规范化,R0679
SR1056,SE0089,单翼构型,气动布局,降低,SE0254,升力,性能指标,双翼相较于单翼构型会损失20%左右的升力线斜率和15%左右的最大升力系,D4_单-双折叠翼变体飞行器总体设计研究_郭廷宇,78,0.83,1,规则抽取+标准实体映射+重复三元组去重,已规范化,R1068
SR1057,SE0089,单翼构型,气动布局,降低,SE0280,最大升力,性能指标,双翼相较于单翼构型会损失20%左右的升力线斜率和15%左右的最大升力系,D4_单-双折叠翼变体飞行器总体设计研究_郭廷宇,78,0.86,1,规则抽取+标准实体映射+重复三元组去重,已规范化,R0665
SR1058,SE0471,原理验证机,专业概念,降低,SE0089,单翼构型,气动布局,图 8.16 原理验证机的双翼构型相较于大展弦比单翼构型大幅降低了翼尖擦,D4_单-双折叠翼变体飞行器总体设计研究_郭廷宇,16,0.86,1,规则抽取+标准实体映射+重复三元组去重,已规范化,R0602
SR1059,SE0471,原理验证机,专业概念,降低,SE0095,双翼构型,气动布局,图 8.16 原理验证机的双翼构型相较于大展弦比单翼构型大幅降低了翼尖擦,D4_单-双折叠翼变体飞行器总体设计研究_郭廷宇,16,0.86,1,规则抽取+标准实体映射+重复三元组去重,已规范化,R0600
SR1060,SE0471,原理验证机,专业概念,降低,SE0266,展弦比,性能指标,图 8.16 原理验证机的双翼构型相较于大展弦比单翼构型大幅降低了翼尖擦,D4_单-双折叠翼变体飞行器总体设计研究_郭廷宇,16,0.83,1,规则抽取+标准实体映射+重复三元组去重,已规范化,R0966
SR1061,SE0093,双翼,气动布局,降低,SE0086,上下机翼,气动布局,体方案；单-双折叠翼变体除了在双翼状态下因上下机翼的干扰损失约10%的升,D4_单-双折叠翼变体飞行器总体设计研究_郭廷宇,47,0.86,2,规则抽取+标准实体映射+重复三元组去重,已规范化,R0611；R0716
SR1062,SE0093,双翼,气动布局,降低,SE0089,单翼构型,气动布局,双翼相较于单翼构型会损失20%左右的升力线斜率和15%左右的最大升力系,D4_单-双折叠翼变体飞行器总体设计研究_郭廷宇,78,0.86,1,规则抽取+标准实体映射+重复三元组去重,已规范化,R0664
SR1063,SE0093,双翼,气动布局,降低,SE0051,变体过程,变形方式,从计算结果可以看出，在由单翼向双翼的折叠变体过程中，升力呈逐步下降趋,D4_单-双折叠翼变体飞行器总体设计研究_郭廷宇,82,0.86,1,规则抽取+标准实体映射+重复三元组去重,已规范化,R0718
SR1064,SE0093,双翼,气动布局,降低,SE0280,最大升力,性能指标,双翼相较于单翼构型会损失20%左右的升力线斜率和15%左右的最大升力系,D4_单-双折叠翼变体飞行器总体设计研究_郭廷宇,78,0.86,1,规则抽取+标准实体映射+重复三元组去重,已规范化,R0666
SR1065,SE0093,双翼,气动布局,降低,SE0339,零升攻角,性能指标,翼后方时，双翼的整体弯度减小，零升攻角滞后。,D4_单-双折叠翼变体飞行器总体设计研究_郭廷宇,70,0.86,1,规则抽取+标准实体映射+重复三元组去重,已规范化,R0879
SR1066,SE0095,双翼构型,气动布局,降低,SE0086,上下机翼,气动布局,在双翼构型下，飞机的翼展相较于单翼构型减少了接近50%，除因上下机翼,D4_单-双折叠翼变体飞行器总体设计研究_郭廷宇,43,0.86,1,规则抽取+标准实体映射+重复三元组去重,已规范化,R0680
SR1067,SE0095,双翼构型,气动布局,降低,SE0116,下机翼,结构部件,相同，则在双翼构型下翼展比为1；若减小活动机翼翼展，从而使固定机翼的翼,D4_单-双折叠翼变体飞行器总体设计研究_郭廷宇,75,0.86,1,规则抽取+标准实体映射+重复三元组去重,已规范化,R0657
SR1068,SE0095,双翼构型,气动布局,降低,SE0089,单翼构型,气动布局,图 8.16 原理验证机的双翼构型相较于大展弦比单翼构型大幅降低了翼尖擦,D4_单-双折叠翼变体飞行器总体设计研究_郭廷宇,16,0.86,1,规则抽取+标准实体映射+重复三元组去重,已规范化,R0601
SR1069,SE0095,双翼构型,气动布局,降低,SE0266,展弦比,性能指标,图 8.16 原理验证机的双翼构型相较于大展弦比单翼构型大幅降低了翼尖擦,D4_单-双折叠翼变体飞行器总体设计研究_郭廷宇,16,0.83,1,规则抽取+标准实体映射+重复三元组去重,已规范化,R0965
SR1070,SE0095,双翼构型,气动布局,降低,SE0321,翼展,专业概念,在双翼构型下，飞机的翼展相较于单翼构型减少了接近50%，除因上下机翼,D4_单-双折叠翼变体飞行器总体设计研究_郭廷宇,43,0.83,1,规则抽取+标准实体映射+重复三元组去重,已规范化,R1083
SR1071,SE0095,双翼构型,气动布局,降低,SE0322,翼展比,性能指标,相同，则在双翼构型下翼展比为1；若减小活动机翼翼展，从而使固定机翼的翼,D4_单-双折叠翼变体飞行器总体设计研究_郭廷宇,75,0.86,1,规则抽取+标准实体映射+重复三元组去重,已规范化,R0658
SR1072,SE0095,双翼构型,气动布局,降低,SE0329,起降翼展,专业概念,在双翼构型下的气动特性、变体过程中的气动特性以及气动力驱动变体的副翼特,D4_单-双折叠翼变体飞行器总体设计研究_郭廷宇,5,0.92,1,规则抽取+标准实体映射+重复三元组去重,高置信通过,R0042
SR1073,SE0048,变体包线,变形方式,降低,SE0124,副翼,结构部件,进行升力补偿也同样可以大幅扩展飞机的变体包线，或减小活动机翼副翼所需,D4_单-双折叠翼变体飞行器总体设计研究_郭廷宇,131,0.86,1,规则抽取+标准实体映射+重复三元组去重,已规范化,R0777
SR1074,SE0048,变体包线,变形方式,降低,SE0163,活动机翼,结构部件,进行升力补偿也同样可以大幅扩展飞机的变体包线，或减小活动机翼副翼所需,D4_单-双折叠翼变体飞行器总体设计研究_郭廷宇,131,0.86,1,规则抽取+标准实体映射+重复三元组去重,已规范化,R0776
SR1075,SE0049,变体技术,变形方式,降低,SE0321,翼展,专业概念,图 2.7 在不同重量代价下，应用变体技术减少了50%起降翼展后RQ-4A 的,D4_单-双折叠翼变体飞行器总体设计研究_郭廷宇,12,0.83,1,规则抽取+标准实体映射+重复三元组去重,已规范化,R0944
SR1076,SE0049,变体技术,变形方式,降低,SE0326,航程,性能指标,图 2.7 在不同重量代价下，应用变体技术减少了50%起降翼展后RQ-4A 的航程随起,D4_单-双折叠翼变体飞行器总体设计研究_郭廷宇,39,0.83,1,规则抽取+标准实体映射+重复三元组去重,已规范化,R0938
SR1077,SE0049,变体技术,变形方式,降低,SE0329,起降翼展,专业概念,图 2.7 在不同重量代价下，应用变体技术减少了50%起降翼展后RQ-4A 的,D4_单-双折叠翼变体飞行器总体设计研究_郭廷宇,12,0.83,1,规则抽取+标准实体映射+重复三元组去重,已规范化,R0943
SR1078,SE0051,变体过程,变形方式,降低,SE0254,升力,性能指标,从计算结果可以看出，在由单翼向双翼的折叠变体过程中，升力呈逐步下降趋,D4_单-双折叠翼变体飞行器总体设计研究_郭廷宇,82,0.83,1,规则抽取+标准实体映射+重复三元组去重,已规范化,R1141
SR1079,SE0051,变体过程,变形方式,降低,SE0471,原理验证机,专业概念,气动特性，并降低活动机翼在变体过程中的气动负载，但考虑到原理验证机主,D4_单-双折叠翼变体飞行器总体设计研究_郭廷宇,141,0.86,1,规则抽取+标准实体映射+重复三元组去重,已规范化,R0784
SR1080,SE0051,变体过程,变形方式,降低,SE0163,活动机翼,结构部件,对于变体过程中的飞行控制来说，翼尖负扭转也同样可以减小活动机翼的,D4_单-双折叠翼变体飞行器总体设计研究_郭廷宇,126,0.86,1,规则抽取+标准实体映射+重复三元组去重,已规范化,R0836
SR1081,SE0051,变体过程,变形方式,降低,SE0337,阻力,性能指标,规飞行器有所下降。除此之外，变体过程中飞机的阻力相较于一般飞行时也更,D4_单-双折叠翼变体飞行器总体设计研究_郭廷宇,123,0.83,1,规则抽取+标准实体映射+重复三元组去重,已规范化,R1209
SR1082,SE0059,变形方案,变形方式,降低,SE0378,超声速,任务场景,音锥变形方案为超声速民机低声爆被动抑制技,D6_变体飞行器变形方式及气动布局设计关键技术研究进展,9,0.86,1,规则抽取+标准实体映射+重复三元组去重,已规范化,R0926
SR1083,SE0016,变构飞行器,飞行器对象,降低,SE0107,气动布局设计,气动布局,时快速评估方法，为缩短变构飞行器气动布局设计,D1_空天变构飞行技术研究现状与未来发展研判_刘思佳,2,0.86,2,规则抽取+标准实体映射+重复三元组去重,已规范化,R0864；R0933
SR1084,SE0016,变构飞行器,飞行器对象,降低,SE0035,飞行器气动布局,飞行器对象,时快速评估方法，为缩短变构飞行器气动布局设计,D1_空天变构飞行技术研究现状与未来发展研判_刘思佳,2,0.86,2,规则抽取+标准实体映射+重复三元组去重,已规范化,R0862；R0932
SR1085,SE0129,固定机翼,结构部件,降低,SE0163,活动机翼,结构部件,时固定机翼和活动机翼的展长相同，起降翼展最小；从降低活动机翼负载的角,D4_单-双折叠翼变体飞行器总体设计研究_郭廷宇,128,0.86,1,规则抽取+标准实体映射+重复三元组去重,已规范化,R0772
SR1086,SE0129,固定机翼,结构部件,降低,SE0321,翼展,专业概念,时固定机翼和活动机翼的展长相同，起降翼展最小；从降低活动机翼负载的角,D4_单-双折叠翼变体飞行器总体设计研究_郭廷宇,128,0.83,1,规则抽取+标准实体映射+重复三元组去重,已规范化,R1226
SR1087,SE0129,固定机翼,结构部件,降低,SE0329,起降翼展,专业概念,时固定机翼和活动机翼的展长相同，起降翼展最小；从降低活动机翼负载的角,D4_单-双折叠翼变体飞行器总体设计研究_郭廷宇,128,0.86,1,规则抽取+标准实体映射+重复三元组去重,已规范化,R0774
SR1088,SE0019,大展弦比飞机,飞行器对象,降低,SE0046,单-双折叠翼,变形方式,现有的大展弦比飞机设计参数，这在很大程度上也降低了单-双折叠翼变体在,D4_单-双折叠翼变体飞行器总体设计研究_郭廷宇,127,0.86,1,规则抽取+标准实体映射+重复三元组去重,已规范化,R0771
SR1089,SE0019,大展弦比飞机,飞行器对象,降低,SE0266,展弦比,性能指标,现有的大展弦比飞机设计参数，这在很大程度上也降低了单-双折叠翼变体在,D4_单-双折叠翼变体飞行器总体设计研究_郭廷宇,127,0.83,1,规则抽取+标准实体映射+重复三元组去重,已规范化,R1223
SR1090,SE0065,头部变体,变形方式,降低,SE0265,局部热流,性能指标,发展分为简单机械变形、多维度柔性变形2 个阶段。其次，按照变体部位和变形方式详细介绍了头部变体、机翼变体、动,D6_变体飞行器变形方式及气动布局设计关键技术研究进展,1,0.92,1,规则抽取+标准实体映射+重复三元组去重,高置信通过,R0076
SR1091,SE0065,头部变体,变形方式,降低,SE0311,激波阻力,性能指标,发展分为简单机械变形、多维度柔性变形2 个阶段。其次，按照变体部位和变形方式详细介绍了头部变体、机翼变体、动,D6_变体飞行器变形方式及气动布局设计关键技术研究进展,1,0.92,1,规则抽取+标准实体映射+重复三元组去重,高置信通过,R0075
SR1092,SE0266,展弦比,性能指标,降低,SE0046,单-双折叠翼,变形方式,现有的大展弦比飞机设计参数，这在很大程度上也降低了单-双折叠翼变体在,D4_单-双折叠翼变体飞行器总体设计研究_郭廷宇,127,0.83,1,规则抽取+标准实体映射+重复三元组去重,已规范化,R1224
SR1093,SE0266,展弦比,性能指标,降低,SE0089,单翼构型,气动布局,图 8.16 原理验证机的双翼构型相较于大展弦比单翼构型大幅降低了翼尖擦,D4_单-双折叠翼变体飞行器总体设计研究_郭廷宇,16,0.83,1,规则抽取+标准实体映射+重复三元组去重,已规范化,R0964
SR1094,SE0266,展弦比,性能指标,降低,SE0137,大展弦比机翼,结构部件,机翼的展弦比是飞行器设计的最重要参数之一，大展弦比机翼可以降低诱导,D4_单-双折叠翼变体飞行器总体设计研究_郭廷宇,34,0.83,1,规则抽取+标准实体映射+重复三元组去重,已规范化,R1250
SR1095,SE0067,折叠翼,变形方式,降低,SE0321,翼展,专业概念,如图 1.19 所示。折叠翼尖技术不仅可以减少飞机的起飞/着陆翼展，在未来也有,D4_单-双折叠翼变体飞行器总体设计研究_郭廷宇,29,0.83,1,规则抽取+标准实体映射+重复三元组去重,已规范化,R0948
SR1096,SE0273,摩擦阻力,性能指标,降低,SE0266,展弦比,性能指标,技术的发展，高空飞行器的摩擦阻力有望进一步降低，其气动最优展弦比也将进,D4_单-双折叠翼变体飞行器总体设计研究_郭廷宇,37,0.83,1,规则抽取+标准实体映射+重复三元组去重,已规范化,R1034
SR1097,SE0273,摩擦阻力,性能指标,降低,SE0337,阻力,性能指标,技术的发展，高空飞行器的摩擦阻力有望进一步降低，其气动最优展弦比也将进,D4_单-双折叠翼变体飞行器总体设计研究_郭廷宇,37,0.83,1,规则抽取+标准实体映射+重复三元组去重,已规范化,R1032
SR1098,SE0278,攻角,性能指标,降低,SE0254,升力,性能指标,上机翼后会向下偏转，使下机翼的实际攻角降低，进而使下机翼的升力线斜率,D4_单-双折叠翼变体飞行器总体设计研究_郭廷宇,59,0.83,1,规则抽取+标准实体映射+重复三元组去重,已规范化,R1099
SR1099,SE0146,斜置机翼,结构部件,降低,SE0311,激波阻力,性能指标,［78］提出的斜置机翼方案能有效减小激波,D6_变体飞行器变形方式及气动布局设计关键技术研究进展,20,0.92,1,规则抽取+标准实体映射+重复三元组去重,高置信通过,R0021
SR1100,SE0281,最大升力系数,性能指标,降低,SE0115,上机翼,结构部件,以内时，机翼有较大的最大升力系数损失；当上机翼在下机翼前方一倍弦长左,D4_单-双折叠翼变体飞行器总体设计研究_郭廷宇,60,0.86,1,规则抽取+标准实体映射+重复三元组去重,已规范化,R0689
SR1101,SE0281,最大升力系数,性能指标,降低,SE0116,下机翼,结构部件,以内时，机翼有较大的最大升力系数损失；当上机翼在下机翼前方一倍弦长左,D4_单-双折叠翼变体飞行器总体设计研究_郭廷宇,60,0.86,1,规则抽取+标准实体映射+重复三元组去重,已规范化,R0690
SR1102,SE0281,最大升力系数,性能指标,降低,SE0254,升力,性能指标,以内时，机翼有较大的最大升力系数损失；当上机翼在下机翼前方一倍弦长左,D4_单-双折叠翼变体飞行器总体设计研究_郭廷宇,60,0.83,1,规则抽取+标准实体映射+重复三元组去重,已规范化,R1105
SR1103,SE0281,最大升力系数,性能指标,降低,SE0337,阻力,性能指标,型有小幅下降，最大升力系数下降0.03 左右；含连杆构型的零升阻力系数相较,D4_单-双折叠翼变体飞行器总体设计研究_郭廷宇,80,0.83,1,规则抽取+标准实体映射+重复三元组去重,已规范化,R0960
SR1104,SE0281,最大升力系数,性能指标,降低,SE0338,阻力系数,性能指标,型有小幅下降，最大升力系数下降0.03 左右；含连杆构型的零升阻力系数相较,D4_单-双折叠翼变体飞行器总体设计研究_郭廷宇,80,0.86,1,规则抽取+标准实体映射+重复三元组去重,已规范化,R0597
SR1105,SE0281,最大升力系数,性能指标,降低,SE0340,零升阻力,性能指标,型有小幅下降，最大升力系数下降0.03 左右；含连杆构型的零升阻力系数相较,D4_单-双折叠翼变体飞行器总体设计研究_郭廷宇,80,0.86,1,规则抽取+标准实体映射+重复三元组去重,已规范化,R0596
SR1106,SE0281,最大升力系数,性能指标,降低,SE0350,马赫数,性能指标,左右。这两点可能导致飞机最大升力系数和最大飞行马赫数有所下降，但由于,D4_单-双折叠翼变体飞行器总体设计研究_郭廷宇,135,0.83,1,规则抽取+标准实体映射+重复三元组去重,已规范化,R1234
SR1107,SE0291,气动力,性能指标,降低,SE0188,变体机构,机构/执行系统,动器，大幅减少了连杆等机构所传递的气动力矩，减轻了变体机构的负担。但,D4_单-双折叠翼变体飞行器总体设计研究_郭廷宇,105,0.83,1,规则抽取+标准实体映射+重复三元组去重,已规范化,R1177
SR1108,SE0292,气动力矩,性能指标,降低,SE0188,变体机构,机构/执行系统,动器，大幅减少了连杆等机构所传递的气动力矩，减轻了变体机构的负担。但,D4_单-双折叠翼变体飞行器总体设计研究_郭廷宇,105,0.86,1,规则抽取+标准实体映射+重复三元组去重,已规范化,R0736
SR1109,SE0292,气动力矩,性能指标,降低,SE0291,气动力,性能指标,动器，大幅减少了连杆等机构所传递的气动力矩，减轻了变体机构的负担。但,D4_单-双折叠翼变体飞行器总体设计研究_郭廷宇,105,0.83,1,规则抽取+标准实体映射+重复三元组去重,已规范化,R1176
SR1110,SE0195,气动力驱动变体,机构/执行系统,降低,SE0393,空间代价,设计问题,飞行器使用气动力驱动变体，在获得50%变展长能力的同时，极大降低了变体所,D4_单-双折叠翼变体飞行器总体设计研究_郭廷宇,5,0.92,1,规则抽取+标准实体映射+重复三元组去重,高置信通过,R0044
SR1111,SE0195,气动力驱动变体,机构/执行系统,降低,SE0334,重量代价,性能指标,飞行器使用气动力驱动变体，在获得50%变展长能力的同时，极大降低了变体所,D4_单-双折叠翼变体飞行器总体设计研究_郭廷宇,5,0.92,1,规则抽取+标准实体映射+重复三元组去重,高置信通过,R0043
SR1112,SE0295,气动外形,性能指标,降低,SE0337,阻力,性能指标,方面，可以对副翼的气动外形做专门的优化，减少副翼偏转时产生的阻力。综,D4_单-双折叠翼变体飞行器总体设计研究_郭廷宇,117,0.83,1,规则抽取+标准实体映射+重复三元组去重,已规范化,R1188
SR1113,SE0299,气动性能,性能指标,降低,SE0471,原理验证机,专业概念,气动特性，并降低活动机翼在变体过程中的气动负载，但考虑到原理验证机主,D4_单-双折叠翼变体飞行器总体设计研究_郭廷宇,141,0.83,1,规则抽取+标准实体映射+重复三元组去重,已规范化,R1244
SR1114,SE0299,气动性能,性能指标,降低,SE0051,变体过程,变形方式,气动特性，并降低活动机翼在变体过程中的气动负载，但考虑到原理验证机主,D4_单-双折叠翼变体飞行器总体设计研究_郭廷宇,141,0.83,1,规则抽取+标准实体映射+重复三元组去重,已规范化,R1243
SR1115,SE0299,气动性能,性能指标,降低,SE0163,活动机翼,结构部件,气动特性，并降低活动机翼在变体过程中的气动负载，但考虑到原理验证机主,D4_单-双折叠翼变体飞行器总体设计研究_郭廷宇,141,0.83,1,规则抽取+标准实体映射+重复三元组去重,已规范化,R1242
SR1116,SE0163,活动机翼,结构部件,降低,SE0124,副翼,结构部件,补偿，从而减少活动机翼的副翼偏转角度；同时在飞行控制算法中尽量避免活,D4_单-双折叠翼变体飞行器总体设计研究_郭廷宇,117,0.86,1,规则抽取+标准实体映射+重复三元组去重,已规范化,R0744
SR1117,SE0163,活动机翼,结构部件,降低,SE0254,升力,性能指标,活动机翼的升力降低至与其自身重力相当，此后使活动机翼解除与固定机翼的锁,D4_单-双折叠翼变体飞行器总体设计研究_郭廷宇,43,0.83,1,规则抽取+标准实体映射+重复三元组去重,已规范化,R1044
SR1118,SE0163,活动机翼,结构部件,降低,SE0471,原理验证机,专业概念,气动特性，并降低活动机翼在变体过程中的气动负载，但考虑到原理验证机主,D4_单-双折叠翼变体飞行器总体设计研究_郭廷宇,141,0.86,1,规则抽取+标准实体映射+重复三元组去重,已规范化,R0785
SR1119,SE0163,活动机翼,结构部件,降低,SE0188,变体机构,机构/执行系统,活动机翼的气动负载，进而降低变体机构的负载，减小变体机构的重量成本和空,D4_单-双折叠翼变体飞行器总体设计研究_郭廷宇,125,0.86,1,规则抽取+标准实体映射+重复三元组去重,已规范化,R0671
SR1120,SE0163,活动机翼,结构部件,降低,SE0051,变体过程,变形方式,气动特性，并降低活动机翼在变体过程中的气动负载，但考虑到原理验证机主,D4_单-双折叠翼变体飞行器总体设计研究_郭廷宇,141,0.86,1,规则抽取+标准实体映射+重复三元组去重,已规范化,R0783
SR1121,SE0163,活动机翼,结构部件,降低,SE0129,固定机翼,结构部件,活动机翼的升力降低至与其自身重力相当，此后使活动机翼解除与固定机翼的锁,D4_单-双折叠翼变体飞行器总体设计研究_郭廷宇,43,0.86,1,规则抽取+标准实体映射+重复三元组去重,已规范化,R0639
SR1122,SE0163,活动机翼,结构部件,降低,SE0291,气动力,性能指标,平衡力矩均主要来自于活动机翼产生的各项气动力。为此，在设计中应尽量降低,D4_单-双折叠翼变体飞行器总体设计研究_郭廷宇,125,0.83,1,规则抽取+标准实体映射+重复三元组去重,已规范化,R1072
SR1123,SE0163,活动机翼,结构部件,降低,SE0321,翼展,专业概念,时固定机翼和活动机翼的展长相同，起降翼展最小；从降低活动机翼负载的角,D4_单-双折叠翼变体飞行器总体设计研究_郭廷宇,128,0.83,1,规则抽取+标准实体映射+重复三元组去重,已规范化,R1225
SR1124,SE0163,活动机翼,结构部件,降低,SE0329,起降翼展,专业概念,时固定机翼和活动机翼的展长相同，起降翼展最小；从降低活动机翼负载的角,D4_单-双折叠翼变体飞行器总体设计研究_郭廷宇,128,0.86,1,规则抽取+标准实体映射+重复三元组去重,已规范化,R0773
SR1125,SE0163,活动机翼,结构部件,降低,SE0337,阻力,性能指标,相互抵消，连接结构只需传递活动机翼的阻力和阻力引起的扭矩，可有效降低对,D4_单-双折叠翼变体飞行器总体设计研究_郭廷宇,48,0.83,1,规则抽取+标准实体映射+重复三元组去重,已规范化,R1050
SR1126,SE0163,活动机翼,结构部件,降低,SE0238,飞行控制,控制方法,补偿，从而减少活动机翼的副翼偏转角度；同时在飞行控制算法中尽量避免活,D4_单-双折叠翼变体飞行器总体设计研究_郭廷宇,117,0.83,1,规则抽取+标准实体映射+重复三元组去重,已规范化,R1185
SR1127,SE0311,激波阻力,性能指标,降低,SE0265,局部热流,性能指标,部形状对于降低激波阻力、减小头部局部热流、,D6_变体飞行器变形方式及气动布局设计关键技术研究进展,6,0.86,1,规则抽取+标准实体映射+重复三元组去重,已规范化,R0900
SR1128,SE0393,空间代价,设计问题,降低,SE0049,变体技术,变形方式,图 2.8 在不同空间代价下，应用变体技术减少了50%起降翼展后RQ-4A 的,D4_单-双折叠翼变体飞行器总体设计研究_郭廷宇,12,0.83,1,规则抽取+标准实体映射+重复三元组去重,已规范化,R0946
SR1129,SE0393,空间代价,设计问题,降低,SE0321,翼展,专业概念,图 2.8 在不同空间代价下，应用变体技术减少了50%起降翼展后RQ-4A 的,D4_单-双折叠翼变体飞行器总体设计研究_郭廷宇,12,0.83,1,规则抽取+标准实体映射+重复三元组去重,已规范化,R0947
SR1130,SE0393,空间代价,设计问题,降低,SE0326,航程,性能指标,图 2.8 在不同空间代价下，应用变体技术减少了50%起降翼展后RQ-4A 的航程随起降,D4_单-双折叠翼变体飞行器总体设计研究_郭廷宇,40,0.83,1,规则抽取+标准实体映射+重复三元组去重,已规范化,R0935
SR1131,SE0393,空间代价,设计问题,降低,SE0329,起降翼展,专业概念,图 2.8 在不同空间代价下，应用变体技术减少了50%起降翼展后RQ-4A 的,D4_单-双折叠翼变体飞行器总体设计研究_郭廷宇,12,0.86,1,规则抽取+标准实体映射+重复三元组去重,已规范化,R0587
SR1132,SE0321,翼展,专业概念,降低,SE0086,上下机翼,气动布局,在双翼构型下，飞机的翼展相较于单翼构型减少了接近50%，除因上下机翼,D4_单-双折叠翼变体飞行器总体设计研究_郭廷宇,43,0.83,1,规则抽取+标准实体映射+重复三元组去重,已规范化,R1084
SR1133,SE0321,翼展,专业概念,降低,SE0089,单翼构型,气动布局,在双翼构型下，飞机的翼展相较于单翼构型减少了接近50%，除因上下机翼,D4_单-双折叠翼变体飞行器总体设计研究_郭廷宇,43,0.83,1,规则抽取+标准实体映射+重复三元组去重,已规范化,R1082
SR1134,SE0321,翼展,专业概念,降低,SE0051,变体过程,变形方式,力降低，升力中心向外移动至50%机翼展长左右位置。为了在变体过程中尽,D4_单-双折叠翼变体飞行器总体设计研究_郭廷宇,85,0.83,1,规则抽取+标准实体映射+重复三元组去重,已规范化,R1144
SR1135,SE0321,翼展,专业概念,降低,SE0163,活动机翼,结构部件,相同，则在双翼构型下翼展比为1；若减小活动机翼翼展，从而使固定机翼的翼,D4_单-双折叠翼变体飞行器总体设计研究_郭廷宇,75,0.83,1,规则抽取+标准实体映射+重复三元组去重,已规范化,R1061
SR1136,SE0321,翼展,专业概念,降低,SE0326,航程,性能指标,图 2.7 在不同重量代价下，应用变体技术减少了50%起降翼展后RQ-4A 的航程随起,D4_单-双折叠翼变体飞行器总体设计研究_郭廷宇,39,0.83,1,规则抽取+标准实体映射+重复三元组去重,已规范化,R0936
SR1137,SE0322,翼展比,性能指标,降低,SE0163,活动机翼,结构部件,相同，则在双翼构型下翼展比为1；若减小活动机翼翼展，从而使固定机翼的翼,D4_单-双折叠翼变体飞行器总体设计研究_郭廷宇,75,0.86,1,规则抽取+标准实体映射+重复三元组去重,已规范化,R0659
SR1138,SE0322,翼展比,性能指标,降低,SE0321,翼展,专业概念,相同，则在双翼构型下翼展比为1；若减小活动机翼翼展，从而使固定机翼的翼,D4_单-双折叠翼变体飞行器总体设计研究_郭廷宇,75,0.83,1,规则抽取+标准实体映射+重复三元组去重,已规范化,R1059
SR1139,SE0228,自适应后缘,控制方法,降低,SE0346,飞行油耗,性能指标,项目，通过采用自适应后缘(Adaptive Trailing,D6_变体飞行器变形方式及气动布局设计关键技术研究进展,4,0.92,1,规则抽取+标准实体映射+重复三元组去重,高置信通过,R0023
SR1140,SE0327,诱导阻力,性能指标,降低,SE0086,上下机翼,气动布局,因子，减少诱导阻力帮助不大。当上下机翼间距为1 倍平均弦长时，奥斯瓦尔,D4_单-双折叠翼变体飞行器总体设计研究_郭廷宇,78,0.86,1,规则抽取+标准实体映射+重复三元组去重,已规范化,R0663
SR1141,SE0329,起降翼展,专业概念,降低,SE0321,翼展,专业概念,图 2.7 在不同重量代价下，应用变体技术减少了50%起降翼展后RQ-4A 的,D4_单-双折叠翼变体飞行器总体设计研究_郭廷宇,12,0.83,1,规则抽取+标准实体映射+重复三元组去重,已规范化,R0941
SR1142,SE0329,起降翼展,专业概念,降低,SE0326,航程,性能指标,图 2.7 在不同重量代价下，应用变体技术减少了50%起降翼展后RQ-4A 的航程随起,D4_单-双折叠翼变体飞行器总体设计研究_郭廷宇,39,0.83,1,规则抽取+标准实体映射+重复三元组去重,已规范化,R0937
SR1143,SE0334,重量代价,性能指标,降低,SE0049,变体技术,变形方式,图 2.7 在不同重量代价下，应用变体技术减少了50%起降翼展后RQ-4A 的,D4_单-双折叠翼变体飞行器总体设计研究_郭廷宇,12,0.83,1,规则抽取+标准实体映射+重复三元组去重,已规范化,R0942
SR1144,SE0334,重量代价,性能指标,降低,SE0321,翼展,专业概念,图 2.7 在不同重量代价下，应用变体技术减少了50%起降翼展后RQ-4A 的,D4_单-双折叠翼变体飞行器总体设计研究_郭廷宇,12,0.83,1,规则抽取+标准实体映射+重复三元组去重,已规范化,R0945
SR1145,SE0334,重量代价,性能指标,降低,SE0326,航程,性能指标,图 2.7 在不同重量代价下，应用变体技术减少了50%起降翼展后RQ-4A 的航程随起,D4_单-双折叠翼变体飞行器总体设计研究_郭廷宇,39,0.83,1,规则抽取+标准实体映射+重复三元组去重,已规范化,R0939
SR1146,SE0334,重量代价,性能指标,降低,SE0329,起降翼展,专业概念,图 2.7 在不同重量代价下，应用变体技术减少了50%起降翼展后RQ-4A 的,D4_单-双折叠翼变体飞行器总体设计研究_郭廷宇,12,0.86,1,规则抽取+标准实体映射+重复三元组去重,已规范化,R0586
SR1147,SE0337,阻力,性能指标,降低,SE0086,上下机翼,气动布局,因子，减少诱导阻力帮助不大。当上下机翼间距为1 倍平均弦长时，奥斯瓦尔,D4_单-双折叠翼变体飞行器总体设计研究_郭廷宇,78,0.83,1,规则抽取+标准实体映射+重复三元组去重,已规范化,R1066
SR1148,SE0337,阻力,性能指标,降低,SE0256,升阻比,性能指标,系数降低，但降低趋势逐步放缓，而飞机的零升阻力系数基本不变，飞机升阻比,D4_单-双折叠翼变体飞行器总体设计研究_郭廷宇,37,0.83,1,规则抽取+标准实体映射+重复三元组去重,已规范化,R1038
SR1149,SE0337,阻力,性能指标,降低,SE0266,展弦比,性能指标,技术的发展，高空飞行器的摩擦阻力有望进一步降低，其气动最优展弦比也将进,D4_单-双折叠翼变体飞行器总体设计研究_郭廷宇,37,0.83,1,规则抽取+标准实体映射+重复三元组去重,已规范化,R1033
SR1150,SE0337,阻力,性能指标,降低,SE0304,气动设计,性能指标,动机翼副翼的大幅差动，减小因副翼差动带来的不平衡阻力。3)在气动设计,D4_单-双折叠翼变体飞行器总体设计研究_郭廷宇,117,0.83,1,规则抽取+标准实体映射+重复三元组去重,已规范化,R1186
SR1151,SE0338,阻力系数,性能指标,降低,SE0256,升阻比,性能指标,系数降低，但降低趋势逐步放缓，而飞机的零升阻力系数基本不变，飞机升阻比,D4_单-双折叠翼变体飞行器总体设计研究_郭廷宇,37,0.83,1,规则抽取+标准实体映射+重复三元组去重,已规范化,R1037
SR1152,SE0340,零升阻力,性能指标,降低,SE0256,升阻比,性能指标,系数降低，但降低趋势逐步放缓，而飞机的零升阻力系数基本不变，飞机升阻比,D4_单-双折叠翼变体飞行器总体设计研究_郭廷宇,37,0.83,1,规则抽取+标准实体映射+重复三元组去重,已规范化,R1039
SR1153,SE0340,零升阻力,性能指标,降低,SE0337,阻力,性能指标,系数降低，但降低趋势逐步放缓，而飞机的零升阻力系数基本不变，飞机升阻比,D4_单-双折叠翼变体飞行器总体设计研究_郭廷宇,37,0.83,1,规则抽取+标准实体映射+重复三元组去重,已规范化,R1036
SR1154,SE0340,零升阻力,性能指标,降低,SE0338,阻力系数,性能指标,系数降低，但降低趋势逐步放缓，而飞机的零升阻力系数基本不变，飞机升阻比,D4_单-双折叠翼变体飞行器总体设计研究_郭廷宇,37,0.86,1,规则抽取+标准实体映射+重复三元组去重,已规范化,R0634
SR1155,SE0342,颤振,性能指标,降低,SE0336,阵风响应,性能指标,飞机重量、减小阻力、抑制颤振、减缓阵风、机动,D6_变体飞行器变形方式及气动布局设计关键技术研究进展,3,0.86,1,规则抽取+标准实体映射+重复三元组去重,已规范化,R0882
SR1156,SE0035,飞行器气动布局,飞行器对象,降低,SE0107,气动布局设计,气动布局,时快速评估方法，为缩短变构飞行器气动布局设计,D1_空天变构飞行技术研究现状与未来发展研判_刘思佳,2,0.86,1,规则抽取+标准实体映射+重复三元组去重,已规范化,R0863
SR1157,SE0114,SMA,结构部件,驱动,SE0200,驱动机构,机构/执行系统,合金(Shape Memory Alloys， SMA)的驱动机构,D6_变体飞行器变形方式及气动布局设计关键技术研究进展,3,0.86,1,规则抽取+标准实体映射+重复三元组去重,已规范化,R0816
SR1158,SE0040,Z型折叠翼,变形方式,驱动,SE0183,作动器,机构/执行系统,益。但现有的伸缩翼，Z 型折叠翼等变体形式，需要强力的作动器来驱动变体，,D4_单-双折叠翼变体飞行器总体设计研究_郭廷宇,40,0.83,1,规则抽取+标准实体映射+重复三元组去重,已规范化,R0974
SR1159,SE0041,伸缩翼,变形方式,驱动,SE0040,Z型折叠翼,变形方式,益。但现有的伸缩翼，Z 型折叠翼等变体形式，需要强力的作动器来驱动变体，,D4_单-双折叠翼变体飞行器总体设计研究_郭廷宇,40,0.86,1,规则抽取+标准实体映射+重复三元组去重,已规范化,R0610
SR1160,SE0041,伸缩翼,变形方式,驱动,SE0183,作动器,机构/执行系统,益。但现有的伸缩翼，Z 型折叠翼等变体形式，需要强力的作动器来驱动变体，,D4_单-双折叠翼变体飞行器总体设计研究_郭廷宇,40,0.83,1,规则抽取+标准实体映射+重复三元组去重,已规范化,R0975
SR1161,SE0183,作动器,机构/执行系统,驱动,SE0195,气动力驱动变体,机构/执行系统,速度，这意味着飞机的重量越大，安装作动器越加困难，气动驱动变体的优势,D4_单-双折叠翼变体飞行器总体设计研究_郭廷宇,50,0.83,1,规则抽取+标准实体映射+重复三元组去重,已规范化,R1091
SR1162,SE0124,副翼,结构部件,驱动,SE0183,作动器,机构/执行系统,变体飞行器为例，驱动其副翼偏转20 度，作动器所需要的克服的铰链力矩约,D4_单-双折叠翼变体飞行器总体设计研究_郭廷宇,49,0.83,1,规则抽取+标准实体映射+重复三元组去重,已规范化,R1051
SR1163,SE0124,副翼,结构部件,驱动,SE0184,作动器直接驱动,机构/执行系统,变体方案；气动力驱动变体所需的副翼铰链力矩相较于作动器直接驱动变体的作,D4_单-双折叠翼变体飞行器总体设计研究_郭廷宇,51,0.86,1,规则抽取+标准实体映射+重复三元组去重,已规范化,R0646
SR1164,SE0124,副翼,结构部件,驱动,SE0291,气动力,性能指标,需副翼铰链力矩的300 多倍，这充分体现了气动力驱动变体的优势。除了不需,D4_单-双折叠翼变体飞行器总体设计研究_郭廷宇,49,0.83,1,规则抽取+标准实体映射+重复三元组去重,已规范化,R0976
SR1165,SE0124,副翼,结构部件,驱动,SE0195,气动力驱动变体,机构/执行系统,需副翼铰链力矩的300 多倍，这充分体现了气动力驱动变体的优势。除了不需,D4_单-双折叠翼变体飞行器总体设计研究_郭廷宇,49,0.86,1,规则抽取+标准实体映射+重复三元组去重,已规范化,R0614
SR1166,SE0046,单-双折叠翼,变形方式,驱动,SE0051,变体过程,变形方式,图 3.3 气动力驱动的单-双折叠翼变体过程,D4_单-双折叠翼变体飞行器总体设计研究_郭廷宇,44,0.86,1,规则抽取+标准实体映射+重复三元组去重,已规范化,R0877
SR1167,SE0046,单-双折叠翼,变形方式,驱动,SE0055,变展长技术,变形方式,翼变体和气动力驱动变体相较于已有变体方式的优势，单-双折叠翼变体在变展长,D4_单-双折叠翼变体飞行器总体设计研究_郭廷宇,50,0.86,1,规则抽取+标准实体映射+重复三元组去重,已规范化,R0615
SR1168,SE0012,单-双折叠翼变体飞行器,飞行器对象,驱动,SE0291,气动力,性能指标,本章首先介绍了单-双折叠翼变体飞行器的概念和气动力驱动变体的概念，讨,D4_单-双折叠翼变体飞行器总体设计研究_郭廷宇,50,0.83,1,规则抽取+标准实体映射+重复三元组去重,已规范化,R1092
SR1169,SE0012,单-双折叠翼变体飞行器,飞行器对象,驱动,SE0195,气动力驱动变体,机构/执行系统,本章首先介绍了单-双折叠翼变体飞行器的概念和气动力驱动变体的概念，讨,D4_单-双折叠翼变体飞行器总体设计研究_郭廷宇,50,0.86,1,规则抽取+标准实体映射+重复三元组去重,已规范化,R0683
SR1170,SE0088,单翼,气动布局,驱动,SE0093,双翼,气动布局,了两个活动机翼的固定。当机翼准备从单翼模式变为双翼模式时，电推杆驱动,D4_单-双折叠翼变体飞行器总体设计研究_郭廷宇,143,0.86,1,规则抽取+标准实体映射+重复三元组去重,已规范化,R0792
SR1171,SE0088,单翼,气动布局,驱动,SE0129,固定机翼,结构部件,翼从双翼变为单翼时，固定机翼和活动机翼的端面对齐，电推杆驱动锥形滑块,D4_单-双折叠翼变体飞行器总体设计研究_郭廷宇,143,0.86,1,规则抽取+标准实体映射+重复三元组去重,已规范化,R0787
SR1172,SE0088,单翼,气动布局,驱动,SE0163,活动机翼,结构部件,翼从双翼变为单翼时，固定机翼和活动机翼的端面对齐，电推杆驱动锥形滑块,D4_单-双折叠翼变体飞行器总体设计研究_郭廷宇,143,0.86,1,规则抽取+标准实体映射+重复三元组去重,已规范化,R0790
SR1173,SE0093,双翼,气动布局,驱动,SE0088,单翼,气动布局,翼从双翼变为单翼时，固定机翼和活动机翼的端面对齐，电推杆驱动锥形滑块,D4_单-双折叠翼变体飞行器总体设计研究_郭廷宇,143,0.86,1,规则抽取+标准实体映射+重复三元组去重,已规范化,R0786
SR1174,SE0093,双翼,气动布局,驱动,SE0129,固定机翼,结构部件,翼从双翼变为单翼时，固定机翼和活动机翼的端面对齐，电推杆驱动锥形滑块,D4_单-双折叠翼变体飞行器总体设计研究_郭廷宇,143,0.86,1,规则抽取+标准实体映射+重复三元组去重,已规范化,R0789
SR1175,SE0093,双翼,气动布局,驱动,SE0163,活动机翼,结构部件,翼从双翼变为单翼时，固定机翼和活动机翼的端面对齐，电推杆驱动锥形滑块,D4_单-双折叠翼变体飞行器总体设计研究_郭廷宇,143,0.86,1,规则抽取+标准实体映射+重复三元组去重,已规范化,R0791
SR1176,SE0095,双翼构型,气动布局,驱动,SE0051,变体过程,变形方式,在双翼构型下的气动特性、变体过程中的气动特性以及气动力驱动变体的副翼特,D4_单-双折叠翼变体飞行器总体设计研究_郭廷宇,5,0.86,1,规则抽取+标准实体映射+重复三元组去重,已规范化,R0625
SR1177,SE0095,双翼构型,气动布局,驱动,SE0299,气动性能,性能指标,在双翼构型下的气动特性、变体过程中的气动特性以及气动力驱动变体的副翼特,D4_单-双折叠翼变体飞行器总体设计研究_郭廷宇,5,0.83,1,规则抽取+标准实体映射+重复三元组去重,已规范化,R0995
SR1178,SE0050,变体方案,变形方式,驱动,SE0184,作动器直接驱动,机构/执行系统,变体方案；气动力驱动变体所需的副翼铰链力矩相较于作动器直接驱动变体的作,D4_单-双折叠翼变体飞行器总体设计研究_郭廷宇,51,0.86,1,规则抽取+标准实体映射+重复三元组去重,已规范化,R0648
SR1179,SE0050,变体方案,变形方式,驱动,SE0124,副翼,结构部件,变体方案；气动力驱动变体所需的副翼铰链力矩相较于作动器直接驱动变体的作,D4_单-双折叠翼变体飞行器总体设计研究_郭廷宇,51,0.86,1,规则抽取+标准实体映射+重复三元组去重,已规范化,R0647
SR1180,SE0050,变体方案,变形方式,驱动,SE0291,气动力,性能指标,变体方案；气动力驱动变体所需的副翼铰链力矩相较于作动器直接驱动变体的作,D4_单-双折叠翼变体飞行器总体设计研究_郭廷宇,51,0.83,1,规则抽取+标准实体映射+重复三元组去重,已规范化,R1053
SR1181,SE0050,变体方案,变形方式,驱动,SE0195,气动力驱动变体,机构/执行系统,变体方案；气动力驱动变体所需的副翼铰链力矩相较于作动器直接驱动变体的作,D4_单-双折叠翼变体飞行器总体设计研究_郭廷宇,51,0.86,1,规则抽取+标准实体映射+重复三元组去重,已规范化,R0645
SR1182,SE0188,变体机构,机构/执行系统,驱动,SE0183,作动器,机构/执行系统,力和力矩驱动变体机构，但是这种驱动方式对作动器的要求较大，尤其是对于,D4_单-双折叠翼变体飞行器总体设计研究_郭廷宇,48,0.83,1,规则抽取+标准实体映射+重复三元组去重,已规范化,R1087
SR1183,SE0051,变体过程,变形方式,驱动,SE0124,副翼,结构部件,了新的挑战。同时，作为气动力驱动变体的飞行器，变体过程中副翼等舵面偏转,D4_单-双折叠翼变体飞行器总体设计研究_郭廷宇,52,0.86,1,规则抽取+标准实体映射+重复三元组去重,已规范化,R0649
SR1184,SE0051,变体过程,变形方式,驱动,SE0291,气动力,性能指标,在双翼构型下的气动特性、变体过程中的气动特性以及气动力驱动变体的副翼特,D4_单-双折叠翼变体飞行器总体设计研究_郭廷宇,5,0.83,1,规则抽取+标准实体映射+重复三元组去重,已规范化,R0997
SR1185,SE0051,变体过程,变形方式,驱动,SE0195,气动力驱动变体,机构/执行系统,在双翼构型下的气动特性、变体过程中的气动特性以及气动力驱动变体的副翼特,D4_单-双折叠翼变体飞行器总体设计研究_郭廷宇,5,0.86,1,规则抽取+标准实体映射+重复三元组去重,已规范化,R0626
SR1186,SE0055,变展长技术,变形方式,驱动,SE0040,Z型折叠翼,变形方式,以新型机械结构为主导的变展长变体飞行器，如Z 字型折叠翼，机械结构驱动的,D4_单-双折叠翼变体飞行器总体设计研究_郭廷宇,30,0.86,1,规则抽取+标准实体映射+重复三元组去重,已规范化,R0605
SR1187,SE0055,变展长技术,变形方式,驱动,SE0016,变构飞行器,飞行器对象,以新型机械结构为主导的变展长变体飞行器，如Z 字型折叠翼，机械结构驱动的,D4_单-双折叠翼变体飞行器总体设计研究_郭廷宇,30,0.86,1,规则抽取+标准实体映射+重复三元组去重,已规范化,R0603
SR1188,SE0061,变构方式,变形方式,驱动,SE0390,技术成熟度,设计问题,是以机械结构驱动的变构方式技术成熟度最高，而,D1_空天变构飞行技术研究现状与未来发展研判_刘思佳,3,0.86,1,规则抽取+标准实体映射+重复三元组去重,已规范化,R0869
SR1189,SE0016,变构飞行器,飞行器对象,驱动,SE0040,Z型折叠翼,变形方式,以新型机械结构为主导的变展长变体飞行器，如Z 字型折叠翼，机械结构驱动的,D4_单-双折叠翼变体飞行器总体设计研究_郭廷宇,30,0.86,1,规则抽取+标准实体映射+重复三元组去重,已规范化,R0604
SR1190,SE0016,变构飞行器,飞行器对象,驱动,SE0183,作动器,机构/执行系统,变体飞行器为例，驱动其副翼偏转20 度，作动器所需要的克服的铰链力矩约,D4_单-双折叠翼变体飞行器总体设计研究_郭廷宇,49,0.83,1,规则抽取+标准实体映射+重复三元组去重,已规范化,R1052
SR1191,SE0016,变构飞行器,飞行器对象,驱动,SE0124,副翼,结构部件,变体飞行器为例，驱动其副翼偏转20 度，作动器所需要的克服的铰链力矩约,D4_单-双折叠翼变体飞行器总体设计研究_郭廷宇,49,0.86,1,规则抽取+标准实体映射+重复三元组去重,已规范化,R0644
SR1192,SE0016,变构飞行器,飞行器对象,驱动,SE0193,智能材料驱动,机构/执行系统,"杨森, 刘峰, 聂瑞,等. 变体飞行器智能材料驱动器和柔性蒙皮研",D1_空天变构飞行技术研究现状与未来发展研判_刘思佳,5,0.86,1,规则抽取+标准实体映射+重复三元组去重,已规范化,R0819
SR1193,SE0016,变构飞行器,飞行器对象,驱动,SE0158,柔性蒙皮,结构部件,"杨森, 刘峰, 聂瑞,等. 变体飞行器智能材料驱动器和柔性蒙皮研",D1_空天变构飞行技术研究现状与未来发展研判_刘思佳,5,0.86,1,规则抽取+标准实体映射+重复三元组去重,已规范化,R0820
SR1194,SE0129,固定机翼,结构部件,驱动,SE0163,活动机翼,结构部件,翼从双翼变为单翼时，固定机翼和活动机翼的端面对齐，电推杆驱动锥形滑块,D4_单-双折叠翼变体飞行器总体设计研究_郭廷宇,143,0.86,1,规则抽取+标准实体映射+重复三元组去重,已规范化,R0788
SR1195,SE0144,形状记忆合金,结构部件,驱动,SE0114,SMA,结构部件,合金(Shape Memory Alloys， SMA)的驱动机构,D6_变体飞行器变形方式及气动布局设计关键技术研究进展,3,0.86,1,规则抽取+标准实体映射+重复三元组去重,已规范化,R0817
SR1196,SE0144,形状记忆合金,结构部件,驱动,SE0200,驱动机构,机构/执行系统,合金(Shape Memory Alloys， SMA)的驱动机构,D6_变体飞行器变形方式及气动布局设计关键技术研究进展,3,0.86,1,规则抽取+标准实体映射+重复三元组去重,已规范化,R0818
SR1197,SE0147,新型机械结构,结构部件,驱动,SE0040,Z型折叠翼,变形方式,以新型机械结构为主导的变展长变体飞行器，如Z 字型折叠翼，机械结构驱动的,D4_单-双折叠翼变体飞行器总体设计研究_郭廷宇,30,0.86,1,规则抽取+标准实体映射+重复三元组去重,已规范化,R0608
SR1198,SE0147,新型机械结构,结构部件,驱动,SE0055,变展长技术,变形方式,以新型机械结构为主导的变展长变体飞行器，如Z 字型折叠翼，机械结构驱动的,D4_单-双折叠翼变体飞行器总体设计研究_郭廷宇,30,0.86,1,规则抽取+标准实体映射+重复三元组去重,已规范化,R0606
SR1199,SE0147,新型机械结构,结构部件,驱动,SE0016,变构飞行器,飞行器对象,以新型机械结构为主导的变展长变体飞行器，如Z 字型折叠翼，机械结构驱动的,D4_单-双折叠翼变体飞行器总体设计研究_郭廷宇,30,0.86,1,规则抽取+标准实体映射+重复三元组去重,已规范化,R0607
SR1200,SE0193,智能材料驱动,机构/执行系统,驱动,SE0016,变构飞行器,飞行器对象,智能材料驱动器和柔性蒙皮作为变构飞行器设,D1_空天变构飞行技术研究现状与未来发展研判_刘思佳,3,0.86,1,规则抽取+标准实体映射+重复三元组去重,已规范化,R0919
SR1201,SE0193,智能材料驱动,机构/执行系统,驱动,SE0158,柔性蒙皮,结构部件,智能材料驱动器和柔性蒙皮作为变构飞行器设,D1_空天变构飞行技术研究现状与未来发展研判_刘思佳,3,0.86,1,规则抽取+标准实体映射+重复三元组去重,已规范化,R0918
SR1202,SE0151,机械结构,结构部件,驱动,SE0061,变构方式,变形方式,是以机械结构驱动的变构方式技术成熟度最高，而,D1_空天变构飞行技术研究现状与未来发展研判_刘思佳,3,0.86,1,规则抽取+标准实体映射+重复三元组去重,已规范化,R0870
SR1203,SE0151,机械结构,结构部件,驱动,SE0390,技术成熟度,设计问题,是以机械结构驱动的变构方式技术成熟度最高，而,D1_空天变构飞行技术研究现状与未来发展研判_刘思佳,3,0.86,1,规则抽取+标准实体映射+重复三元组去重,已规范化,R0871
SR1204,SE0073,机翼扭转,变形方式,驱动,SE0446,NASA,项目/机构,对机翼扭转变形的驱动。在此期间，NASA联合,D1_空天变构飞行技术研究现状与未来发展研判_刘思佳,2,0.86,1,规则抽取+标准实体映射+重复三元组去重,已规范化,R0868
SR1205,SE0158,柔性蒙皮,结构部件,驱动,SE0016,变构飞行器,飞行器对象,智能材料驱动器和柔性蒙皮作为变构飞行器设,D1_空天变构飞行技术研究现状与未来发展研判_刘思佳,3,0.86,1,规则抽取+标准实体映射+重复三元组去重,已规范化,R0917
SR1206,SE0291,气动力,性能指标,驱动,SE0184,作动器直接驱动,机构/执行系统,图 3.8 四种不同飞机上应用气动力驱动变体和作动器直接驱动变体所需的力,D4_单-双折叠翼变体飞行器总体设计研究_郭廷宇,12,0.83,1,规则抽取+标准实体映射+重复三元组去重,已规范化,R0963
SR1207,SE0291,气动力,性能指标,驱动,SE0124,副翼,结构部件,在双翼构型下的气动特性、变体过程中的气动特性以及气动力驱动变体的副翼特,D4_单-双折叠翼变体飞行器总体设计研究_郭廷宇,5,0.83,1,规则抽取+标准实体映射+重复三元组去重,已规范化,R0996
SR1208,SE0291,气动力,性能指标,驱动,SE0055,变展长技术,变形方式,翼变体和气动力驱动变体相较于已有变体方式的优势，单-双折叠翼变体在变展长,D4_单-双折叠翼变体飞行器总体设计研究_郭廷宇,50,0.83,1,规则抽取+标准实体映射+重复三元组去重,已规范化,R0977
SR1209,SE0195,气动力驱动变体,机构/执行系统,驱动,SE0184,作动器直接驱动,机构/执行系统,图 3.8 四种不同飞机上应用气动力驱动变体和作动器直接驱动变体所需的力,D4_单-双折叠翼变体飞行器总体设计研究_郭廷宇,12,0.86,1,规则抽取+标准实体映射+重复三元组去重,已规范化,R0599
SR1210,SE0195,气动力驱动变体,机构/执行系统,驱动,SE0124,副翼,结构部件,在双翼构型下的气动特性、变体过程中的气动特性以及气动力驱动变体的副翼特,D4_单-双折叠翼变体飞行器总体设计研究_郭廷宇,5,0.86,1,规则抽取+标准实体映射+重复三元组去重,已规范化,R0624
SR1211,SE0195,气动力驱动变体,机构/执行系统,驱动,SE0046,单-双折叠翼,变形方式,翼变体和气动力驱动变体相较于已有变体方式的优势，单-双折叠翼变体在变展长,D4_单-双折叠翼变体飞行器总体设计研究_郭廷宇,50,0.86,2,规则抽取+标准实体映射+重复三元组去重,已规范化,R0616；R0846
SR1212,SE0195,气动力驱动变体,机构/执行系统,驱动,SE0051,变体过程,变形方式,了新的挑战。同时，作为气动力驱动变体的飞行器，变体过程中副翼等舵面偏转,D4_单-双折叠翼变体飞行器总体设计研究_郭廷宇,52,0.86,2,规则抽取+标准实体映射+重复三元组去重,已规范化,R0650；R0878
SR1213,SE0195,气动力驱动变体,机构/执行系统,驱动,SE0055,变展长技术,变形方式,翼变体和气动力驱动变体相较于已有变体方式的优势，单-双折叠翼变体在变展长,D4_单-双折叠翼变体飞行器总体设计研究_郭廷宇,50,0.86,1,规则抽取+标准实体映射+重复三元组去重,已规范化,R0617
SR1214,SE0195,气动力驱动变体,机构/执行系统,驱动,SE0291,气动力,性能指标,在双翼构型下的气动特性、变体过程中的气动特性以及气动力驱动变体的副翼特,D4_单-双折叠翼变体飞行器总体设计研究_郭廷宇,5,0.83,1,规则抽取+标准实体映射+重复三元组去重,已规范化,R0993
SR1215,SE0299,气动性能,性能指标,驱动,SE0051,变体过程,变形方式,在双翼构型下的气动特性、变体过程中的气动特性以及气动力驱动变体的副翼特,D4_单-双折叠翼变体飞行器总体设计研究_郭廷宇,5,0.83,1,规则抽取+标准实体映射+重复三元组去重,已规范化,R0994
SR1216,SE0299,气动性能,性能指标,驱动,SE0291,气动力,性能指标,在双翼构型下的气动特性、变体过程中的气动特性以及气动力驱动变体的副翼特,D4_单-双折叠翼变体飞行器总体设计研究_郭廷宇,5,0.83,1,规则抽取+标准实体映射+重复三元组去重,已规范化,R0999
SR1217,SE0299,气动性能,性能指标,驱动,SE0195,气动力驱动变体,机构/执行系统,在双翼构型下的气动特性、变体过程中的气动特性以及气动力驱动变体的副翼特,D4_单-双折叠翼变体飞行器总体设计研究_郭廷宇,5,0.83,1,规则抽取+标准实体映射+重复三元组去重,已规范化,R0998
SR1218,SE0163,活动机翼,结构部件,驱动,SE0254,升力,性能指标,来抵抗整个活动机翼的升力。此时，如图 3.7 所示，机翼旋转所需的驱动力矩,D4_单-双折叠翼变体飞行器总体设计研究_郭廷宇,49,0.83,1,规则抽取+标准实体映射+重复三元组去重,已规范化,R0957
SR1219,SE0163,活动机翼,结构部件,驱动,SE0088,单翼,气动布局,了两个活动机翼的固定。当机翼准备从单翼模式变为双翼模式时，电推杆驱动,D4_单-双折叠翼变体飞行器总体设计研究_郭廷宇,143,0.86,1,规则抽取+标准实体映射+重复三元组去重,已规范化,R0793
SR1220,SE0163,活动机翼,结构部件,驱动,SE0093,双翼,气动布局,了两个活动机翼的固定。当机翼准备从单翼模式变为双翼模式时，电推杆驱动,D4_单-双折叠翼变体飞行器总体设计研究_郭廷宇,143,0.86,1,规则抽取+标准实体映射+重复三元组去重,已规范化,R0794
SR1221,SE0440,ACADO,项目/机构,验证,SE0299,气动性能,性能指标,飞机其他设计参数不变的情况下 ，使用ACADO 计算飞机的气动性能随展弦,D4_单-双折叠翼变体飞行器总体设计研究_郭廷宇,37,0.92,1,规则抽取+标准实体映射+重复三元组去重,高置信通过,R0051
SR1222,SE0419,有限体积法,专业概念,验证,SE0402,RANS方程,研究方法,控制方程的离散方式采用有限体积法，湍流模,D3_跨域变构飞行器变形方案设计及气动特性分析_安英韬,3,0.92,1,规则抽取+标准实体映射+重复三元组去重,高置信通过,R0066
